{"1.0_1.0": 0.6467176311241966, "0.5_0.5": 0.7824007606236553}