{"1.0_1.0": 0.3807091769033349, "0.5_0.5": 0.31479942389024396}