{"1.0_1.0": 2.6989461926961926, "0.5_0.5": 2.2133935508935507}