{"1.0_1.0": {"0.1": 0.4630932462283699, "0.3": 0.5020260571955941, "0.7": 0.6215077597563057, "0.9": 0.7241600063443144, "1.0": 0.6918522441491546}, "0.5_0.5": {"0.1": 0.8039172265330142, "0.3": 0.7248316677086982, "0.7": 0.7924664373943753, "0.9": 0.8976884030600331, "1.0": 0.7814746829920034}}