{"0.5": 0.7834457339983085, "1.0": 0.7507803465978906, "0.0": 0.8993558909886474}