{"0.5": 0.6694671774584099, "1.0": 0.7802000563454975, "0.0": 0.9066389702281438}