{"0.5": 0.7809136833366398, "1.0": 0.6685754556536494, "0.0": 0.9105621885254256}