{"1.0_0.5": 0.5516716743014612, "1.0_1.0": 0.48483440426584684, "0.5_1.0": 0.630752741384682, "0.5_0.5": 0.6641764775464808}