{"0.5": 0.47959380741150925, "1.0": 0.4323506417280163, "0.0": 0.5855402846418517}