{"0.5": 0.49856613859730126, "1.0": 0.5422728961279284, "0.0": 0.5789397438209494}