{"1.0_0.5": 0.4152421014910273, "1.0_1.0": 0.35891096905623165, "0.5_1.0": 0.36773360596063276, "0.5_0.5": 0.45194293266887653}