{"0.5": 0.5448395471165225, "1.0": 0.5594497200849319, "0.0": 0.5914632821685148}