{"1.0_1.0": 0.44114310578423216, "0.5_0.5": 0.46083591431691484}