{"1.0_1.0": {"0.1": 0.423257067007067, "0.3": 0.3988514454062454, "0.7": 0.4589642918586206, "0.9": 0.5121654905649271, "1.0": 0.43746218463540193}, "0.5_0.5": {"0.1": 0.43455063455063453, "0.3": 0.38397208620886103, "0.7": 0.5167609332993622, "0.9": 0.45703200777227354, "1.0": 0.4738204965480548}}