{"1.0_1.0": 87.44444444444444, "0.5_0.5": 140.66666666666666}