{"1.0_1.0": 1.7444444444444445, "0.5_0.5": 2.4287037037037034}