{"1.0_1.0": 0.7736033961563199, "0.5_0.5": 0.7280913152877698}