{"table_not_in_database": {"existing_table_with_correct_name": 0.0, "existing_table_with_wrong_name": 0.44028776978417267, "new_table_with_correct_name": 0.418705035971223, "new_table_with_wrong_name": 0.1410071942446043}, "different_name_in_database": {"existing_table_with_correct_name": 0.7317073170731707, "existing_table_with_wrong_name": 0.056910569105691054, "new_table_with_correct_name": 0.0, "new_table_with_wrong_name": 0.21138211382113822}, "table_in_database": {"existing_table_with_correct_name": 0.8517985611510791, "existing_table_with_wrong_name": 0.08633093525179857, "new_table_with_correct_name": 0.0, "new_table_with_wrong_name": 0.0618705035971223}}