{"0.5": 228.7, "1.0": 207.93333333333334, "0.0": 184.96666666666667}