{"0.5": 0.2258948420426357, "1.0": 0.2540830299036716, "0.0": 0.25788432486294915}