{"1.0": 0.3107882209209895, "0.5": 0.20416871380547366, "0.0": 0.2673477258434215}