{"1.0": 0.9559110815866573, "0.5": 0.9658138584440485, "0.0": 0.964142191437235}