{"1.0": 0.6243054909152842, "0.5": 0.6464156322540858, "0.0": 0.7307223985296729}