{"1.0": 0.39142502226032827, "0.5": 0.28618022936908055, "0.0": 0.3270557925194149}