{"0.5": 2.308697691197691, "1.0": 1.9649478299478302, "0.0": 1.7381643356643357}