{"1.0": 0.6432997185130958, "0.5": 0.6352353201812856, "0.0": 0.7689147896783104}