{"1.0": 0.8666840402380769, "0.5": 0.9317078333659197, "0.0": 0.9078542541261891}