{"0.5": 0.7353814672159811, "1.0": 0.7012902633815432, "0.0": 0.8510907333399488}