{"1.0": 0.6847303511974043, "0.5": 0.7071668955457948, "0.0": 0.7989625832769234}