{"1.0": 0.7662830718873873, "0.5": 0.8160183073545244, "0.0": 0.8117509546123001}