{"1.0": 0.6568113776151289, "0.5": 0.6882327481208804, "0.0": 0.7922421614365088}