{"0.5": 0.4162046162964083, "1.0": 0.4057893128079814, "0.0": 0.3297648409036886}