{"1.0": 0.6381602279744223, "0.5": 0.629189812969847, "0.0": 0.7739042403809356}