{"0.5": {"0.1": 0.6789855992804379, "0.3": 0.6894283256678563, "0.7": 0.7699243583725861, "0.9": 0.7721444151882686, "1.0": 0.6967653529291716}, "1.0": {"0.1": 0.5871629145720186, "0.3": 0.6261628250952319, "0.7": 0.7436961668667533, "0.9": 0.7390727072852113, "1.0": 0.6866110339433235}, "0.0": {"0.1": 0.943585397604281, "0.3": 0.913109410596547, "0.7": 0.8717738827426371, "0.9": 0.8093186052604469, "1.0": 0.8341448751097509}}