{"0.5": {"0.1": 0.5842471035996177, "0.3": 0.6057427761247836, "0.7": 0.6300121672409428, "0.9": 0.6423755560743085, "1.0": 0.5846604090658138}, "1.0": {"0.1": 0.7170917513425825, "0.3": 0.6876435536557786, "0.7": 0.7718869842246041, "0.9": 0.7445665955638794, "1.0": 0.7182577531548826}, "0.0": {"0.1": 0.9233142763034068, "0.3": 0.878056807590029, "0.7": 0.8547690458082648, "0.9": 0.7653181657829261, "1.0": 0.8710805871294639}}