{"1.0": 0.2013016908025707, "0.5": 0.1612847963308527, "0.0": 0.26991703583414905}