{"1.0": 0.835669308008828, "0.5": 0.9027380151697678, "0.0": 0.8486602154263746}