{"1.0": 0.67793051191703, "0.5": 0.5696759804580799, "0.0": 0.780155982130634}