{"0.5": 385.06666666666666, "1.0": 283.23333333333335, "0.0": 208.46666666666667}