{"1.0": 0.676083222912647, "0.5": 0.577407184481878, "0.0": 0.7882920618692819}