{"1.0": 0.26085879475957124, "0.5": 0.22512474941371613, "0.0": 0.35228313179488663}