{"1.0": 0.6233813119546643, "0.5": 0.5199204811756803, "0.0": 0.7191008587379913}