{"1.0": 0.5957841191350396, "0.5": 0.454549796013962, "0.0": 0.7510100672624928}