{"0.5": 0.6106041190623922, "1.0": 0.7284765892634477, "0.0": 0.8437528396062854}