{"1.0": 0.5938723931066742, "0.5": 0.4540202582233077, "0.0": 0.7572589007007245}