{"0.5": 4.112796647796648, "1.0": 2.3457248307248304, "0.0": 2.0289513264513266}