{"0.5": 0.25135969425319327, "1.0": 0.25051197630920136, "0.0": 0.23409343455536916}