{"1.0": 0.958864597943167, "0.5": 0.9763081255936543, "0.0": 0.9226277344204283}