{"0.5": 0.4844535110037101, "1.0": 0.4407704914054725, "0.0": 0.2843558338840777}