{"1.0": 0.9558020973747775, "0.5": 0.9408223328966475, "0.0": 0.9677580465650046}