{"1.0": 0.6302368161089787, "0.5": 0.6917172152457304, "0.0": 0.8097021792706495}