{"1.0": 0.6110096096313202, "0.5": 0.6349757784983004, "0.0": 0.7844474234597713}