{"1.0": 0.4839380532004299, "0.5": 0.6222169580952005, "0.0": 0.7461421212434792}