{"1.0": 0.22906202908772472, "0.5": 0.18361520920945248, "0.0": 0.25261941102745505}