{"1.0_0.5": 0.5081250580942093, "1.0_1.0": 0.4463560678094245, "0.5_1.0": 0.5660844507061024, "0.5_0.5": 0.6033747803204939}