{"1.0": 0.9495910998980812, "0.5": 0.9783092673742172, "0.0": 0.9417396375214193}