{"1.0_0.5": 3.9288899988899986, "1.0_1.0": 3.2258169608169607, "0.5_1.0": 3.495419857919858, "0.5_0.5": 3.4470091020091025}