{"1.0": 0.8398877391271621, "0.5": 0.9251803843769174, "0.0": 0.8857394622638108}