{"0.5": 0.3563065954080797, "1.0": 0.4589080337521116, "0.0": 0.2656946367975254}