{"1.0": 0.6098872379776604, "0.5": 0.6326233230251394, "0.0": 0.7764501048595529}