{"0.5": 272.6666666666667, "1.0": 325.3333333333333, "0.0": 212.6}