{"1.0_0.5": 0.5971792366123826, "1.0_1.0": 0.5318420907271929, "0.5_1.0": 0.3996960959645336, "0.5_0.5": 0.47715644838941157}