{"0.5": 0.7420872815169862, "1.0": 0.6486117476314878, "0.0": 0.8681993832003235}