{"1.0": 0.613152824321413, "0.5": 0.6858268538006417, "0.0": 0.8045941383856927}