{"1.0": 0.24618996107317673, "0.5": 0.2421473594594143, "0.0": 0.3321280919290707}