{"1.0": 0.9383118900915283, "0.5": 0.9580431745548741, "0.0": 0.9617295828577265}