{"1.0_0.5": {"0.1": 0.5195471574562743, "0.3": 0.41719472837526084, "0.7": 0.5626325600893459, "0.9": 0.4998431258994432, "1.0": 0.5098119234175172}, "1.0_1.0": {"0.1": 0.37386120105646303, "0.3": 0.36865663146316324, "0.7": 0.41914966456200564, "0.9": 0.48133992893545546, "1.0": 0.4641709071656521}, "0.5_1.0": {"0.1": 0.4301833035385667, "0.3": 0.5233528440456682, "0.7": 0.6029950894935943, "0.9": 0.6506505375262769, "1.0": 0.5437075779578323}, "0.5_0.5": {"0.1": 0.5774504933125623, "0.3": 0.5740199860496856, "0.7": 0.6150709842078361, "0.9": 0.6092705828105841, "1.0": 0.5952338260680687}}