{"0.5": {"0.1": 0.7243163483886872, "0.3": 0.7311322603134024, "0.7": 0.792327878538908, "0.9": 0.6969785882506079, "1.0": 0.7283095479513343}, "1.0": {"0.1": 0.6211520027633779, "0.3": 0.6788472657314181, "0.7": 0.6984068877379093, "0.9": 0.5409599212843086, "1.0": 0.6442109796033962}, "0.0": {"0.1": 0.8665881455557052, "0.3": 0.8679553200549002, "0.7": 0.9020581872285897, "0.9": 0.8590738996149683, "1.0": 0.8536488316610565}}