{"0.5": 0.20980601091081377, "1.0": 0.24904439063265973, "0.0": 0.23357714981002775}