{"0.5": 2.9227924852924856, "1.0": 3.8779695304695303, "0.0": 1.9350688200688202}