{
    "table_not_in_database": {
        "existing_table_with_correct_name": 0.0,
        "existing_table_with_wrong_name": 0.16402877697841728,
        "new_table_with_correct_name": 0.7352517985611511,
        "new_table_with_wrong_name": 0.10071942446043165
    },
    "different_name_in_database": {
        "existing_table_with_correct_name": 0.5707317073170731,
        "existing_table_with_wrong_name": 0.04390243902439024,
        "new_table_with_correct_name": 0.0,
        "new_table_with_wrong_name": 0.3853658536585366
    },
    "table_in_database": {
        "existing_table_with_correct_name": 0.7928057553956834,
        "existing_table_with_wrong_name": 0.10503597122302158,
        "new_table_with_correct_name": 0.0,
        "new_table_with_wrong_name": 0.10215827338129496
    }
}