{"0.5": 0.571570599237589, "1.0": 0.45573107601460705, "0.0": 0.04933402384162595}