{"0.5": 259.73333333333335, "1.0": 142.46666666666667, "0.0": 55.4}