{"1.0": 0.6218620152414337, "0.5": 0.47734336733989274, "0.0": 0.9134156809037364}