{"0.5": 2.5209842934842936, "1.0": 1.6974852924852926, "0.0": 1.0}