{"1.0": 0.4867588023272705, "0.5": 0.3280760370122652, "0.0": 0.9085816925565949}