{"1.0": 0.7125034676534222, "0.5": 0.7405190426394029, "0.0": 0.8927706110222832}