{"1.0": 0.48822510904221256, "0.5": 0.3303590514759441, "0.0": 0.8927706110222832}