{"1.0": 0.6118873527738795, "0.5": 0.47549939500318505, "0.0": 0.913443986565877}