{"0.5": {"0.1": 0.4820710300641747, "0.3": 0.493923597209576, "0.7": 0.5438388784589523, "0.9": 0.5340608780601217, "1.0": 0.5186544033241048}, "1.0": {"0.1": 0.6701008118361284, "0.3": 0.6080753766194096, "0.7": 0.6934160150443737, "0.9": 0.6578550530871099, "1.0": 0.6968996969085132}, "0.0": {"0.1": 1.0, "0.3": 1.0, "0.7": 1.0, "0.9": 1.0, "1.0": 1.0}}