{"1.0": 0.9542007443194634, "0.5": 0.9867835439761237, "0.0": 0.9196421037680412}