{"0.5": 0.523142100834261, "1.0": 0.6653249278320627, "0.0": 1.0}