{"1.0": 0.553161803304721, "0.5": 0.4226742573360206, "0.0": 0.8927706110222832}