{"0.5": 0.5748204821983609, "1.0": 0.47178719953782927, "0.0": 0.04933402384162595}