{"0.5": 0.8530357065928879, "1.0": 0.8808050316871673, "0.0": 1.0}