{"1.0": 0.6300085746381795, "0.5": 0.6414130546358441, "0.0": 0.8927706110222832}