{"1.0": 0.6806797631046688, "0.5": 0.6697505398278377, "0.0": 0.9134156809037364}