{"0.5": 0.11541472839873329, "1.0": 0.24185274790312747, "0.0": 0.04933402384162595}