{"1.0": 0.6681083631198498, "0.5": 0.665412863464041, "0.0": 0.913443986565877}