{"1.0": 0.9811383972823094, "0.5": 0.9772444577578506, "0.0": 0.9196421037680412}