{"0.5": 74.03333333333333, "1.0": 46.06666666666667, "0.0": 55.4}