{"1.0": 0.5576404347732384, "0.5": 0.5223932199702022, "0.0": 0.8927706110222832}