{"0.5": 1.369612332112332, "1.0": 0.7166472416472417, "0.0": 1.0}