{"1.0": 0.9362324884329595, "0.5": 0.9505240140750009, "0.0": 0.8927706110222832}