{"0.5": {"0.1": 0.88, "0.3": 0.8207480495724543, "0.7": 0.8891317405833652, "0.9": 0.8506974245777629, "1.0": 0.8432334446366004}, "1.0": {"0.1": 0.9152777777777777, "0.3": 0.8944102005766904, "0.7": 0.9135999593333993, "0.9": 0.9072220091836299, "1.0": 0.841922512664304}, "0.0": {"0.1": 1.0, "0.3": 1.0, "0.7": 1.0, "0.9": 1.0, "1.0": 1.0}}