{"1.0": 0.5725788623518647, "0.5": 0.5390962642796072, "0.0": 0.9085816925565949}