{"0.5": 0.08147791343026747, "1.0": 0.14942561146822758, "0.0": 0.04933402384162595}