{"0.5": {"0.1": 0.7634228992370418, "0.3": 0.780001310782249, "0.7": 0.8196857299060026, "0.9": 0.8199924540459022, "1.0": 0.7970922198420195}, "1.0": {"0.1": 0.6488519757264641, "0.3": 0.6862547418657636, "0.7": 0.765980018063734, "0.9": 0.7659197127438118, "1.0": 0.7772951568357404}, "0.0": {"0.1": 0.9695241173392434, "0.3": 0.9224776950738345, "0.7": 0.9456292161998044, "0.9": 0.8901848889046192, "1.0": 0.9014007775924843}}