{"0.5": 147.7, "1.0": 184.33333333333334, "0.0": 165.96666666666667}