{"0.5": 0.800782445617095, "1.0": 0.7501519312823175, "0.0": 0.9142268670267771}