{"0.5": 0.37534158266357315, "1.0": 0.3243740866548074, "0.0": 0.25236515833068346}