{"0.5": 1.5646428571428572, "1.0": 2.0806746031746033, "0.0": 1.5398015873015871}