{"1.0_1.0": 0.5028513408560736, "1.0_0.0": 0.7483299605934005, "0.0_0.0": 0.8857506836203196, "0.0_1.0": 0.7603067415207758}