{"0.5": 297.23333333333335, "1.0": 221.86666666666667, "0.0": 202.1}