{"0.5": 3.361276778776778, "1.0": 2.2434926184926183, "0.0": 1.833833943833944}