{"0.5": 0.6867763805303374, "1.0": 0.7820077516724646, "0.0": 0.9091608749484618}