{"0.5": {"0.1": 0.7085823845944704, "0.3": 0.7034946604473439, "0.7": 0.7132554754509247, "0.9": 0.6907683508121253, "1.0": 0.6520230868417143}, "1.0": {"0.1": 0.6969306321265649, "0.3": 0.735142296575363, "0.7": 0.8261976755401164, "0.9": 0.7729487072130262, "1.0": 0.7681391077995793}, "0.0": {"0.1": 0.8582411645054666, "0.3": 0.9086661830915005, "0.7": 0.9195968719988508, "0.9": 0.94868652862611, "1.0": 0.9035354919878785}}