{"0.5": 0.33883300033003966, "1.0": 0.3143741380923384, "0.0": 0.20223613572712854}