{"0.5": 0.3001072446377309, "1.0": 0.3932265954139597, "0.0": 0.2119597804183361}