{"0.5": 2.8181127206127212, "1.0": 3.304944222444222, "0.0": 1.7081501831501833}