{"1.0_0.5": 0.5179073224405251, "1.0_1.0": 0.5589998037545497, "0.5_1.0": 0.40448347451511685, "0.5_0.5": 0.3613168236783336}