{"1.0_0.5": 0.5629930016370163, "1.0_1.0": 0.49510861803496287, "0.5_1.0": 0.6235927858411128, "0.5_0.5": 0.6778370339918663}