{"1.0_0.5": 3.488966588966589, "1.0_1.0": 2.7946264846264843, "0.5_1.0": 2.936537906537906, "0.5_0.5": 3.0691761016761014}