{"1.0_0.5": 250.8, "1.0_1.0": 182.16666666666666, "0.5_1.0": 224.16666666666666, "0.5_0.5": 268.56666666666666}