{"0.5": {"0.1": 0.7943578168907117, "0.3": 0.8279400375142952, "0.7": 0.8312289304644502, "0.9": 0.7844555825077487, "1.0": 0.8107219970746423}, "1.0": {"0.1": 0.704044015624898, "0.3": 0.8088866697676316, "0.7": 0.8078746828853139, "0.9": 0.7373304810420458, "1.0": 0.7051583130058378}, "0.0": {"0.1": 0.8275408952384319, "0.3": 0.9085150467501574, "0.7": 0.9412696181108253, "0.9": 0.9321568167570318, "1.0": 0.9168734364503298}}