{"1.0_0.5": {"0.1": 0.42660390226182243, "0.3": 0.5044480409446762, "0.7": 0.6080898280266247, "0.9": 0.534358084772151, "1.0": 0.5731064113102348}, "1.0_1.0": {"0.1": 0.3519030270041168, "0.3": 0.4410883746991565, "0.7": 0.44588453006475837, "0.9": 0.516824398538274, "1.0": 0.5591616708602725}, "0.5_1.0": {"0.1": 0.47187319692834395, "0.3": 0.5307540185947647, "0.7": 0.6491207291086681, "0.9": 0.6510605562836135, "1.0": 0.6429391411898931}, "0.5_0.5": {"0.1": 0.5829889693782883, "0.3": 0.6195824221794891, "0.7": 0.7142555467399364, "0.9": 0.7135139023975737, "1.0": 0.6661761927029458}}