{"0.5": 0.8022146668377302, "1.0": 0.742461533697981, "0.0": 0.9215691773353284}