{"wikidb_japans-top-100-waterfalls": {"GPT3_5": {}, "Llama3_not_finetuned": {"1.0": 0.6145211846703383, "0.5": 0.8051347978334414, "0.0": 0.9902998236331569}, "Llama3_finetuned": {"1.0": 0.6699094336512957, "0.5": 0.9252771815797026, "0.0": 0.6736549968167056}, "gold_standard": 1.0}, "wikidb_heaphy-sketchbook-no-2": {"GPT3_5": {}, "Llama3_not_finetuned": {"1.0": 1.0, "0.5": 0.8638610802125819, "0.0": 0.9304187192118227}, "Llama3_finetuned": {"1.0": 0.8136753565062389, "0.5": 0.9362355571743661, "0.0": 0.7492997198879552}, "gold_standard": 1.0}, "bird_student_club": {"GPT3_5": {}, "Llama3_not_finetuned": {"1.0": 0.9787434787434788, "0.5": 0.9796395320948892, "0.0": 1.0}, "Llama3_finetuned": {"1.0": 0.8373699569450019, "0.5": 0.971078431372549, "0.0": 0.9895833333333333}, "gold_standard": 1.0}, "bird_toxicology": {"GPT3_5": {}, "Llama3_not_finetuned": {"1.0": 0.9268410852713178, "0.5": 0.901063689217759, "0.0": 0.9257215007215007}, "Llama3_finetuned": {"1.0": 0.892183908045977, "0.5": 1.0, "0.0": 1.0}, "gold_standard": 1.0}, "wikidb_paz-domain-superfamily": {"GPT3_5": {}, "Llama3_not_finetuned": {"1.0": 0.7906397505671762, "0.5": 0.7358019577499343, "0.0": 0.838529731478612}, "Llama3_finetuned": {"1.0": 0.7175999000292353, "0.5": 0.7304690391147215, "0.0": 0.8130866951569777}, "gold_standard": 1.0}, "wikidb_rsga-gtpase-domain-protein-family": {"GPT3_5": {}, "Llama3_not_finetuned": {"1.0": 1.0, "0.5": 1.0, "0.0": 0.8752233534202843}, "Llama3_finetuned": {"1.0": 0.8700643925339762, "0.5": 0.9212298599651368, "0.0": 0.9664859147124595}, "gold_standard": 1.0}, "spider_chinook_1": {"GPT3_5": {}, "Llama3_not_finetuned": {"1.0": 0.9581638171032111, "0.5": 0.9764069264069264, "0.0": 0.9872950282041191}, "Llama3_finetuned": {"1.0": 0.9741381345926802, "0.5": 1.0, "0.0": 1.0}, "gold_standard": 1.0}, "spider_swimming": {"GPT3_5": {}, "Llama3_not_finetuned": {"1.0": 0.6407670454545454, "0.5": 0.9403409090909091, "0.0": 0.9580039525691699}, "Llama3_finetuned": {"1.0": 0.9593045843045843, "0.5": 1.0667929292929292, "0.0": 1.053409090909091}, "gold_standard": 1.0}, "spider_company_office": {"GPT3_5": {}, "Llama3_not_finetuned": {"1.0": 0.7434981983369081, "0.5": 0.9127649440342939, "0.0": 0.985475172975173}, "Llama3_finetuned": {"1.0": 0.9514601139601139, "0.5": 0.9687253992352677, "0.0": 0.9934640522875817}, "gold_standard": 1.0}, "spider_theme_gallery": {"GPT3_5": {}, "Llama3_not_finetuned": {"1.0": 0.9280303030303031, "0.5": 0.9444444444444445, "0.0": 0.9676190476190477}, "Llama3_finetuned": {"1.0": 0.9583333333333334, "0.5": 1.0, "0.0": 1.0}, "gold_standard": 1.0}, "bird_thrombosis_prediction": {"GPT3_5": {}, "Llama3_not_finetuned": {"1.0": 0.77913011609134, "0.5": 0.8978901106415448, "0.0": 0.978186266611314}, "Llama3_finetuned": {"1.0": 0.731489193923124, "0.5": 0.9702325153938057, "0.0": 0.9683821905070151}, "gold_standard": 1.0}, "bird_debit_card_specializing": {"GPT3_5": {}, "Llama3_not_finetuned": {"1.0": 0.972138680033417, "0.5": 0.9964912280701753, "0.0": 0.9765488215488215}, "Llama3_finetuned": {"1.0": 0.9746041165004012, "0.5": 0.9692488164856586, "0.0": 0.965140415140415}, "gold_standard": 1.0}, "bird_card_games": {"GPT3_5": {}, "Llama3_not_finetuned": {"1.0": 0.9444219174256886, "0.5": 0.9751786347922179, "0.0": 0.9593909732361706}, "Llama3_finetuned": {"1.0": 0.7692532332471236, "0.5": 0.8322265695895845, "0.0": 0.810140029109584}, "gold_standard": 1.0}, "bird_codebase_community": {"GPT3_5": {}, "Llama3_not_finetuned": {"1.0": 0.8961964994331065, "0.5": 0.907833167989418, "0.0": 0.9757934123168498}, "Llama3_finetuned": {"1.0": 0.9352678571428572, "0.5": 0.9565369897959184, "0.0": 0.99609375}, "gold_standard": 1.0}, "bird_formula_1": {"GPT3_5": {}, "Llama3_not_finetuned": {"1.0": 0.805723019264686, "0.5": 0.8901785714285714, "0.0": 0.9375857048933972}, "Llama3_finetuned": {"1.0": 0.817213837749552, "0.5": 0.9407432844932846, "0.0": 0.9891941391941391}, "gold_standard": 1.0}, "spider_candidate_poll": {"GPT3_5": {}, "Llama3_not_finetuned": {"1.0": 1.0, "0.5": 0.9327651515151516, "0.0": 0.9833333333333334}, "Llama3_finetuned": {"1.0": 0.9416666666666667, "0.5": 0.9444444444444444, "0.0": 1.0}, "gold_standard": 1.0}, "spider_decoration_competition": {"GPT3_5": {}, "Llama3_not_finetuned": {"1.0": 0.8680555555555555, "0.5": 0.8474025974025974, "0.0": 1.0}, "Llama3_finetuned": {"1.0": 0.9444444444444445, "0.5": 0.8756944444444444, "0.0": 0.9}, "gold_standard": 1.0}, "wikidb_peptidase-u32-collagenase-family": {"GPT3_5": {}, "Llama3_not_finetuned": {"1.0": 0.7340089103005124, "0.5": 0.7990047928292897, "0.0": 0.8187719470891089}, "Llama3_finetuned": {"1.0": 0.6028042525668241, "0.5": 0.8172212095896306, "0.0": 0.6791368491582478}, "gold_standard": 1.0}, "spider_entrepreneur": {"GPT3_5": {}, "Llama3_not_finetuned": {"1.0": 0.6857142857142857, "0.5": 0.8271428571428572, "0.0": 0.842857142857143}, "Llama3_finetuned": {"1.0": 0.8715384615384616, "0.5": 0.95, "0.0": 0.8871428571428572}, "gold_standard": 1.0}, "spider_soccer_2": {"GPT3_5": {}, "Llama3_not_finetuned": {"1.0": 0.875, "0.5": 0.7728736541236542, "0.0": 0.7214285714285714}, "Llama3_finetuned": {"1.0": 0.9761904761904763, "0.5": 0.9761904761904763, "0.0": 0.9603174603174603}, "gold_standard": 1.0}, "wikidb_tammerkoski": {"GPT3_5": {}, "Llama3_not_finetuned": {"1.0": 0.7789661319073085, "0.5": 0.6939691027926322, "0.0": 0.7027513336336866}, "Llama3_finetuned": {"1.0": 0.8304604486422669, "0.5": 0.8106893106893107, "0.0": 0.6628480996128054}, "gold_standard": 1.0}, "bird_superhero": {"GPT3_5": {}, "Llama3_not_finetuned": {"1.0": 0.5946984590057345, "0.5": 0.7381898656898657, "0.0": 0.9166666666666666}, "Llama3_finetuned": {"1.0": 0.8807286634460547, "0.5": 0.9491666666666667, "0.0": 0.925684476342371}, "gold_standard": 1.0}, "wikidb_novelette": {"GPT3_5": {}, "Llama3_not_finetuned": {"1.0": 0.8197278231068194, "0.5": 0.8561421307193366, "0.0": 0.9041911456814895}, "Llama3_finetuned": {"1.0": 0.7419140122695872, "0.5": 0.8933464595198005, "0.0": 0.7849611003635832}, "gold_standard": 1.0}, "bird_california_schools": {"GPT3_5": {}, "Llama3_not_finetuned": {"1.0": 0.9536242946632086, "0.5": 0.9838725056777795, "0.0": 0.9803455000807219}, "Llama3_finetuned": {"1.0": 0.8580985852326855, "0.5": 0.962844861327789, "0.0": 0.996895937058209}, "gold_standard": 1.0}, "wikidb_chemotaxis-methyl-accepting-receptor-tar-related-ligand-binding-domain-protein-family": {"GPT3_5": {}, "Llama3_not_finetuned": {"1.0": 1.0, "0.5": 0.8974720785750198, "0.0": 0.9324846184720134}, "Llama3_finetuned": {"1.0": 0.9324410195312723, "0.5": 0.9468355696004265, "0.0": 0.9411800889742067}, "gold_standard": 1.0}, "wikidb_alpha-defensins": {"GPT3_5": {}, "Llama3_not_finetuned": {"1.0": 0.9041005291005291, "0.5": 1.0, "0.0": 1.0}, "Llama3_finetuned": {"1.0": 0.8846459096459096, "0.5": 0.9759259259259259, "0.0": 0.8573005698005699}, "gold_standard": 1.0}, "wikidb_burial-vault": {"GPT3_5": {}, "Llama3_not_finetuned": {"1.0": 0.75, "0.5": 0.75, "0.0": 0.75}, "Llama3_finetuned": {"1.0": 0.75, "0.5": 0.75, "0.0": 0.75}, "gold_standard": 1.0}, "bird_financial": {"GPT3_5": {}, "Llama3_not_finetuned": {"1.0": 0.8992782304501055, "0.5": 0.8500274373835228, "0.0": 0.9700007891414142}, "Llama3_finetuned": {"1.0": 0.9137209145021645, "0.5": 0.9358727098794064, "0.0": 0.9815476190476191}, "gold_standard": 1.0}, "bird_european_football_2": {"GPT3_5": {}, "Llama3_not_finetuned": {"1.0": 1.0, "0.5": 1.0, "0.0": 1.0}, "Llama3_finetuned": {"1.0": 1.0, "0.5": 1.0, "0.0": 0.9406782389124891}, "gold_standard": 1.0}, "spider_workshop_paper": {"GPT3_5": {}, "Llama3_not_finetuned": {"1.0": 1.0212418300653594, "0.5": 0.9403409090909092, "0.0": 0.9520833333333334}, "Llama3_finetuned": {"1.0": 1.0, "0.5": 0.9742063492063492, "0.0": 1.0}, "gold_standard": 1.0}}