{"wikidb_japans-top-100-waterfalls": {"GPT3_5": {}, "Llama3_not_finetuned": {"1.0": 0.23170210270085662, "0.5": 0.1852761485447921, "0.0": 0.2617833189062358}, "Llama3_finetuned": {"1.0": 0.3993271151509337, "0.5": 0.29699371876580233, "0.0": 0.513384134234687}, "gold_standard": 1.0}, "wikidb_heaphy-sketchbook-no-2": {"GPT3_5": {}, "Llama3_not_finetuned": {"1.0": 0.3494293846570886, "0.5": 0.5716593154080484, "0.0": 0.5979981600970905}, "Llama3_finetuned": {"1.0": 0.4931703151480028, "0.5": 0.7634221673904478, "0.0": 0.4920840167898992}, "gold_standard": 1.0}, "bird_student_club": {"GPT3_5": {}, "Llama3_not_finetuned": {"1.0": 0.8582805494112533, "0.5": 0.8000722315407606, "0.0": 0.9200768768201175}, "Llama3_finetuned": {"1.0": 0.7913541773571977, "0.5": 0.8083232511558225, "0.0": 0.9006235729105362}, "gold_standard": 1.0}, "bird_toxicology": {"GPT3_5": {}, "Llama3_not_finetuned": {"1.0": 0.4365750970084564, "0.5": 0.5772298741294999, "0.0": 0.6931562919941705}, "Llama3_finetuned": {"1.0": 0.6707999700104963, "0.5": 0.6185085269856647, "0.0": 0.8346958666507538}, "gold_standard": 1.0}, "wikidb_paz-domain-superfamily": {"GPT3_5": {}, "Llama3_not_finetuned": {"1.0": 0.49542448907142883, "0.5": 0.4195078290855617, "0.0": 0.6120403922292702}, "Llama3_finetuned": {"1.0": 0.5252768981278296, "0.5": 0.5216150606327963, "0.0": 0.6799057992948188}, "gold_standard": 1.0}, "wikidb_rsga-gtpase-domain-protein-family": {"GPT3_5": {}, "Llama3_not_finetuned": {"1.0": 0.6142247914109172, "0.5": 0.5333031637814388, "0.0": 0.5742396562198252}, "Llama3_finetuned": {"1.0": 0.7746804901922376, "0.5": 0.7948351983679336, "0.0": 0.7858630694561027}, "gold_standard": 1.0}, "spider_chinook_1": {"GPT3_5": {}, "Llama3_not_finetuned": {"1.0": 0.8678594782957294, "0.5": 0.8255918713574215, "0.0": 0.928530111568389}, "Llama3_finetuned": {"1.0": 0.6907417126035195, "0.5": 0.7237598240539417, "0.0": 0.9208791208791208}, "gold_standard": 1.0}, "spider_swimming": {"GPT3_5": {}, "Llama3_not_finetuned": {"1.0": 0.512606251294397, "0.5": 0.5741009403328218, "0.0": 0.73724851050278}, "Llama3_finetuned": {"1.0": 0.6753076193672168, "0.5": 0.7505713241007359, "0.0": 0.9074796881862099}, "gold_standard": 1.0}, "spider_company_office": {"GPT3_5": {}, "Llama3_not_finetuned": {"1.0": 0.5485557637135838, "0.5": 0.6375557224760143, "0.0": 0.901417748883793}, "Llama3_finetuned": {"1.0": 0.8623002202308138, "0.5": 0.8526079976664772, "0.0": 0.978114478114478}, "gold_standard": 1.0}, "spider_theme_gallery": {"GPT3_5": {}, "Llama3_not_finetuned": {"1.0": 0.6012226843599393, "0.5": 0.6291582491582491, "0.0": 0.6551034151034151}, "Llama3_finetuned": {"1.0": 0.8347892720306512, "0.5": 0.9381818181818181, "0.0": 1.0}, "gold_standard": 1.0}, "bird_thrombosis_prediction": {"GPT3_5": {}, "Llama3_not_finetuned": {"1.0": 0.6056703676128449, "0.5": 0.5869434987453369, "0.0": 0.7919057931390946}, "Llama3_finetuned": {"1.0": 0.6462034066766656, "0.5": 0.7296969167957559, "0.0": 0.9242283016455984}, "gold_standard": 1.0}, "bird_debit_card_specializing": {"GPT3_5": {}, "Llama3_not_finetuned": {"1.0": 0.9112045969697181, "0.5": 0.7818402653943519, "0.0": 0.8941924477717945}, "Llama3_finetuned": {"1.0": 0.9293879303316203, "0.5": 0.9245098962985141, "0.0": 0.922813516922653}, "gold_standard": 1.0}, "bird_card_games": {"GPT3_5": {}, "Llama3_not_finetuned": {"1.0": 0.653900559428768, "0.5": 0.5831802371102354, "0.0": 0.7311701958485848}, "Llama3_finetuned": {"1.0": 0.4763763115032064, "0.5": 0.6049201826418616, "0.0": 0.572768456988343}, "gold_standard": 1.0}, "bird_codebase_community": {"GPT3_5": {}, "Llama3_not_finetuned": {"1.0": 0.7640575289459217, "0.5": 0.7229545069128402, "0.0": 0.7832653552486337}, "Llama3_finetuned": {"1.0": 0.6712215190563405, "0.5": 0.663416467240872, "0.0": 0.7925314028178612}, "gold_standard": 1.0}, "bird_formula_1": {"GPT3_5": {}, "Llama3_not_finetuned": {"1.0": 0.6297322408186107, "0.5": 0.5321927004289372, "0.0": 0.8081235717246276}, "Llama3_finetuned": {"1.0": 0.6619470742640658, "0.5": 0.664999021633637, "0.0": 0.8485891126916768}, "gold_standard": 1.0}, "spider_candidate_poll": {"GPT3_5": {}, "Llama3_not_finetuned": {"1.0": 0.6161844011108717, "0.5": 0.5643207282913165, "0.0": 0.9186901913875598}, "Llama3_finetuned": {"1.0": 0.7922329497987393, "0.5": 0.7303571428571429, "0.0": 0.9545454545454546}, "gold_standard": 1.0}, "spider_decoration_competition": {"GPT3_5": {}, "Llama3_not_finetuned": {"1.0": 0.5301968864468866, "0.5": 0.44682444748234224, "0.0": 0.7106768503827326}, "Llama3_finetuned": {"1.0": 0.8689906584643428, "0.5": 0.7865655299865826, "0.0": 0.8398148148148148}, "gold_standard": 1.0}, "wikidb_peptidase-u32-collagenase-family": {"GPT3_5": {}, "Llama3_not_finetuned": {"1.0": 0.49350102351948893, "0.5": 0.48937093252418207, "0.0": 0.5469240397463452}, "Llama3_finetuned": {"1.0": 0.5223306347424395, "0.5": 0.5527436846316572, "0.0": 0.6472863811571242}, "gold_standard": 1.0}, "spider_entrepreneur": {"GPT3_5": {}, "Llama3_not_finetuned": {"1.0": 0.7875867991657465, "0.5": 0.7422510822510822, "0.0": 0.8408225108225108}, "Llama3_finetuned": {"1.0": 0.6698881819934451, "0.5": 0.9233333333333333, "0.0": 0.9016161616161616}, "gold_standard": 1.0}, "spider_soccer_2": {"GPT3_5": {}, "Llama3_not_finetuned": {"1.0": 0.8452380952380952, "0.5": 0.6141981227120547, "0.0": 0.7770077145077146}, "Llama3_finetuned": {"1.0": 0.9205128205128205, "0.5": 0.8788461538461538, "0.0": 0.8658119658119658}, "gold_standard": 1.0}, "wikidb_tammerkoski": {"GPT3_5": {}, "Llama3_not_finetuned": {"1.0": 0.4350225585477886, "0.5": 0.4086045443358096, "0.0": 0.5532788622844141}, "Llama3_finetuned": {"1.0": 0.5595188869183532, "0.5": 0.5697579532106918, "0.0": 0.5949045220213087}, "gold_standard": 1.0}, "bird_superhero": {"GPT3_5": {}, "Llama3_not_finetuned": {"1.0": 0.4115356065343835, "0.5": 0.3856353465547329, "0.0": 0.6496561134096541}, "Llama3_finetuned": {"1.0": 0.6622589599676557, "0.5": 0.7510187744688519, "0.0": 0.8854806766131631}, "gold_standard": 1.0}, "wikidb_novelette": {"GPT3_5": {}, "Llama3_not_finetuned": {"1.0": 0.3999844385116529, "0.5": 0.4046313287990697, "0.0": 0.5157997037118218}, "Llama3_finetuned": {"1.0": 0.507742747392564, "0.5": 0.476355306633696, "0.0": 0.6338759961699378}, "gold_standard": 1.0}, "bird_california_schools": {"GPT3_5": {}, "Llama3_not_finetuned": {"1.0": 0.5362710359623725, "0.5": 0.48636623527072503, "0.0": 0.7412564697723062}, "Llama3_finetuned": {"1.0": 0.6265933825893407, "0.5": 0.665095370768403, "0.0": 0.9010653121232172}, "gold_standard": 1.0}, "wikidb_chemotaxis-methyl-accepting-receptor-tar-related-ligand-binding-domain-protein-family": {"GPT3_5": {}, "Llama3_not_finetuned": {"1.0": 0.5924357686033814, "0.5": 0.5386312352567325, "0.0": 0.6769206246871673}, "Llama3_finetuned": {"1.0": 0.7486581508241731, "0.5": 0.7373849605907635, "0.0": 0.8734443274346511}, "gold_standard": 1.0}, "wikidb_alpha-defensins": {"GPT3_5": {}, "Llama3_not_finetuned": {"1.0": 0.5724809269853178, "0.5": 0.5545375772206435, "0.0": 0.6722118309551567}, "Llama3_finetuned": {"1.0": 0.6804925282038622, "0.5": 0.7002931477179917, "0.0": 0.8349745089218774}, "gold_standard": 1.0}, "wikidb_burial-vault": {"GPT3_5": {}, "Llama3_not_finetuned": {"1.0": 0.1366210736215506, "0.5": 0.15649544930496215, "0.0": 0.21027504404460653}, "Llama3_finetuned": {"1.0": 0.16891099047218355, "0.5": 0.17489796700315918, "0.0": 0.21851951923342672}, "gold_standard": 1.0}, "bird_financial": {"GPT3_5": {}, "Llama3_not_finetuned": {"1.0": 0.6118605872787091, "0.5": 0.5990472209782589, "0.0": 0.8536523053764187}, "Llama3_finetuned": {"1.0": 0.6318002659955062, "0.5": 0.8251374832196191, "0.0": 0.9440046312887542}, "gold_standard": 1.0}, "bird_european_football_2": {"GPT3_5": {}, "Llama3_not_finetuned": {"1.0": 0.2880477425993701, "0.5": 0.3465069567116949, "0.0": 0.5642906980722134}, "Llama3_finetuned": {"1.0": 0.2762151337429502, "0.5": 0.3534672230792473, "0.0": 0.7419654473739253}, "gold_standard": 1.0},