{"wikidb_japans-top-100-waterfalls": {"GPT3_5": {}, "Llama3_not_finetuned": {"1.0": 0.25271787960467207, "0.5": 0.21406975937868386, "0.0": 0.2788191678992681}, "Llama3_finetuned": {"1.0": 0.31608919832604043, "0.5": 0.24316499661551094, "0.0": 0.41084147334147336}, "gold_standard": 1.0}, "wikidb_heaphy-sketchbook-no-2": {"GPT3_5": {}, "Llama3_not_finetuned": {"1.0": 0.37037037037037035, "0.5": 0.7783783783783783, "0.0": 0.8333333333333333}, "Llama3_finetuned": {"1.0": 0.39999999999999997, "0.5": 0.8421052631578947, "0.0": 0.6428571428571429}, "gold_standard": 1.0}, "bird_student_club": {"GPT3_5": {}, "Llama3_not_finetuned": {"1.0": 0.9059815546772068, "0.5": 0.9794466403162054, "0.0": 0.942415458937198}, "Llama3_finetuned": {"1.0": 0.7973968039185431, "0.5": 0.7869151138716355, "0.0": 0.7506829088224437}, "gold_standard": 1.0}, "bird_toxicology": {"GPT3_5": {}, "Llama3_not_finetuned": {"1.0": NaN, "0.5": NaN, "0.0": NaN}, "Llama3_finetuned": {"1.0": NaN, "0.5": NaN, "0.0": NaN}, "gold_standard": NaN}, "wikidb_paz-domain-superfamily": {"GPT3_5": {}, "Llama3_not_finetuned": {"1.0": NaN, "0.5": NaN, "0.0": NaN}, "Llama3_finetuned": {"1.0": NaN, "0.5": NaN, "0.0": NaN}, "gold_standard": NaN}, "wikidb_rsga-gtpase-domain-protein-family": {"GPT3_5": {}, "Llama3_not_finetuned": {"1.0": NaN, "0.5": NaN, "0.0": NaN}, "Llama3_finetuned": {"1.0": NaN, "0.5": NaN, "0.0": NaN}, "gold_standard": NaN}, "spider_chinook_1": {"GPT3_5": {}, "Llama3_not_finetuned": {"1.0": 0.8725003496675324, "0.5": 0.8499717916856352, "0.0": 0.9530994277234879}, "Llama3_finetuned": {"1.0": 0.7051603563766323, "0.5": 0.7276297261858758, "0.0": 0.9208791208791208}, "gold_standard": 1.0}, "spider_swimming": {"GPT3_5": {}, "Llama3_not_finetuned": {"1.0": 0.4695666674832233, "0.5": 0.5423565970779594, "0.0": 0.7205346475507766}, "Llama3_finetuned": {"1.0": 0.7297205116864558, "0.5": 0.7641117052881758, "0.0": 0.9029973649538867}, "gold_standard": 1.0}, "spider_company_office": {"GPT3_5": {}, "Llama3_not_finetuned": {"1.0": 0.5482702438842573, "0.5": 0.6506161841634227, "0.0": 0.9086823052272966}, "Llama3_finetuned": {"1.0": 0.8688392546151166, "0.5": 0.8262937636329449, "0.0": 0.978114478114478}, "gold_standard": 1.0}, "spider_theme_gallery": {"GPT3_5": {}, "Llama3_not_finetuned": {"1.0": 0.5917359873242226, "0.5": 0.5928571428571429, "0.0": 0.6697330447330447}, "Llama3_finetuned": {"1.0": 0.8249808429118772, "0.5": 0.9343434343434344, "0.0": 1.0}, "gold_standard": 1.0}, "bird_thrombosis_prediction": {"GPT3_5": {}, "Llama3_not_finetuned": {"1.0": 0.6976486003870095, "0.5": 0.556786185465156, "0.0": 0.8577226550464677}, "Llama3_finetuned": {"1.0": 0.7194844707707947, "0.5": 0.754780126227521, "0.0": 0.9691668047476102}, "gold_standard": 1.0}, "bird_debit_card_specializing": {"GPT3_5": {}, "Llama3_not_finetuned": {"1.0": 0.9565297471861317, "0.5": 0.8256770984255771, "0.0": 0.9053143003276402}, "Llama3_finetuned": {"1.0": 0.9330464459496717, "0.5": 0.9142314174457032, "0.0": 0.8668207177508542}, "gold_standard": 1.0}, "bird_card_games": {"GPT3_5": {}, "Llama3_not_finetuned": {"1.0": 0.7224979244737032, "0.5": 0.6484383969206778, "0.0": 0.7606888712957808}, "Llama3_finetuned": {"1.0": 0.5572747708690095, "0.5": 0.6429890881388872, "0.0": 0.5517682368022505}, "gold_standard": 1.0}, "bird_codebase_community": {"GPT3_5": {}, "Llama3_not_finetuned": {"1.0": 0.7273871906312382, "0.5": 0.6626148157398157, "0.0": 0.7796593655694533}, "Llama3_finetuned": {"1.0": 0.6367692492692493, "0.5": 0.6273534886630124, "0.0": 0.7946744227994228}, "gold_standard": 1.0}, "bird_formula_1": {"GPT3_5": {}, "Llama3_not_finetuned": {"1.0": 0.6888637715560791, "0.5": 0.5372565752373444, "0.0": 0.8511319458152038}, "Llama3_finetuned": {"1.0": 0.6775624176481524, "0.5": 0.6648587772626233, "0.0": 0.8553860059354566}, "gold_standard": 1.0}, "spider_candidate_poll": {"GPT3_5": {}, "Llama3_not_finetuned": {"1.0": 0.5823921448921449, "0.5": 0.5407563025210084, "0.0": 0.9249401913875599}, "Llama3_finetuned": {"1.0": 0.7165122401964505, "0.5": 0.6367724867724868, "0.0": 0.9545454545454546}, "gold_standard": 1.0}, "spider_decoration_competition": {"GPT3_5": {}, "Llama3_not_finetuned": {"1.0": 0.5164021164021164, "0.5": 0.451755862720775, "0.0": 0.7126239773298596}, "Llama3_finetuned": {"1.0": 0.9259259259259259, "0.5": 0.7625249993671046, "0.0": 0.8148148148148149}, "gold_standard": 1.0}, "wikidb_peptidase-u32-collagenase-family": {"GPT3_5": {}, "Llama3_not_finetuned": {"1.0": NaN, "0.5": NaN, "0.0": NaN}, "Llama3_finetuned": {"1.0": NaN, "0.5": NaN, "0.0": NaN}, "gold_standard": NaN}, "spider_entrepreneur": {"GPT3_5": {}, "Llama3_not_finetuned": {"1.0": 0.7757575757575759, "0.5": 0.6676406926406926, "0.0": 0.9038961038961039}, "Llama3_finetuned": {"1.0": 0.6969646338067391, "0.5": 0.9388888888888889, "0.0": 0.8878787878787879}, "gold_standard": 1.0}, "spider_soccer_2": {"GPT3_5": {}, "Llama3_not_finetuned": {"1.0": 0.8333333333333334, "0.5": 0.6205128205128205, "0.0": 0.8333333333333334}, "Llama3_finetuned": {"1.0": 0.9205128205128205, "0.5": 0.9205128205128205, "0.0": 0.8555555555555555}, "gold_standard": 1.0}, "wikidb_tammerkoski": {"GPT3_5": {}, "Llama3_not_finetuned": {"1.0": NaN, "0.5": NaN, "0.0": NaN}, "Llama3_finetuned": {"1.0": NaN, "0.5": NaN, "0.0": NaN}, "gold_standard": NaN}, "bird_superhero": {"GPT3_5": {}, "Llama3_not_finetuned": {"1.0": 0.3694989674068621, "0.5": 0.3655376572623212, "0.0": 0.6355971698123072}, "Llama3_finetuned": {"1.0": 0.6729493981503406, "0.5": 0.759188965059708, "0.0": 0.850671295794345}, "gold_standard": 1.0}, "wikidb_novelette": {"GPT3_5": {}, "Llama3_not_finetuned": {"1.0": 0.5164442864957739, "0.5": 0.43980086580086575, "0.0": 0.5927401581863825}, "Llama3_finetuned": {"1.0": 0.48302857960293055, "0.5": 0.5179492195991479, "0.0": 0.6376315789473683}, "gold_standard": 1.0}, "bird_california_schools": {"GPT3_5": {}, "Llama3_not_finetuned": {"1.0": 0.5019899031720145, "0.5": 0.4578300566074954, "0.0": 0.8075504170044326}, "Llama3_finetuned": {"1.0": 0.5901420367601844, "0.5": 0.698141906321383, "0.0": 0.9436332391953944}, "gold_standard": 1.0}, "wikidb_chemotaxis-methyl-accepting-receptor-tar-related-ligand-binding-domain-protein-family": {"GPT3_5": {}, "Llama3_not_finetuned": {"1.0": NaN, "0.5": NaN, "0.0": NaN}, "Llama3_finetuned": {"1.0": NaN, "0.5": NaN, "0.0": NaN}, "gold_standard": NaN}, "wikidb_alpha-defensins": {"GPT3_5": {}, "Llama3_not_finetuned": {"1.0": NaN, "0.5": NaN, "0.0": NaN}, "Llama3_finetuned": {"1.0": NaN, "0.5": NaN, "0.0": NaN}, "gold_standard": NaN}, "wikidb_burial-vault": {"GPT3_5": {}, "Llama3_not_finetuned": {"1.0": 0.10096153846153846, "0.5": 0.09060846560846561, "0.0": 0.14297385620915032}, "Llama3_finetuned": {"1.0": 0.039999999999999994, "0.5": 0.0912442396313364, "0.0": 0.13701201201201202}, "gold_standard": 1.0}, "bird_financial": {"GPT3_5": {}, "Llama3_not_finetuned": {"1.0": 0.6202909766913376, "0.5": 0.5869609405547116, "0.0": 0.8498466026726896}, "Llama3_finetuned": {"1.0": 0.6203845651532924, "0.5": 0.7817103010359168, "0.0": 0.9296660376237036}, "gold_standard": 1.0}, "bird_european_football_2": {"GPT3_5": {}, "Llama3_not_finetuned": {"1.0": 0.3013789804557164, "0.5": 0.34321523457286623, "0.0": 0.574606180740192}, "Llama3_finetuned": {"1.0": 0.22754817347412826, "0.5": 0.3220472707787128, "0.0": 0.7272924364498232}, "gold_standard": 1.0}, "spider_workshop_paper": {"GPT3_5": {}, "Llama3_not_finetuned": {"1.0": 0.6853919310059661, "0.5": 0.6721204721204721, "0.0": 0.707884272590155}, "Llama3_finetuned": {"1.0": 0.9696969696969697, "0.5": 0.8888370888370888, "0.0": 0.8207565854624678}, "gold_standard": 1.0}}