{"wikidb_japans-top-100-waterfalls": {"GPT3_5": {}, "Llama3_not_finetuned": {"1.0": 0.3631571371534023, "0.5": 0.24301971630403, "0.0": 0.28148747714574046}, "Llama3_finetuned": {"1.0": 0.36522218314935395, "0.5": 0.22877636464237772, "0.0": 0.47271119446656323}, "gold_standard": 1.0}, "wikidb_heaphy-sketchbook-no-2": {"GPT3_5": {}, "Llama3_not_finetuned": {"1.0": 0.2659242059396858, "0.5": 0.5814413484692121, "0.0": 0.5859993120055039}, "Llama3_finetuned": {"1.0": 0.394192179795895, "0.5": 0.6787782364407751, "0.0": 0.40196078431372545}, "gold_standard": 1.0}, "bird_student_club": {"GPT3_5": {}, "Llama3_not_finetuned": {"1.0": 0.8134912045626331, "0.5": 0.7341674611763896, "0.0": 0.8762276248883392}, "Llama3_finetuned": {"1.0": 0.8256117724867724, "0.5": 0.7466113086648801, "0.0": 0.9243970315398886}, "gold_standard": 1.0}, "bird_toxicology": {"GPT3_5": {}, "Llama3_not_finetuned": {"1.0": 0.5016666666666667, "0.5": 0.5733333333333334, "0.0": 0.6983333333333334}, "Llama3_finetuned": {"1.0": 0.6966666666666667, "0.5": 0.515, "0.0": 0.84}, "gold_standard": 1.0}, "wikidb_paz-domain-superfamily": {"GPT3_5": {}, "Llama3_not_finetuned": {"1.0": 0.4483688930117502, "0.5": 0.3858843537414966, "0.0": 0.5786487322201609}, "Llama3_finetuned": {"1.0": 0.5059833024118737, "0.5": 0.469743351886209, "0.0": 0.6537414965986394}, "gold_standard": 1.0}, "wikidb_rsga-gtpase-domain-protein-family": {"GPT3_5": {}, "Llama3_not_finetuned": {"1.0": 0.5231864095500459, "0.5": 0.46137070000706365, "0.0": 0.563828847919757}, "Llama3_finetuned": {"1.0": 0.7421152080242989, "0.5": 0.744693437875256, "0.0": 0.7532669350851169}, "gold_standard": 1.0}, "spider_chinook_1": {"GPT3_5": {}, "Llama3_not_finetuned": {"1.0": 0.8239964580873671, "0.5": 0.7693045170317898, "0.0": 0.894935647965951}, "Llama3_finetuned": {"1.0": 0.5821792965732359, "0.5": 0.5949232585596224, "0.0": 0.8787878787878788}, "gold_standard": 1.0}, "spider_swimming": {"GPT3_5": {}, "Llama3_not_finetuned": {"1.0": 0.7471445221445222, "0.5": 0.5722465034965035, "0.0": 0.6675407925407926}, "Llama3_finetuned": {"1.0": 0.740909090909091, "0.5": 0.6762674825174825, "0.0": 0.8449592074592075}, "gold_standard": 1.0}, "spider_company_office": {"GPT3_5": {}, "Llama3_not_finetuned": {"1.0": 0.6341374269005848, "0.5": 0.5767543859649122, "0.0": 0.8523391812865496}, "Llama3_finetuned": {"1.0": 0.8340643274853802, "0.5": 0.8004385964912281, "0.0": 0.9649122807017544}, "gold_standard": 1.0}, "spider_theme_gallery": {"GPT3_5": {}, "Llama3_not_finetuned": {"1.0": 0.6356532356532356, "0.5": 0.5714285714285713, "0.0": 0.5804639804639805}, "Llama3_finetuned": {"1.0": 0.7991452991452991, "0.5": 0.8991452991452992, "0.0": 1.0}, "gold_standard": 1.0}, "bird_thrombosis_prediction": {"GPT3_5": {}, "Llama3_not_finetuned": {"1.0": 0.6045451401926188, "0.5": 0.5204384850616774, "0.0": 0.7271952735361152}, "Llama3_finetuned": {"1.0": 0.6653853059285021, "0.5": 0.6629888071012469, "0.0": 0.9178795843673485}, "gold_standard": 1.0}, "bird_debit_card_specializing": {"GPT3_5": {}, "Llama3_not_finetuned": {"1.0": 0.8916666666666666, "0.5": 0.7063888888888888, "0.0": 0.856111111111111}, "Llama3_finetuned": {"1.0": 0.9069444444444444, "0.5": 0.9052777777777778, "0.0": 0.9399999999999998}, "gold_standard": 1.0}, "bird_card_games": {"GPT3_5": {}, "Llama3_not_finetuned": {"1.0": 0.6034921993177262, "0.5": 0.5116748376525894, "0.0": 0.6813024823212176}, "Llama3_finetuned": {"1.0": 0.5594908038877594, "0.5": 0.6662957339303942, "0.0": 0.6042160857617532}, "gold_standard": 1.0}, "bird_codebase_community": {"GPT3_5": {}, "Llama3_not_finetuned": {"1.0": 0.7264213671579742, "0.5": 0.6560663501511715, "0.0": 0.7122006094104307}, "Llama3_finetuned": {"1.0": 0.606577735260771, "0.5": 0.5845276478647015, "0.0": 0.7129071593915344}, "gold_standard": 1.0}, "bird_formula_1": {"GPT3_5": {}, "Llama3_not_finetuned": {"1.0": 0.5930359323216465, "0.5": 0.5154892726321297, "0.0": 0.7827940577940578}, "Llama3_finetuned": {"1.0": 0.6419486598058026, "0.5": 0.5646418396418397, "0.0": 0.7942322228036512}, "gold_standard": 1.0}, "spider_candidate_poll": {"GPT3_5": {}, "Llama3_not_finetuned": {"1.0": 0.5196759259259258, "0.5": 0.4988425925925926, "0.0": 0.8703703703703705}, "Llama3_finetuned": {"1.0": 0.7291666666666667, "0.5": 0.6631944444444444, "0.0": 0.9166666666666667}, "gold_standard": 1.0}, "spider_decoration_competition": {"GPT3_5": {}, "Llama3_not_finetuned": {"1.0": 0.5916666666666667, "0.5": 0.5638888888888888, "0.0": 0.6277777777777778}, "Llama3_finetuned": {"1.0": 0.8388888888888889, "0.5": 0.7555555555555555, "0.0": 0.7999999999999999}, "gold_standard": 1.0}, "wikidb_peptidase-u32-collagenase-family": {"GPT3_5": {}, "Llama3_not_finetuned": {"1.0": 0.559692513368984, "0.5": 0.49938948306595365, "0.0": 0.5749442959001783}, "Llama3_finetuned": {"1.0": 0.5890842245989305, "0.5": 0.5909692513368984, "0.0": 0.7342156862745098}, "gold_standard": 1.0}, "spider_entrepreneur": {"GPT3_5": {}, "Llama3_not_finetuned": {"1.0": 0.9875, "0.5": 0.8416666666666666, "0.0": 0.8958333333333335}, "Llama3_finetuned": {"1.0": 0.7458333333333333, "0.5": 0.9041666666666667, "0.0": 0.9666666666666667}, "gold_standard": 1.0}, "spider_soccer_2": {"GPT3_5": {}, "Llama3_not_finetuned": {"1.0": 0.8888888888888888, "0.5": 0.763888888888889, "0.0": 0.9444444444444445}, "Llama3_finetuned": {"1.0": 0.8888888888888888, "0.5": 0.8333333333333334, "0.0": 0.8333333333333334}, "gold_standard": 1.0}, "wikidb_tammerkoski": {"GPT3_5": {}, "Llama3_not_finetuned": {"1.0": 0.4481617647058823, "0.5": 0.3855614973262032, "0.0": 0.5302139037433155}, "Llama3_finetuned": {"1.0": 0.48539438502673804, "0.5": 0.5172459893048129, "0.0": 0.5735294117647058}, "gold_standard": 1.0}, "bird_superhero": {"GPT3_5": {}, "Llama3_not_finetuned": {"1.0": 0.6144444444444445, "0.5": 0.47787037037037033, "0.0": 0.6549074074074074}, "Llama3_finetuned": {"1.0": 0.6652777777777779, "0.5": 0.722037037037037, "0.0": 0.9091666666666669}, "gold_standard": 1.0}, "wikidb_novelette": {"GPT3_5": {}, "Llama3_not_finetuned": {"1.0": 0.4268077485380117, "0.5": 0.3879407894736842, "0.0": 0.4308859649122807}, "Llama3_finetuned": {"1.0": 0.4417244152046784, "0.5": 0.3858110380116959, "0.0": 0.5744901315789472}, "gold_standard": 1.0}, "bird_california_schools": {"GPT3_5": {}, "Llama3_not_finetuned": {"1.0": 0.6116521520974233, "0.5": 0.3978100150489903, "0.0": 0.7072758043320867}, "Llama3_finetuned": {"1.0": 0.5979139138550207, "0.5": 0.5595715947034606, "0.0": 0.8537072257389656}, "gold_standard": 1.0}, "wikidb_chemotaxis-methyl-accepting-receptor-tar-related-ligand-binding-domain-protein-family": {"GPT3_5": {}, "Llama3_not_finetuned": {"1.0": 0.6354644934190389, "0.5": 0.6557239057239057, "0.0": 0.674778083868993}, "Llama3_finetuned": {"1.0": 0.6810912151821243, "0.5": 0.6539256198347108, "0.0": 0.8484848484848485}, "gold_standard": 1.0}, "wikidb_alpha-defensins": {"GPT3_5": {}, "Llama3_not_finetuned": {"1.0": 0.5170940170940171, "0.5": 0.4564102564102564, "0.0": 0.5867521367521369}, "Llama3_finetuned": {"1.0": 0.6256410256410256, "0.5": 0.6205128205128204, "0.0": 0.8153846153846154}, "gold_standard": 1.0}, "wikidb_burial-vault": {"GPT3_5": {}, "Llama3_not_finetuned": {"1.0": 0.08285885167464115, "0.5": 0.10502990430622011, "0.0": 0.14950159489633175}, "Llama3_finetuned": {"1.0": 0.12539473684210528, "0.5": 0.11171451355661882, "0.0": 0.15325358851674642}, "gold_standard": 1.0}, "bird_financial": {"GPT3_5": {}, "Llama3_not_finetuned": {"1.0": 0.5867954094516594, "0.5": 0.5441930465367966, "0.0": 0.815521847943723}, "Llama3_finetuned": {"1.0": 0.6001882665945165, "0.5": 0.7742345328282828, "0.0": 0.9267834595959596}, "gold_standard": 1.0}, "bird_european_football_2": {"GPT3_5": {}, "Llama3_not_finetuned": {"1.0": 0.18149943322969056, "0.5": 0.2335749235483042, "0.0": 0.4198750859709156}, "Llama3_finetuned": {"1.0": 0.3277717136457154, "0.5": 0.239757293874419, "0.0": 0.7630286050339289}, "gold_standard": 1.0}, "spider_workshop_paper": {"GPT3_5": {},