{"wikidb_japans-top-100-waterfalls": {"GPT3_5": {}, "Llama3_not_finetuned": {"1.0": 0.16663147204777648, "0.5": 0.1191648785182522, "0.0": 0.19410261256800446}, "Llama3_finetuned": {"1.0": 0.36867579588167826, "0.5": 0.2715259448872093, "0.0": 0.491902258794303}}, "wikidb_heaphy-sketchbook-no-2": {"GPT3_5": {}, "Llama3_not_finetuned": {"1.0": 0.2655525937259683, "0.5": 0.4200603318250377, "0.0": 0.4310495963091119}, "Llama3_finetuned": {"1.0": 0.44764175940646533, "0.5": 0.7188285570638511, "0.0": 0.408320084790673}}, "bird_student_club": {"GPT3_5": {}, "Llama3_not_finetuned": {"1.0": 0.8276211258548215, "0.5": 0.7422533761528327, "0.0": 0.9001480644958906}, "Llama3_finetuned": {"1.0": 0.7497076525214674, "0.5": 0.7508288351572513, "0.0": 0.7885505440801194}}, "bird_toxicology": {"GPT3_5": {}, "Llama3_not_finetuned": {"1.0": 0.3719381598793363, "0.5": 0.4682638199271764, "0.0": 0.6444990892531876}, "Llama3_finetuned": {"1.0": 0.6707999700104963, "0.5": 0.603884134954795, "0.0": 0.7423394796515096}}, "wikidb_paz-domain-superfamily": {"GPT3_5": {}, "Llama3_not_finetuned": {"1.0": 0.44175205382101934, "0.5": 0.32971224328975085, "0.0": 0.5534379748479614}, "Llama3_finetuned": {"1.0": 0.4567747863655918, "0.5": 0.45026073416379536, "0.0": 0.6501514973805614}}, "wikidb_rsga-gtpase-domain-protein-family": {"GPT3_5": {}, "Llama3_not_finetuned": {"1.0": 0.5915299977799977, "0.5": 0.481369790114012, "0.0": 0.45522250845570134}, "Llama3_finetuned": {"1.0": 0.741129055279457, "0.5": 0.7420352944546492, "0.0": 0.7534426684426685}}, "spider_chinook_1": {"GPT3_5": {}, "Llama3_not_finetuned": {"1.0": 0.8300507656544809, "0.5": 0.7697328824521807, "0.0": 0.8998575739133016}, "Llama3_finetuned": {"1.0": 0.6705872684820053, "0.5": 0.7035374103021161, "0.0": 0.8890220890220889}}, "spider_swimming": {"GPT3_5": {}, "Llama3_not_finetuned": {"1.0": 0.3323589407016849, "0.5": 0.4193886705399863, "0.0": 0.5754011893124796}, "Llama3_finetuned": {"1.0": 0.6363440910654533, "0.5": 0.7019459298871062, "0.0": 0.8840579710144929}}, "spider_company_office": {"GPT3_5": {}, "Llama3_not_finetuned": {"1.0": 0.4708321053148639, "0.5": 0.5382523148148147, "0.0": 0.8465096610257902}, "Llama3_finetuned": {"1.0": 0.8340643274853802, "0.5": 0.795832861724203, "0.0": 0.9618736383442266}}, "spider_theme_gallery": {"GPT3_5": {}, "Llama3_not_finetuned": {"1.0": 0.5185185185185185, "0.5": 0.46658367050523913, "0.0": 0.5067797699376646}, "Llama3_finetuned": {"1.0": 0.8237547892720306, "0.5": 0.8991452991452992, "0.0": 1.0}}, "bird_thrombosis_prediction": {"GPT3_5": {}, "Llama3_not_finetuned": {"1.0": 0.6836096173230922, "0.5": 0.6500629575163736, "0.0": 0.7983897321583889}, "Llama3_finetuned": {"1.0": 0.7613971434866958, "0.5": 0.7756243756243757, "0.0": 0.9314907314907314}}, "bird_debit_card_specializing": {"GPT3_5": {}, "Llama3_not_finetuned": {"1.0": 0.8915009380863038, "0.5": 0.7091220938525173, "0.0": 0.8548796671165091}, "Llama3_finetuned": {"1.0": 0.9069444444444444, "0.5": 0.9067891390452367, "0.0": 0.8153905714881325}}, "bird_card_games": {"GPT3_5": {}, "Llama3_not_finetuned": {"1.0": 0.642547673076265, "0.5": 0.5488951659299943, "0.0": 0.6907363442319531}, "Llama3_finetuned": {"1.0": 0.42033468303538035, "0.5": 0.5074058766660807, "0.0": 0.4828245059767399}}, "bird_codebase_community": {"GPT3_5": {}, "Llama3_not_finetuned": {"1.0": 0.7565830135472992, "0.5": 0.6801059654631083, "0.0": 0.7122252747252746}, "Llama3_finetuned": {"1.0": 0.6438826385254957, "0.5": 0.6314626924001925, "0.0": 0.6962301587301587}}, "bird_formula_1": {"GPT3_5": {}, "Llama3_not_finetuned": {"1.0": 0.5968335272068305, "0.5": 0.43316455624147926, "0.0": 0.7189161391671745}, "Llama3_finetuned": {"1.0": 0.6073072438082815, "0.5": 0.5954151219988323, "0.0": 0.7537612570579605}}, "spider_candidate_poll": {"GPT3_5": {}, "Llama3_not_finetuned": {"1.0": 0.5826719576719577, "0.5": 0.5034722222222222, "0.0": 0.8843700159489634}, "Llama3_finetuned": {"1.0": 0.7356459330143541, "0.5": 0.7123015873015874, "0.0": 0.9545454545454546}}, "spider_decoration_competition": {"GPT3_5": {}, "Llama3_not_finetuned": {"1.0": 0.43968253968253973, "0.5": 0.3493996609938639, "0.0": 0.6684472934472935}, "Llama3_finetuned": {"1.0": 0.8388888888888889, "0.5": 0.7431552365762891, "0.0": 0.8000000000000002}}, "wikidb_peptidase-u32-collagenase-family": {"GPT3_5": {}, "Llama3_not_finetuned": {"1.0": 0.42390439081615555, "0.5": 0.40145897867823843, "0.0": 0.4552376708259061}, "Llama3_finetuned": {"1.0": 0.47809215036769215, "0.5": 0.49498916190761105, "0.0": 0.6251752822341058}}, "spider_entrepreneur": {"GPT3_5": {}, "Llama3_not_finetuned": {"1.0": 0.6545454545454545, "0.5": 0.5527272727272727, "0.0": 0.5963636363636364}, "Llama3_finetuned": {"1.0": 0.5388471177944862, "0.5": 0.9041666666666667, "0.0": 0.6436363636363636}}, "spider_soccer_2": {"GPT3_5": {}, "Llama3_not_finetuned": {"1.0": 0.6944444444444443, "0.5": 0.4587301587301588, "0.0": 0.46666666666666673}, "Llama3_finetuned": {"1.0": 0.9076923076923077, "0.5": 0.8564102564102564, "0.0": 0.8037037037037037}}, "wikidb_tammerkoski": {"GPT3_5": {}, "Llama3_not_finetuned": {"1.0": 0.34738562091503267, "0.5": 0.260490720352312, "0.0": 0.3600188738597043}, "Llama3_finetuned": {"1.0": 0.5354087814183808, "0.5": 0.539144566608863, "0.0": 0.5607843137254902}}, "bird_superhero": {"GPT3_5": {}, "Llama3_not_finetuned": {"1.0": 0.29827711072994095, "0.5": 0.29361796411956986, "0.0": 0.5346234380276933}, "Llama3_finetuned": {"1.0": 0.6090268961864148, "0.5": 0.6577801120448179, "0.0": 0.7278479413544002}}, "wikidb_novelette": {"GPT3_5": {}, "Llama3_not_finetuned": {"1.0": 0.2826409017713365, "0.5": 0.2799954467953189, "0.0": 0.4473407665839144}, "Llama3_finetuned": {"1.0": 0.4635034602212275, "0.5": 0.4439995490620491, "0.0": 0.5856041666666667}}, "bird_california_schools": {"GPT3_5": {}, "Llama3_not_finetuned": {"1.0": 0.49085090856479224, "0.5": 0.3707767209852176, "0.0": 0.5980387602644656}, "Llama3_finetuned": {"1.0": 0.6277082032061685, "0.5": 0.6093734529316577, "0.0": 0.8546544234427577}}, "wikidb_chemotaxis-methyl-accepting-receptor-tar-related-ligand-binding-domain-protein-family": {"GPT3_5": {}, "Llama3_not_finetuned": {"1.0": 0.4752605515165324, "0.5": 0.3357972818757133, "0.0": 0.5050986050986052}, "Llama3_finetuned": {"1.0": 0.7041004239486339, "0.5": 0.6626740376740377, "0.0": 0.8407894829417931}}, "wikidb_alpha-defensins": {"GPT3_5": {}, "Llama3_not_finetuned": {"1.0": 0.36129981129981126, "0.5": 0.5113340765514678, "0.0": 0.6402433061471964}, "Llama3_finetuned": {"1.0": 0.6374358974358973, "0.5": 0.6491228070175439, "0.0": 0.8153846153846155}}, "wikidb_burial-vault": {"GPT3_5": {}, "Llama3_not_finetuned": {"1.0": 0.13228273330140902, "0.5": 0.14599999922141482, "0.0": 0.19042986117649519}, "Llama3_finetuned": {"1.0": 0.15478267951044722, "0.5": 0.16352747876579066, "0.0": 0.19031432748538013}}, "bird_financial": {"GPT3_5": {}, "Llama3_not_finetuned": {"1.0": 0.5938945584156182, "0.5": 0.5078341141710307, "0.0": 0.830372435535479}, "Llama3_finetuned": {"1.0": 0.6068638392857143, "0.5": 0.7857160691060148, "0.0": 0.9336963726943346}}, "bird_european_football_2": {"GPT3_5": {}, "Llama3_not_finetuned": {"1.0": 0.27853570689835633, "0.5": 0.3336508745452845, "0.0": 0.558960501196526}, "Llama3_finetuned": {"1.0": 0.19045886305395207, "0.5": 0.3114547239433368, "0.0": 0.6055383211710176}}, "spider_workshop_paper": {"GPT3_5": {}, "Llama3_not_finetuned": {"1.0": 0.4855839276129132, "0.5": 0.5339660339660339, "0.0": 0.5576923076923077}, "Llama3_finetuned": {"1.0": 0.9613636363636364, "0.5": 0.8041310541310541, "0.0": 0.7306397306397306}}}