{"wikidb_japans-top-100-waterfalls": {"GPT3_5": {}, "Llama3_not_finetuned": {"1.0": 0.16663147204777648, "0.5": 0.1191648785182522, "0.0": 0.19410261256800446}, "Llama3_finetuned": {"1.0": 0.23060675027586794, "0.5": 0.1463659147869674, "0.0": 0.14920634920634918}}, "wikidb_heaphy-sketchbook-no-2": {"GPT3_5": {}, "Llama3_not_finetuned": {"1.0": 0.2655525937259683, "0.5": 0.4200603318250377, "0.0": 0.4310495963091119}, "Llama3_finetuned": {"1.0": 0.3818126713050811, "0.5": 0.1319032876308418, "0.0": 0.10263157894736842}}, "bird_student_club": {"GPT3_5": {}, "Llama3_not_finetuned": {"1.0": 0.8276211258548215, "0.5": 0.7422533761528327, "0.0": 0.9001480644958906}, "Llama3_finetuned": {"1.0": 0.2690229938129098, "0.5": 0.46277312038175594, "0.0": 0.5923059703544181}}, "bird_toxicology": {"GPT3_5": {}, "Llama3_not_finetuned": {"1.0": 0.3719381598793363, "0.5": 0.4682638199271764, "0.0": 0.6444990892531876}, "Llama3_finetuned": {"1.0": 0.6720328282828283, "0.5": 0.2258628291674269, "0.0": 0.5518529728275491}}, "wikidb_paz-domain-superfamily": {"GPT3_5": {}, "Llama3_not_finetuned": {"1.0": 0.44175205382101934, "0.5": 0.32971224328975085, "0.0": 0.5534379748479614}, "Llama3_finetuned": {"1.0": 0.1713068783068783, "0.5": 0.22555074555074553, "0.0": 0.22235296689842143}}, "wikidb_rsga-gtpase-domain-protein-family": {"GPT3_5": {}, "Llama3_not_finetuned": {"1.0": 0.5915299977799977, "0.5": 0.481369790114012, "0.0": 0.45522250845570134}, "Llama3_finetuned": {"1.0": 0.5126293924887275, "0.5": 0.5406587930627013, "0.0": 0.5591853378645831}}, "spider_chinook_1": {"GPT3_5": {}, "Llama3_not_finetuned": {"1.0": 0.8300507656544809, "0.5": 0.7697328824521807, "0.0": 0.8998575739133016}, "Llama3_finetuned": {"1.0": 0.7546380004584339, "0.5": 0.3156718702173248, "0.0": 0.6861558863389833}}, "spider_swimming": {"GPT3_5": {}, "Llama3_not_finetuned": {"1.0": 0.3323589407016849, "0.5": 0.4193886705399863, "0.0": 0.5754011893124796}, "Llama3_finetuned": {"1.0": 0.37630772005772006, "0.5": 0.22601010101010102, "0.0": 0.35458152958152966}}, "spider_company_office": {"GPT3_5": {}, "Llama3_not_finetuned": {"1.0": 0.4708321053148639, "0.5": 0.5382523148148147, "0.0": 0.8465096610257902}, "Llama3_finetuned": {"1.0": 0.48833573833573835, "0.5": 0.25684494336455116, "0.0": 0.5941205984309432}}, "spider_theme_gallery": {"GPT3_5": {}, "Llama3_not_finetuned": {"1.0": 0.5185185185185185, "0.5": 0.46658367050523913, "0.0": 0.5067797699376646}, "Llama3_finetuned": {"1.0": 0.7186147186147186, "0.5": 0.4544973544973545, "0.0": 0.2261904761904762}}, "bird_thrombosis_prediction": {"GPT3_5": {}, "Llama3_not_finetuned": {"1.0": 0.6836096173230922, "0.5": 0.6500629575163736, "0.0": 0.7983897321583889}, "Llama3_finetuned": {"1.0": 0.36186336811336806, "0.5": 0.3958323322453757, "0.0": 0.22805443144426193}}, "bird_debit_card_specializing": {"GPT3_5": {}, "Llama3_not_finetuned": {"1.0": 0.8915009380863038, "0.5": 0.7091220938525173, "0.0": 0.8548796671165091}, "Llama3_finetuned": {"1.0": 0.7216533596414749, "0.5": 0.5618541635517847, "0.0": 0.6093932168383922}}, "bird_card_games": {"GPT3_5": {}, "Llama3_not_finetuned": {"1.0": 0.642547673076265, "0.5": 0.5488951659299943, "0.0": 0.6907363442319531}, "Llama3_finetuned": {"1.0": 0.2875845348084244, "0.5": 0.3226495542731221, "0.0": 0.2509969753667233}}, "bird_codebase_community": {"GPT3_5": {}, "Llama3_not_finetuned": {"1.0": 0.7565830135472992, "0.5": 0.6801059654631083, "0.0": 0.7122252747252746}, "Llama3_finetuned": {"1.0": 0.18056938431938435, "0.5": 0.2013888888888889, "0.0": 0.36529066997816995}}, "bird_formula_1": {"GPT3_5": {}, "Llama3_not_finetuned": {"1.0": 0.5968335272068305, "0.5": 0.43316455624147926, "0.0": 0.7189161391671745}, "Llama3_finetuned": {"1.0": 0.3417481603716422, "0.5": 0.3029612362945696, "0.0": 0.452352585685919}}, "spider_candidate_poll": {"GPT3_5": {}, "Llama3_not_finetuned": {"1.0": 0.5826719576719577, "0.5": 0.5034722222222222, "0.0": 0.8843700159489634}, "Llama3_finetuned": {"1.0": 0.2837662337662338, "0.5": 0.24285714285714283, "0.0": 0.24285714285714283}}, "spider_decoration_competition": {"GPT3_5": {}, "Llama3_not_finetuned": {"1.0": 0.43968253968253973, "0.5": 0.3493996609938639, "0.0": 0.6684472934472935}, "Llama3_finetuned": {"1.0": 0.26695526695526695, "0.5": 0.26695526695526695, "0.0": 0.3463203463203463}}, "wikidb_peptidase-u32-collagenase-family": {"GPT3_5": {}, "Llama3_not_finetuned": {"1.0": 0.42390439081615555, "0.5": 0.40145897867823843, "0.0": 0.4552376708259061}, "Llama3_finetuned": {"1.0": 0.19034895482465813, "0.5": 0.18195445753472833, "0.0": 0.2526110862317759}}, "spider_entrepreneur": {"GPT3_5": {}, "Llama3_not_finetuned": {"1.0": 0.6545454545454545, "0.5": 0.5527272727272727, "0.0": 0.5963636363636364}, "Llama3_finetuned": {"1.0": 0.6717948717948719, "0.5": 0.6323076923076922, "0.0": 0.25396825396825395}}, "spider_soccer_2": {"GPT3_5": {}, "Llama3_not_finetuned": {"1.0": 0.6944444444444443, "0.5": 0.4587301587301588, "0.0": 0.46666666666666673}, "Llama3_finetuned": {"1.0": 0.3238095238095238, "0.5": 0.3238095238095238, "0.0": 0.3238095238095238}}, "wikidb_tammerkoski": {"GPT3_5": {}, "Llama3_not_finetuned": {"1.0": 0.34738562091503267, "0.5": 0.260490720352312, "0.0": 0.3600188738597043}, "Llama3_finetuned": {"1.0": 0.4183155080213904, "0.5": 0.18300653594771243, "0.0": 0.14973262032085563}}, "bird_superhero": {"GPT3_5": {}, "Llama3_not_finetuned": {"1.0": 0.29827711072994095, "0.5": 0.29361796411956986, "0.0": 0.5346234380276933}, "Llama3_finetuned": {"1.0": 0.45161352536352545, "0.5": 0.260995670995671, "0.0": 0.38151260504201684}}, "wikidb_novelette": {"GPT3_5": {}, "Llama3_not_finetuned": {"1.0": 0.2826409017713365, "0.5": 0.2799954467953189, "0.0": 0.4473407665839144}, "Llama3_finetuned": {"1.0": 0.20464296851416885, "0.5": 0.16203412989127275, "0.0": 0.17116716988710357}}, "bird_california_schools": {"GPT3_5": {}, "Llama3_not_finetuned": {"1.0": 0.49085090856479224, "0.5": 0.3707767209852176, "0.0": 0.5980387602644656}, "Llama3_finetuned": {"1.0": 0.4152705743144976, "0.5": 0.19133921779454735, "0.0": 0.12389279163974525}}, "wikidb_chemotaxis-methyl-accepting-receptor-tar-related-ligand-binding-domain-protein-family": {"GPT3_5": {}, "Llama3_not_finetuned": {"1.0": 0.4752605515165324, "0.5": 0.3357972818757133, "0.0": 0.5050986050986052}, "Llama3_finetuned": {"1.0": 0.5973469844806983, "0.5": 0.34654476660290606, "0.0": 0.3445646945646946}}, "wikidb_alpha-defensins": {"GPT3_5": {}, "Llama3_not_finetuned": {"1.0": 0.36129981129981126, "0.5": 0.5113340765514678, "0.0": 0.6402433061471964}, "Llama3_finetuned": {"1.0": 0.16233766233766234, "0.5": 0.16233766233766234, "0.0": 0.39562852606330867}}, "wikidb_burial-vault": {"GPT3_5": {}, "Llama3_not_finetuned": {"1.0": 0.13228273330140902, "0.5": 0.14599999922141482, "0.0": 0.19042986117649519}, "Llama3_finetuned": {"1.0": 0.08012820512820513, "0.5": 0.08012820512820513, "0.0": 0.11430300865285387}}, "bird_financial": {"GPT3_5": {}, "Llama3_not_finetuned": {"1.0": 0.5938945584156182, "0.5": 0.5078341141710307, "0.0": 0.830372435535479}, "Llama3_finetuned": {"1.0": 0.5367088202904766, "0.5": 0.3390679989944696, "0.0": 0.17032967032967034}}, "bird_european_football_2": {"GPT3_5": {}, "Llama3_not_finetuned": {"1.0": 0.27853570689835633, "0.5": 0.3336508745452845, "0.0": 0.558960501196526}, "Llama3_finetuned": {"1.0": 0.32170656973697176, "0.5": 0.15841519216382202, "0.0": 0.3134765071127869}}, "spider_workshop_paper": {"GPT3_5": {}, "Llama3_not_finetuned": {"1.0": 0.4855839276129132, "0.5": 0.5339660339660339, "0.0": 0.5576923076923077}, "Llama3_finetuned": {"1.0": 0.34927849927849924, "0.5": 0.2828282828282828, "0.0": 0.2828282828282828}}}