{"bird_debit_card_specializing": {"Llama3_finetuned": {"0.5": 0.9245098962985141, "1.0": 0.9293879303316203, "0.0": 0.922813516922653}, "Llama3_finetuned_dc": {"0.5": 0.8984969857919822, "1.0": 0.824669494284311, "0.0": 0.9882541720154044}, "Llama3_not_finetuned": {"0.5": 0.7818402653943519, "1.0": 0.9112045969697181, "0.0": 0.8941924477717945}, "gold_standard": 1.0}, "bird_toxicology": {"Llama3_finetuned": {"0.5": 0.6185085269856647, "1.0": 0.6707999700104963, "0.0": 0.8346958666507538}, "Llama3_finetuned_dc": {"0.5": 0.8427353223279064, "1.0": 0.8058895185674557, "0.0": 0.9133856134411074}, "Llama3_not_finetuned": {"0.5": 0.5772298741294999, "1.0": 0.4365750970084564, "0.0": 0.6931562919941705}, "gold_standard": 1.0}, "bird_card_games": {"Llama3_finetuned": {"0.5": 0.6049201826418616, "1.0": 0.4763763115032064, "0.0": 0.572768456988343}, "Llama3_finetuned_dc": {"0.5": 0.6051762915498948, "1.0": 0.5643087229058731, "0.0": 0.7373621482430053}, "Llama3_not_finetuned": {"0.5": 0.5831802371102354, "1.0": 0.653900559428768, "0.0": 0.7311701958485848}, "gold_standard": 1.0}, "wikidb_japans-top-100-waterfalls": {"Llama3_finetuned": {"0.5": 0.49301644583736526, "1.0": 0.6397292542999481, "0.0": 0.8021140048699325}, "Llama3_finetuned_dc": {"0.5": 0.5767599227710714, "1.0": 0.5947035008460565, "0.0": 0.8389062808839005}, "Llama3_not_finetuned": {"0.5": 0.29626478105249, "1.0": 0.386011300114034, "0.0": 0.3885954912329738}, "gold_standard": 1.0}, "spider_company_office": {"Llama3_finetuned": {"0.5": 0.8526079976664772, "1.0": 0.8623002202308138, "0.0": 0.978114478114478}, "Llama3_finetuned_dc": {"0.5": 0.8654537895055135, "1.0": 0.8208323024662892, "0.0": 0.9964285714285714}, "Llama3_not_finetuned": {"0.5": 0.6375557224760143, "1.0": 0.5485557637135838, "0.0": 0.901417748883793}, "gold_standard": 1.0}, "wikidb_rsga-gtpase-domain-protein-family": {"Llama3_finetuned": {"0.5": 0.8658498117970149, "1.0": 0.8542752003675554, "0.0": 0.8899733727831416}, "Llama3_finetuned_dc": {"0.5": 0.9177170917087917, "1.0": 0.9163956831020063, "0.0": 0.9926315914078151}, "Llama3_not_finetuned": {"0.5": 0.5894689587719748, "1.0": 0.6507222063056478, "0.0": 0.6377516000482925}, "gold_standard": 1.0}, "spider_workshop_paper": {"Llama3_finetuned": {"0.5": 0.8653670403670404, "1.0": 0.965311004784689, "0.0": 0.8559945863867432}, "Llama3_finetuned_dc": {"0.5": 0.8915101238630649, "1.0": 0.9452861952861952, "0.0": 1.0}, "Llama3_not_finetuned": {"0.5": 0.6467294279794279, "1.0": 0.6381374402922839, "0.0": 0.7373836947366358}, "gold_standard": 1.0}, "spider_chinook_1": {"Llama3_finetuned": {"0.5": 0.7237598240539417, "1.0": 0.6907417126035195, "0.0": 0.9208791208791208}, "Llama3_finetuned_dc": {"0.5": 0.9037630568449594, "1.0": 0.9083680527601157, "0.0": 0.9938961810619564}, "Llama3_not_finetuned": {"0.5": 0.8255918713574215, "1.0": 0.8678594782957294, "0.0": 0.928530111568389}, "gold_standard": 1.0}, "bird_california_schools": {"Llama3_finetuned": {"0.5": 0.665095370768403, "1.0": 0.6265933825893407, "0.0": 0.9010653121232172}, "Llama3_finetuned_dc": {"0.5": 0.7237938416288867, "1.0": 0.6690392128410073, "0.0": 0.9429689725927984}, "Llama3_not_finetuned": {"0.5": 0.48636623527072503, "1.0": 0.5362710359623725, "0.0": 0.7412564697723062}, "gold_standard": 1.0}, "wikidb_paz-domain-superfamily": {"Llama3_finetuned": {"0.5": 0.6301174870985253, "1.0": 0.6151992193302936, "0.0": 0.8258581346188449}, "Llama3_finetuned_dc": {"0.5": 0.7610745083076091, "1.0": 0.7135713477503175, "0.0": 0.8813100809920261}, "Llama3_not_finetuned": {"0.5": 0.5235326842037719, "1.0": 0.6229004730963315, "0.0": 0.7636443168313797}, "gold_standard": 1.0}, "wikidb_peptidase-u32-collagenase-family": {"Llama3_finetuned": {"0.5": 0.7150550109004292, "1.0": 0.6542710001759036, "0.0": 0.8469869693938843}, "Llama3_finetuned_dc": {"0.5": 0.7669219207989714, "1.0": 0.7289598553501561, "0.0": 0.8514834562903972}, "Llama3_not_finetuned": {"0.5": 0.6126254894374861, "1.0": 0.623004638688974, "0.0": 0.6950669137650334}, "gold_standard": 1.0}, "wikidb_alpha-defensins": {"Llama3_finetuned": {"0.5": 0.7867699764161826, "1.0": 0.7646021093517392, "0.0": 0.9439383715699505}, "Llama3_finetuned_dc": {"0.5": 0.8897788382761687, "1.0": 0.8236592390872914, "0.0": 0.9781699346405229}, "Llama3_not_finetuned": {"0.5": 0.6219685219259824, "1.0": 0.662708838812817, "0.0": 0.7658290322994825}, "gold_standard": 1.0}, "wikidb_heaphy-sketchbook-no-2": {"Llama3_finetuned": {"0.5": 0.838857758059482, "1.0": 0.6187740655501811, "0.0": 0.5817395029159735}, "Llama3_finetuned_dc": {"0.5": 0.8777274743996701, "1.0": 0.9084176438569392, "0.0": 0.9801551389786685}, "Llama3_not_finetuned": {"0.5": 0.6876711940637269, "1.0": 0.4202819690579648, "0.0": 0.7270732231532114}, "gold_standard": 1.0}, "bird_european_football_2": {"Llama3_finetuned": {"0.5": 0.3534672230792473, "1.0": 0.2762151337429502, "0.0": 0.7419654473739253}, "Llama3_finetuned_dc": {"0.5": 0.6228593099405265, "1.0": 0.23389310538828836, "0.0": 0.8528416630911739}, "Llama3_not_finetuned": {"0.5": 0.3465069567116949, "1.0": 0.2880477425993701, "0.0": 0.5642906980722134}, "gold_standard": 1.0}, "wikidb_novelette": {"Llama3_finetuned": {"0.5": 0.6714458119888775, "1.0": 0.7133196453904043, "0.0": 0.9000081340357337}, "Llama3_finetuned_dc": {"0.5": 0.8310942130755434, "1.0": 0.7612138942349645, "0.0": 0.9599008180412664}, "Llama3_not_finetuned": {"0.5": 0.5628458617882083, "1.0": 0.5437178346500761, "0.0": 0.7323989131147999}, "gold_standard": 1.0}, "wikidb_tammerkoski": {"Llama3_finetuned": {"0.5": 0.8992414501009616, "1.0": 0.7673995202352292, "0.0": 0.9105470962956767}, "Llama3_finetuned_dc": {"0.5": 0.8039017629933596, "1.0": 0.8585104339959794, "0.0": 0.9613402319507913}, "Llama3_not_finetuned": {"0.5": 0.5884997832883062, "1.0": 0.5997212460442601, "0.0": 0.7625020753748302}, "gold_standard": 1.0}, "bird_student_club": {"Llama3_finetuned": {"0.5": 0.8083232511558225, "1.0": 0.7913541773571977, "0.0": 0.9006235729105362}, "Llama3_finetuned_dc": {"0.5": 0.8818042558269484, "1.0": 0.843358110335336, "0.0": 0.957314242865485}, "Llama3_not_finetuned": {"0.5": 0.8000722315407606, "1.0": 0.8582805494112533, "0.0": 0.9200768768201175}, "gold_standard": 1.0}, "wikidb_chemotaxis-methyl-accepting-receptor-tar-related-ligand-binding-domain-protein-family": {"Llama3_finetuned": {"0.5": 0.7507937169131766, "1.0": 0.7605988975852823, "0.0": 0.9028707993524555}, "Llama3_finetuned_dc": {"0.5": 0.855470462489006, "1.0": 0.905868735585153, "0.0": 0.9806838155500173}, "Llama3_not_finetuned": {"0.5": 0.5559759407457437, "1.0": 0.6143364652355959, "0.0": 0.7068559846590329}, "gold_standard": 1.0}, "spider_entrepreneur": {"Llama3_finetuned": {"0.5": 0.9233333333333333, "1.0": 0.6698881819934451, "0.0": 0.9016161616161616}, "Llama3_finetuned_dc": {"0.5": 0.6775638740344623, "1.0": 0.7193271056428951, "0.0": 0.8870707070707071}, "Llama3_not_finetuned": {"0.5": 0.7422510822510822, "1.0": 0.7875867991657465, "0.0": 0.8408225108225108}, "gold_standard": 1.0}, "spider_candidate_poll": {"Llama3_finetuned": {"0.5": 0.7303571428571429, "1.0": 0.7922329497987393, "0.0": 0.9545454545454546}, "Llama3_finetuned_dc": {"0.5": 0.8898172905525847, "1.0": 0.7636496265172735, "0.0": 1.0}, "Llama3_not_finetuned": {"0.5": 0.5643207282913165, "1.0": 0.6161844011108717, "0.0": 0.9186901913875598}, "gold_standard": 1.0}, "bird_codebase_community": {"Llama3_finetuned": {"0.5": 0.663416467240872, "1.0": 0.6712215190563405, "0.0": 0.7925314028178612}, "Llama3_finetuned_dc": {"0.5": 0.8214757156423823, "1.0": 0.7785061945329802, "0.0": 0.9020147290980625}, "Llama3_not_finetuned": {"0.5": 0.7229545069128402, "1.0": 0.7640575289459217, "0.0": 0.7832653552486337}, "gold_standard": 1.0}, "spider_decoration_competition": {"Llama3_finetuned": {"0.5": 0.7865655299865826, "1.0": 0.8689906584643428, "0.0": 0.8398148148148148}, "Llama3_finetuned_dc": {"0.5": 0.7830479161361515, "1.0": 0.7873952558163083, "0.0": 1.0},