{"wikidb_japans-top-100-waterfalls": {"GPT3_5": {}, "Llama3_not_finetuned": {"1.0": 0.36243487293907467, "0.5": 0.24208749156228143, "0.0": 0.2804040808242489}, "Llama3_finetuned": {"1.0": 0.36383644366837636, "0.5": 0.22805410042805, "0.0": 0.470905533930744}}, "wikidb_heaphy-sketchbook-no-2": {"GPT3_5": {}, "Llama3_not_finetuned": {"1.0": 0.2659242059396858, "0.5": 0.5814413484692121, "0.0": 0.5859993120055039}, "Llama3_finetuned": {"1.0": 0.394192179795895, "0.5": 0.6787782364407751, "0.0": 0.40196078431372545}}, "bird_student_club": {"GPT3_5": {}, "Llama3_not_finetuned": {"1.0": 0.8177083333333334, "0.5": 0.7368964947089948, "0.0": 0.87880291005291}, "Llama3_finetuned": {"1.0": 0.8271329365079365, "0.5": 0.7431382275132274, "0.0": 0.925595238095238}}, "bird_toxicology": {"GPT3_5": {}, "Llama3_not_finetuned": {"1.0": 0.5016666666666667, "0.5": 0.5733333333333334, "0.0": 0.6983333333333334}, "Llama3_finetuned": {"1.0": 0.6966666666666667, "0.5": 0.515, "0.0": 0.84}}, "wikidb_paz-domain-superfamily": {"GPT3_5": {}, "Llama3_not_finetuned": {"1.0": 0.4483688930117502, "0.5": 0.3858843537414966, "0.0": 0.5786487322201609}, "Llama3_finetuned": {"1.0": 0.5059833024118737, "0.5": 0.469743351886209, "0.0": 0.6537414965986394}}, "wikidb_rsga-gtpase-domain-protein-family": {"GPT3_5": {}, "Llama3_not_finetuned": {"1.0": 0.5231864095500459, "0.5": 0.46137070000706365, "0.0": 0.563828847919757}, "Llama3_finetuned": {"1.0": 0.7421152080242989, "0.5": 0.744693437875256, "0.0": 0.7532669350851169}}, "spider_chinook_1": {"GPT3_5": {}, "Llama3_not_finetuned": {"1.0": 0.8250280583613917, "0.5": 0.7762259345592679, "0.0": 0.8984697401364069}, "Llama3_finetuned": {"1.0": 0.5822045238711906, "0.5": 0.5991949408616076, "0.0": 0.846930846930847}}, "spider_swimming": {"GPT3_5": {}, "Llama3_not_finetuned": {"1.0": 0.7471445221445222, "0.5": 0.5722465034965035, "0.0": 0.6675407925407926}, "Llama3_finetuned": {"1.0": 0.740909090909091, "0.5": 0.6762674825174825, "0.0": 0.8449592074592075}}, "spider_company_office": {"GPT3_5": {}, "Llama3_not_finetuned": {"1.0": 0.6341374269005848, "0.5": 0.5767543859649122, "0.0": 0.8523391812865496}, "Llama3_finetuned": {"1.0": 0.8340643274853802, "0.5": 0.8004385964912281, "0.0": 0.9649122807017544}}, "spider_theme_gallery": {"GPT3_5": {}, "Llama3_not_finetuned": {"1.0": 0.6356532356532356, "0.5": 0.5714285714285713, "0.0": 0.5804639804639805}, "Llama3_finetuned": {"1.0": 0.7991452991452991, "0.5": 0.8991452991452992, "0.0": 1.0}}, "bird_thrombosis_prediction": {"GPT3_5": {}, "Llama3_not_finetuned": {"1.0": 0.6875674830220285, "0.5": 0.6509021281748555, "0.0": 0.7995287540742085}, "Llama3_finetuned": {"1.0": 0.7618643982280345, "0.5": 0.7717888172433627, "0.0": 0.9267298358207449}}, "bird_debit_card_specializing": {"GPT3_5": {}, "Llama3_not_finetuned": {"1.0": 0.8916666666666666, "0.5": 0.7063888888888888, "0.0": 0.856111111111111}, "Llama3_finetuned": {"1.0": 0.9069444444444444, "0.5": 0.9052777777777778, "0.0": 0.9399999999999998}}, "bird_card_games": {"GPT3_5": {}, "Llama3_not_finetuned": {"1.0": 0.6263904210332782, "0.5": 0.539709899403777, "0.0": 0.6932356919601818}, "Llama3_finetuned": {"1.0": 0.5782854647650566, "0.5": 0.6926512883145536, "0.0": 0.5978088146455492}}, "bird_codebase_community": {"GPT3_5": {}, "Llama3_not_finetuned": {"1.0": 0.7470096371882086, "0.5": 0.669812925170068, "0.0": 0.7130952380952381}, "Llama3_finetuned": {"1.0": 0.6090136054421769, "0.5": 0.577281746031746, "0.0": 0.6581632653061225}}, "bird_formula_1": {"GPT3_5": {}, "Llama3_not_finetuned": {"1.0": 0.5923033315890458, "0.5": 0.5218384789813361, "0.0": 0.7828449328449328}, "Llama3_finetuned": {"1.0": 0.6447366125937555, "0.5": 0.5626068376068375, "0.0": 0.727891156462585}}, "spider_candidate_poll": {"GPT3_5": {}, "Llama3_not_finetuned": {"1.0": 0.5196759259259258, "0.5": 0.4988425925925926, "0.0": 0.8703703703703705}, "Llama3_finetuned": {"1.0": 0.7291666666666667, "0.5": 0.6631944444444444, "0.0": 0.9166666666666667}}, "spider_decoration_competition": {"GPT3_5": {}, "Llama3_not_finetuned": {"1.0": 0.5916666666666667, "0.5": 0.5638888888888888, "0.0": 0.6277777777777778}, "Llama3_finetuned": {"1.0": 0.8388888888888889, "0.5": 0.7555555555555555, "0.0": 0.7999999999999999}}, "wikidb_peptidase-u32-collagenase-family": {"GPT3_5": {}, "Llama3_not_finetuned": {"1.0": 0.559692513368984, "0.5": 0.49938948306595365, "0.0": 0.5749442959001783}, "Llama3_finetuned": {"1.0": 0.5890842245989305, "0.5": 0.5909692513368984, "0.0": 0.7342156862745098}}, "spider_entrepreneur": {"GPT3_5": {}, "Llama3_not_finetuned": {"1.0": 0.9875, "0.5": 0.8416666666666666, "0.0": 0.8958333333333335}, "Llama3_finetuned": {"1.0": 0.7458333333333333, "0.5": 0.9041666666666667, "0.0": 0.9666666666666667}}, "spider_soccer_2": {"GPT3_5": {}, "Llama3_not_finetuned": {"1.0": 0.8888888888888888, "0.5": 0.763888888888889, "0.0": 0.9444444444444445}, "Llama3_finetuned": {"1.0": 0.8888888888888888, "0.5": 0.8333333333333334, "0.0": 0.8333333333333334}}, "wikidb_tammerkoski": {"GPT3_5": {}, "Llama3_not_finetuned": {"1.0": 0.4481617647058823, "0.5": 0.3855614973262032, "0.0": 0.5302139037433155}, "Llama3_finetuned": {"1.0": 0.48539438502673804, "0.5": 0.5172459893048129, "0.0": 0.5735294117647058}}, "bird_superhero": {"GPT3_5": {}, "Llama3_not_finetuned": {"1.0": 0.6141666666666666, "0.5": 0.47750000000000004, "0.0": 0.655}, "Llama3_finetuned": {"1.0": 0.665, "0.5": 0.7216666666666666, "0.0": 0.9091666666666669}}, "wikidb_novelette": {"GPT3_5": {}, "Llama3_not_finetuned": {"1.0": 0.42641666666666667, "0.5": 0.38779166666666665, "0.0": 0.4291666666666667}, "Llama3_finetuned": {"1.0": 0.442125, "0.5": 0.3854375, "0.0": 0.5726041666666666}}, "bird_california_schools": {"GPT3_5": {}, "Llama3_not_finetuned": {"1.0": 0.6247330318087148, "0.5": 0.4167249877057311, "0.0": 0.7274310503150629}, "Llama3_finetuned": {"1.0": 0.627451018404892, "0.5": 0.6030033558022811, "0.0": 0.8511407982970903}}, "wikidb_chemotaxis-methyl-accepting-receptor-tar-related-ligand-binding-domain-protein-family": {"GPT3_5": {}, "Llama3_not_finetuned": {"1.0": 0.6354644934190389, "0.5": 0.6557239057239057, "0.0": 0.674778083868993}, "Llama3_finetuned": {"1.0": 0.6810912151821243, "0.5": 0.6539256198347108, "0.0": 0.8484848484848485}}, "wikidb_alpha-defensins": {"GPT3_5": {}, "Llama3_not_finetuned": {"1.0": 0.5170940170940171, "0.5": 0.4564102564102564, "0.0": 0.5867521367521369}, "Llama3_finetuned": {"1.0": 0.6256410256410256, "0.5": 0.6205128205128204, "0.0": 0.8153846153846154}}, "wikidb_burial-vault": {"GPT3_5": {}, "Llama3_not_finetuned": {"1.0": 0.08272727272727273, "0.5": 0.10492025518341308, "0.0": 0.1492822966507177}, "Llama3_finetuned": {"1.0": 0.12535087719298246, "0.5": 0.1115829346092504, "0.0": 0.15303429027113238}}, "bird_financial": {"GPT3_5": {}, "Llama3_not_finetuned": {"1.0": 0.5880580357142857, "0.5": 0.5414744543650793, "0.0": 0.8167844742063491}, "Llama3_finetuned": {"1.0": 0.5982824900793651, "0.5": 0.7787326388888889, "0.0": 0.923828125}}, "bird_european_football_2": {"GPT3_5": {}, "Llama3_not_finetuned": {"1.0": 0.18220571797324236, "0.5": 0.24067781375678446, "0.0": 0.4300822011469748}, "Llama3_finetuned": {"1.0": 0.3335879264184499, "0.5": 0.2481171327932641, "0.0": 0.7720785750776878}}, "spider_workshop_paper": {"GPT3_5": {}, "Llama3_not_finetuned": {"1.0": 0.6287037037037037, "0.5": 0.6629629629629629, "0.0": 0.7083333333333334}, "Llama3_finetuned": {"1.0": 0.9361111111111112, "0.5": 0.8055555555555557, "0.0": 0.8444444444444444}}}