{"bird_debit_card_specializing": {"Llama3_finetuned": {"0.5": 1.0, "1.0": 1.0, "0.0": 1.0}, "Llama3_finetuned_dc": {"0.5": 1.2, "1.0": 1.2, "0.0": 1.0}, "Llama3_not_finetuned": {"0.5": 1.2, "1.0": 1.0, "0.0": 1.0}, "gold_standard": 1.0}, "bird_toxicology": {"Llama3_finetuned": {"0.5": 4.75, "1.0": 2.25, "0.0": 4.0}, "Llama3_finetuned_dc": {"0.5": 1.25, "1.0": 1.5, "0.0": 1.0}, "Llama3_not_finetuned": {"0.5": 1.0, "1.0": 1.5, "0.0": 1.25}, "gold_standard": 1.0}, "bird_card_games": {"Llama3_finetuned": {"0.5": 0.8571428571428571, "1.0": 1.2857142857142858, "0.0": 1.2857142857142858}, "Llama3_finetuned_dc": {"0.5": 0.8571428571428571, "1.0": 0.7142857142857143, "0.0": 1.1428571428571428}, "Llama3_not_finetuned": {"0.5": 2.857142857142857, "1.0": 1.8571428571428572, "0.0": 1.5714285714285714}, "gold_standard": 1.0}, "wikidb_japans-top-100-waterfalls": {"Llama3_finetuned": {"0.5": 4.142857142857143, "1.0": 1.8571428571428572, "0.0": 1.7142857142857142}, "Llama3_finetuned_dc": {"0.5": 3.7142857142857144, "1.0": 2.2857142857142856, "0.0": 1.7142857142857142}, "Llama3_not_finetuned": {"0.5": 0.8571428571428571, "1.0": 0.7142857142857143, "0.0": 2.7142857142857144}, "gold_standard": 1.0}, "spider_company_office": {"Llama3_finetuned": {"0.5": 1.0, "1.0": 1.0, "0.0": 1.0}, "Llama3_finetuned_dc": {"0.5": 1.0, "1.0": 1.3333333333333333, "0.0": 1.0}, "Llama3_not_finetuned": {"0.5": 1.0, "1.0": 1.0, "0.0": 1.0}, "gold_standard": 1.0}, "wikidb_rsga-gtpase-domain-protein-family": {"Llama3_finetuned": {"0.5": 1.0, "1.0": 1.0, "0.0": 2.0}, "Llama3_finetuned_dc": {"0.5": 1.0, "1.0": 1.0, "0.0": 1.0}, "Llama3_not_finetuned": {"0.5": 2.0, "1.0": 3.0, "0.0": 1.6666666666666667}, "gold_standard": 1.0}, "spider_workshop_paper": {"Llama3_finetuned": {"0.5": 1.3333333333333333, "1.0": 1.3333333333333333, "0.0": 1.3333333333333333}, "Llama3_finetuned_dc": {"0.5": 1.0, "1.0": 1.0, "0.0": 1.0}, "Llama3_not_finetuned": {"0.5": 1.0, "1.0": 1.3333333333333333, "0.0": 1.0}, "gold_standard": 1.0}, "spider_chinook_1": {"Llama3_finetuned": {"0.5": 2.5454545454545454, "1.0": 2.3636363636363638, "0.0": 1.4545454545454546}, "Llama3_finetuned_dc": {"0.5": 1.0, "1.0": 1.0, "0.0": 1.0}, "Llama3_not_finetuned": {"0.5": 1.0, "1.0": 1.0, "0.0": 1.0}, "gold_standard": 1.0}, "bird_california_schools": {"Llama3_finetuned": {"0.5": 1.3333333333333333, "1.0": 1.0, "0.0": 1.3333333333333333}, "Llama3_finetuned_dc": {"0.5": 1.6666666666666667, "1.0": 1.3333333333333333, "0.0": 1.0}, "Llama3_not_finetuned": {"0.5": 2.3333333333333335, "1.0": 2.0, "0.0": 1.3333333333333333}, "gold_standard": 1.0}, "wikidb_paz-domain-superfamily": {"Llama3_finetuned": {"0.5": 1.0, "1.0": 0.8571428571428571, "0.0": 1.1428571428571428}, "Llama3_finetuned_dc": {"0.5": 1.1428571428571428, "1.0": 1.0, "0.0": 0.8571428571428571}, "Llama3_not_finetuned": {"0.5": 0.8571428571428571, "1.0": 1.1428571428571428, "0.0": 1.0}, "gold_standard": 1.0}, "wikidb_peptidase-u32-collagenase-family": {"Llama3_finetuned": {"0.5": 1.0, "1.0": 0.8, "0.0": 0.8}, "Llama3_finetuned_dc": {"0.5": 0.8, "1.0": 0.8, "0.0": 0.8}, "Llama3_not_finetuned": {"0.5": 1.0, "1.0": 1.4, "0.0": 1.0}, "gold_standard": 1.0}, "wikidb_alpha-defensins": {"Llama3_finetuned": {"0.5": 2.0, "1.0": 1.5, "0.0": 1.0}, "Llama3_finetuned_dc": {"0.5": 1.0, "1.0": 1.5, "0.0": 1.0}, "Llama3_not_finetuned": {"0.5": 3.5, "1.0": 1.0, "0.0": 3.0}, "gold_standard": 1.0}, "wikidb_heaphy-sketchbook-no-2": {"Llama3_finetuned": {"0.5": 1.5, "1.0": 3.5, "0.0": 2.0}, "Llama3_finetuned_dc": {"0.5": 1.0, "1.0": 2.0, "0.0": 1.0}, "Llama3_not_finetuned": {"0.5": 2.5, "1.0": 6.0, "0.0": 3.0}, "gold_standard": 1.0}, "bird_european_football_2": {"Llama3_finetuned": {"0.5": 8.857142857142858, "1.0": 5.714285714285714, "0.0": 1.8571428571428572}, "Llama3_finetuned_dc": {"0.5": 2.0, "1.0": 11.428571428571429, "0.0": 1.5714285714285714}, "Llama3_not_finetuned": {"0.5": 8.285714285714286, "1.0": 8.857142857142858, "0.0": 7.142857142857143}, "gold_standard": 1.0}, "wikidb_novelette": {"Llama3_finetuned": {"0.5": 3.25, "1.0": 1.75, "0.0": 1.25}, "Llama3_finetuned_dc": {"0.5": 1.25, "1.0": 1.0, "0.0": 1.0}, "Llama3_not_finetuned": {"0.5": 1.5, "1.0": 1.25, "0.0": 1.5}, "gold_standard": 1.0}, "wikidb_tammerkoski": {"Llama3_finetuned": {"0.5": 2.0, "1.0": 3.0, "0.0": 1.0}, "Llama3_finetuned_dc": {"0.5": 1.5, "1.0": 3.0, "0.0": 1.5}, "Llama3_not_finetuned": {"0.5": 1.5, "1.0": 2.0, "0.0": 1.5}, "gold_standard": 1.0}, "bird_student_club": {"Llama3_finetuned": {"0.5": 1.25, "1.0": 0.875, "0.0": 1.5}, "Llama3_finetuned_dc": {"0.5": 1.75, "1.0": 1.75, "0.0": 1.375}, "Llama3_not_finetuned": {"0.5": 1.125, "1.0": 1.25, "0.0": 1.25}, "gold_standard": 1.0}, "wikidb_chemotaxis-methyl-accepting-receptor-tar-related-ligand-binding-domain-protein-family": {"Llama3_finetuned": {"0.5": 2.0, "1.0": 2.0, "0.0": 1.0}, "Llama3_finetuned_dc": {"0.5": 1.3333333333333333, "1.0": 1.6666666666666667, "0.0": 1.3333333333333333}, "Llama3_not_finetuned": {"0.5": 1.0, "1.0": 2.0, "0.0": 1.6666666666666667}, "gold_standard": 1.0}, "spider_entrepreneur": {"Llama3_finetuned": {"0.5": 1.0, "1.0": 1.0, "0.0": 0.5}, "Llama3_finetuned_dc": {"0.5": 0.5, "1.0": 0.5, "0.0": 0.5}, "Llama3_not_finetuned": {"0.5": 0.5, "1.0": 0.5, "0.0": 0.5}, "gold_standard": 1.0}, "spider_candidate_poll": {"Llama3_finetuned": {"0.5": 2.0, "1.0": 1.0, "0.0": 1.5}, "Llama3_finetuned_dc": {"0.5": 1.0, "1.0": 2.0, "0.0": 1.0}, "Llama3_not_finetuned": {"0.5": 1.5, "1.0": 2.5, "0.0": 1.0}, "gold_standard": 1.0}, "bird_codebase_community": {"Llama3_finetuned": {"0.5": 2.625, "1.0": 2.0, "0.0": 1.875}, "Llama3_finetuned_dc": {"0.5": 1.125, "1.0": 1.75, "0.0": 1.625}, "Llama3_not_finetuned": {"0.5": 1.25, "1.0": 1.125, "0.0": 1.125}, "gold_standard": 1.0}, "spider_decoration_competition": {"Llama3_finetuned": {"0.5": 1.0, "1.0": 1.0, "0.0": 1.0}, "Llama3_finetuned_dc": {"0.5": 1.0, "1.0": 1.0, "0.0": 1.0}, "Llama3_not_finetuned": {"0.5": 1.0, "1.0": 1.6666666666666667, "0.0": 2.0}, "gold_standard": 1.0}, "bird_formula_1": {"Llama3_finetuned": {"0.5": 2.0, "1.0": 1.1538461538461537, "0.0": 1.6153846153846154}, "Llama3_finetuned_dc": {"0.5": 1.0, "1.0": 1.0, "0.0": 1.0}, "Llama3_not_finetuned": {"0.5": 1.0769230769230769, "1.0": 1.1538461538461537, "0.0": 1.0}, "gold_standard": 1.0}, "bird_thrombosis_prediction": {"Llama3_finetuned": {"0.5": 1.3333333333333333, "1.0": 1.0, "0.0": 1.3333333333333333}, "Llama3_finetuned_dc": {"0.5": 1.0, "1.0": 1.0, "0.0": 1.0}, "Llama3_not_finetuned": {"0.5": 1.0, "1.0": 1.0, "0.0": 1.0}, "gold_standard": 1.0}, "spider_theme_gallery": {"Llama3_finetuned": {"0.5": 1.0, "1.0": 1.0, "0.0": 1.0}, "Llama3_finetuned_dc": {"0.5": 1.0, "1.0": 1.0, "0.0": 1.0}, "Llama3_not_finetuned": {"0.5": 1.3333333333333333, "1.0": 1.0, "0.0": 1.3333333333333333}, "gold_standard": 1.0}, "bird_financial": {"Llama3_finetuned": {"0.5": 1.25, "1.0": 2.375, "0.0": 1.25}, "Llama3_finetuned_dc": {"0.5": 1.5, "1.0": 1.375, "0.0": 1.625}, "Llama3_not_finetuned": {"0.5": 1.375, "1.0": 1.75, "0.0": 1.25}, "gold_standard": 1.0}, "wikidb_burial-vault": {"Llama3_finetuned": {"0.5": 11.0, "1.0": 10.75, "0.0": 11.5}, "Llama3_finetuned_dc": {"0.5": 11.0, "1.0": 13.5, "0.0": 12.5}, "Llama3_not_finetuned": {"0.5": 10.75, "1.0": 12.0, "0.0": 9.75}, "gold_standard": 1.0}, "bird_superhero": {"Llama3_finetuned": {"0.5": 1.4, "1.0": 1.5, "0.0": 0.9}, "Llama3_finetuned_dc": {"0.5": 1.1, "1.0": 1.2, "0.0": 1.4}, "Llama3_not_finetuned": {"0.5": 0.7, "1.0": 0.7, "0.0": 1.3}, "gold_standard": 1.0}, "spider_swimming": {"Llama3_finetuned": {"0.5": 2.5, "1.0": 1.75, "0.0": 2.0}, "Llama3_finetuned_dc": {"0.5": 1.25, "1.0": 1.25, "0.0": 2.25}, "Llama3_not_finetuned": {"0.5": 0.75, "1.0": 0.5, "0.0": 1.0}, "gold_standard": 1.0}, "spider_soccer_2": {"Llama3_finetuned": {"0.5": 1.3333333333333333, "1.0": 1.3333333333333333, "0.0": 1.0}, "Llama3_finetuned_dc": {"0.5": 1.0, "1.0": 1.3333333333333333, "0.0": 1.0}, "Llama3_not_finetuned": {"0.5": 0.6666666666666666, "1.0": 0.6666666666666666,