{"wikidb_japans-top-100-waterfalls": {"GPT3_5": {}, "Llama3_not_finetuned": {"1.0": 0.36243487293907467, "0.5": 0.24208749156228143, "0.0": 0.2804040808242489}, "Llama3_finetuned": {"1.0": 0.16141456582633054, "0.5": 0.08186456400742113, "0.0": 0.08101422387136671}}, "wikidb_heaphy-sketchbook-no-2": {"GPT3_5": {}, "Llama3_not_finetuned": {"1.0": 0.2659242059396858, "0.5": 0.5814413484692121, "0.0": 0.5859993120055039}, "Llama3_finetuned": {"1.0": 0.29387398234147455, "0.5": 0.07112143102855177, "0.0": 0.054093567251461985}}, "bird_student_club": {"GPT3_5": {}, "Llama3_not_finetuned": {"1.0": 0.8177083333333334, "0.5": 0.7368964947089948, "0.0": 0.87880291005291}, "Llama3_finetuned": {"1.0": 0.16567460317460317, "0.5": 0.3394510582010582, "0.0": 0.5308366402116402}}, "bird_toxicology": {"GPT3_5": {}, "Llama3_not_finetuned": {"1.0": 0.5016666666666667, "0.5": 0.5733333333333334, "0.0": 0.6983333333333334}, "Llama3_finetuned": {"1.0": 0.6333333333333333, "0.5": 0.13333333333333333, "0.0": 0.535}}, "wikidb_paz-domain-superfamily": {"GPT3_5": {}, "Llama3_not_finetuned": {"1.0": 0.4483688930117502, "0.5": 0.3858843537414966, "0.0": 0.5786487322201609}, "Llama3_finetuned": {"1.0": 0.18738404452690166, "0.5": 0.23172541743970315, "0.0": 0.20564316635745206}}, "wikidb_rsga-gtpase-domain-protein-family": {"GPT3_5": {}, "Llama3_not_finetuned": {"1.0": 0.5231864095500459, "0.5": 0.46137070000706365, "0.0": 0.563828847919757}, "Llama3_finetuned": {"1.0": 0.38022709613618705, "0.5": 0.4506781097690189, "0.0": 0.4902256834075016}}, "spider_chinook_1": {"GPT3_5": {}, "Llama3_not_finetuned": {"1.0": 0.8250280583613917, "0.5": 0.7762259345592679, "0.0": 0.8984697401364069}, "Llama3_finetuned": {"1.0": 0.668697660364327, "0.5": 0.1967732884399551, "0.0": 0.6435875852542519}}, "spider_swimming": {"GPT3_5": {}, "Llama3_not_finetuned": {"1.0": 0.7471445221445222, "0.5": 0.5722465034965035, "0.0": 0.6675407925407926}, "Llama3_finetuned": {"1.0": 0.25416666666666665, "0.5": 0.1267628205128205, "0.0": 0.2517628205128205}}, "spider_company_office": {"GPT3_5": {}, "Llama3_not_finetuned": {"1.0": 0.6341374269005848, "0.5": 0.5767543859649122, "0.0": 0.8523391812865496}, "Llama3_finetuned": {"1.0": 0.3820662768031189, "0.5": 0.15777290448343081, "0.0": 0.4562621832358675}}, "spider_theme_gallery": {"GPT3_5": {}, "Llama3_not_finetuned": {"1.0": 0.6356532356532356, "0.5": 0.5714285714285713, "0.0": 0.5804639804639805}, "Llama3_finetuned": {"1.0": 0.5622710622710623, "0.5": 0.3131868131868132, "0.0": 0.12881562881562883}}, "bird_thrombosis_prediction": {"GPT3_5": {}, "Llama3_not_finetuned": {"1.0": 0.6875674830220285, "0.5": 0.6509021281748555, "0.0": 0.7995287540742085}, "Llama3_finetuned": {"1.0": 0.3791385382294474, "0.5": 0.2835296017114199, "0.0": 0.20386684023047655}}, "bird_debit_card_specializing": {"GPT3_5": {}, "Llama3_not_finetuned": {"1.0": 0.8916666666666666, "0.5": 0.7063888888888888, "0.0": 0.856111111111111}, "Llama3_finetuned": {"1.0": 0.6294444444444445, "0.5": 0.49805555555555553, "0.0": 0.706388888888889}}, "bird_card_games": {"GPT3_5": {}, "Llama3_not_finetuned": {"1.0": 0.6263904210332782, "0.5": 0.539709899403777, "0.0": 0.6932356919601818}, "Llama3_finetuned": {"1.0": 0.1883470569695059, "0.5": 0.30688906836866015, "0.0": 0.1584029364641609}}, "bird_codebase_community": {"GPT3_5": {}, "Llama3_not_finetuned": {"1.0": 0.7470096371882086, "0.5": 0.669812925170068, "0.0": 0.7130952380952381}, "Llama3_finetuned": {"1.0": 0.1171768707482993, "0.5": 0.1369047619047619, "0.0": 0.3043509070294785}}, "bird_formula_1": {"GPT3_5": {}, "Llama3_not_finetuned": {"1.0": 0.5923033315890458, "0.5": 0.5218384789813361, "0.0": 0.7828449328449328}, "Llama3_finetuned": {"1.0": 0.2633350776207919, "0.5": 0.190441304727019, "0.0": 0.3504011861154718}}, "spider_candidate_poll": {"GPT3_5": {}, "Llama3_not_finetuned": {"1.0": 0.5196759259259258, "0.5": 0.4988425925925926, "0.0": 0.8703703703703705}, "Llama3_finetuned": {"1.0": 0.16666666666666666, "0.5": 0.1388888888888889, "0.0": 0.1388888888888889}}, "spider_decoration_competition": {"GPT3_5": {}, "Llama3_not_finetuned": {"1.0": 0.5916666666666667, "0.5": 0.5638888888888888, "0.0": 0.6277777777777778}, "Llama3_finetuned": {"1.0": 0.15555555555555556, "0.5": 0.15555555555555556, "0.0": 0.2222222222222222}}, "wikidb_peptidase-u32-collagenase-family": {"GPT3_5": {}, "Llama3_not_finetuned": {"1.0": 0.559692513368984, "0.5": 0.49938948306595365, "0.0": 0.5749442959001783}, "Llama3_finetuned": {"1.0": 0.26411764705882357, "0.5": 0.19178030303030302, "0.0": 0.23147727272727275}}, "spider_entrepreneur": {"GPT3_5": {}, "Llama3_not_finetuned": {"1.0": 0.9875, "0.5": 0.8416666666666666, "0.0": 0.8958333333333335}, "Llama3_finetuned": {"1.0": 0.6083333333333334, "0.5": 0.5208333333333333, "0.0": 0.14583333333333331}}, "spider_soccer_2": {"GPT3_5": {}, "Llama3_not_finetuned": {"1.0": 0.8888888888888888, "0.5": 0.763888888888889, "0.0": 0.9444444444444445}, "Llama3_finetuned": {"1.0": 0.19444444444444442, "0.5": 0.19444444444444442, "0.0": 0.19444444444444442}}, "wikidb_tammerkoski": {"GPT3_5": {}, "Llama3_not_finetuned": {"1.0": 0.4481617647058823, "0.5": 0.3855614973262032, "0.0": 0.5302139037433155}, "Llama3_finetuned": {"1.0": 0.31373663101604277, "0.5": 0.10113636363636364, "0.0": 0.08125}}, "bird_superhero": {"GPT3_5": {}, "Llama3_not_finetuned": {"1.0": 0.6141666666666666, "0.5": 0.47750000000000004, "0.0": 0.655}, "Llama3_finetuned": {"1.0": 0.32416666666666666, "0.5": 0.15500000000000003, "0.0": 0.2541666666666667}}, "wikidb_novelette": {"GPT3_5": {}, "Llama3_not_finetuned": {"1.0": 0.42641666666666667, "0.5": 0.38779166666666665, "0.0": 0.4291666666666667}, "Llama3_finetuned": {"1.0": 0.17049999999999998, "0.5": 0.1294375, "0.0": 0.11552083333333335}}, "bird_california_schools": {"GPT3_5": {}, "Llama3_not_finetuned": {"1.0": 0.6247330318087148, "0.5": 0.4167249877057311, "0.0": 0.7274310503150629}, "Llama3_finetuned": {"1.0": 0.30404357050125075, "0.5": 0.11492378845715163, "0.0": 0.06757098203582755}}, "wikidb_chemotaxis-methyl-accepting-receptor-tar-related-ligand-binding-domain-protein-family": {"GPT3_5": {}, "Llama3_not_finetuned": {"1.0": 0.6354644934190389, "0.5": 0.6557239057239057, "0.0": 0.674778083868993}, "Llama3_finetuned": {"1.0": 0.4874119987756352, "0.5": 0.23819635751453935, "0.0": 0.24100857055402505}}, "wikidb_alpha-defensins": {"GPT3_5": {}, "Llama3_not_finetuned": {"1.0": 0.5170940170940171, "0.5": 0.4564102564102564, "0.0": 0.5867521367521369}, "Llama3_finetuned": {"1.0": 0.08846153846153848, "0.5": 0.08846153846153848, "0.0": 0.41709401709401706}}, "wikidb_burial-vault": {"GPT3_5": {}, "Llama3_not_finetuned": {"1.0": 0.08272727272727273, "0.5": 0.10492025518341308, "0.0": 0.1492822966507177}, "Llama3_finetuned": {"1.0": 0.04272727272727273, "0.5": 0.04272727272727273, "0.0": 0.06904306220095693}}, "bird_financial": {"GPT3_5": {}, "Llama3_not_finetuned": {"1.0": 0.5880580357142857, "0.5": 0.5414744543650793, "0.0": 0.8167844742063491}, "Llama3_finetuned": {"1.0": 0.4271825396825397, "0.5": 0.24079861111111114, "0.0": 0.09375}}, "bird_european_football_2": {"GPT3_5": {}, "Llama3_not_finetuned": {"1.0": 0.18220571797324236, "0.5": 0.24067781375678446, "0.0": 0.4300822011469748}, "Llama3_finetuned": {"1.0": 0.2662289647649009, "0.5": 0.13142446137122268, "0.0": 0.48454626119222394}}, "spider_workshop_paper": {"GPT3_5": {}, "Llama3_not_finetuned": {"1.0": 0.6287037037037037, "0.5": 0.6629629629629629, "0.0": 0.7083333333333334}, "Llama3_finetuned": {"1.0": 0.2435185185185185, "0.5": 0.16296296296296295, "0.0": 0.16296296296296295}}}