{
    "bird_debit_card_specializing": {
        "Llama3_finetuned": {
            "0.5": 0.33121019108280253,
            "1.0": 0.2876949740034662,
            "0.0": 0.43243243243243246
        },
        "GPT3_5": {},
        "Llama3_not_finetuned": {
            "0.5": 0.5166858457997698,
            "1.0": 0.36363636363636365,
            "0.0": 0.4833948339483395
        },
        "gold_standard": 0.0
    },
    "bird_toxicology": {
        "Llama3_finetuned": {
            "0.5": 0.22969187675070027,
            "1.0": 0.4751908396946565,
            "0.0": 0.23822714681440443
        },
        "GPT3_5": {},
        "Llama3_not_finetuned": {
            "0.5": 0.6678743961352657,
            "1.0": 0.39956331877729256,
            "0.0": 0.4791666666666667
        },
        "gold_standard": 0.0
    },
    "bird_card_games": {
        "Llama3_finetuned": {
            "0.5": 0.6486486486486487,
            "1.0": 0.4523809523809524,
            "0.0": 0.3527713625866051
        },
        "GPT3_5": {},
        "Llama3_not_finetuned": {
            "0.5": 0.8348611301135587,
            "1.0": 0.765068109721963,
            "0.0": 0.7059098341508994
        },
        "gold_standard": 0.24429771908763506
    },
    "wikidb_japans-top-100-waterfalls": {
        "Llama3_finetuned": {
            "0.5": 0.11286919831223628,
            "1.0": 0.2623290509738914,
            "0.0": 0.06691648822269808
        },
        "GPT3_5": {},
        "Llama3_not_finetuned": {
            "0.5": 0.9352829322667366,
            "1.0": 0.842332268370607,
            "0.0": 0.8688142563399589
        },
        "gold_standard": 0.004221388367729831
    },
    "spider_company_office": {
        "Llama3_finetuned": {
            "0.5": 0.11974110032362459,
            "1.0": 0.09333333333333334,
            "0.0": 0.26287262872628725
        },
        "GPT3_5": {},
        "Llama3_not_finetuned": {
            "0.5": 0.6329284750337382,
            "1.0": 0.5202821869488536,
            "0.0": 0.4403292181069959
        },
        "gold_standard": 0.0
    },
    "wikidb_rsga-gtpase-domain-protein-family": {
        "Llama3_finetuned": {
            "0.5": 0.5218793182865039,
            "1.0": 0.33247588424437297,
            "0.0": 0.648493057907213
        },
        "GPT3_5": {},
        "Llama3_not_finetuned": {
            "0.5": 0.6648369389731998,
            "1.0": 0.6359172220273588,
            "0.0": 0.6950646298472385
        },
        "gold_standard": 0.0
    },
    "spider_workshop_paper": {
        "Llama3_finetuned": {
            "0.5": 0.0,
            "1.0": 0.023809523809523808,
            "0.0": 0.0
        },
        "GPT3_5": {},
        "Llama3_not_finetuned": {
            "0.5": 0.6510638297872341,
            "1.0": 0.5773195876288659,
            "0.0": 0.6510638297872341
        },
        "gold_standard": 0.0
    },
    "spider_chinook_1": {
        "Llama3_finetuned": {
            "0.5": 0.02676864244741874,
            "1.0": 0.21085271317829457,
            "0.0": 0.3042895442359249
        },
        "GPT3_5": {},
        "Llama3_not_finetuned": {
            "0.5": 0.43029637760702527,
            "1.0": 0.36319018404907977,
            "0.0": 0.36474908200734396
        },
        "gold_standard": 0.06148282097649186
    },
    "bird_california_schools": {
        "Llama3_finetuned": {
            "0.5": 0.25284821756707093,
            "1.0": 0.27527216174183516,
            "0.0": 0.09574907139909203
        },
        "GPT3_5": {},
        "Llama3_not_finetuned": {
            "0.5": 0.7916480371993204,
            "1.0": 0.7212585237468597,
            "0.0": 0.7680438028870085
        },
        "gold_standard": 0.20667347633639768
    },
    "wikidb_paz-domain-superfamily": {
        "Llama3_finetuned": {
            "0.5": 0.6631536278881233,
            "1.0": 0.6094924812030075,
            "0.0": 0.7188768606224628
        },
        "GPT3_5": {},
        "Llama3_not_finetuned": {
            "0.5": 0.7575138605194047,
            "1.0": 0.6319751992914083,
            "0.0": 0.6419646704006894
        },
        "gold_standard": 0.0
    },
    "wikidb_peptidase-u32-collagenase-family": {
        "Llama3_finetuned": {
            "0.5": 0.5357575757575758,
            "1.0": 0.7588161209068011,
            "0.0": 0.6257328990228013
        },
        "GPT3_5": {},
        "Llama3_not_finetuned": {
            "0.5": 0.7367697594501719,
            "1.0": 0.5851985559566787,
            "0.0": 0.7300281954887218
        },
        "gold_standard": 0.0
    },
    "wikidb_alpha-defensins": {
        "Llama3_finetuned": {
            "0.5": 0.0,
            "1.0": 0.0,
            "0.0": 0.4669603524229075
        },
        "GPT3_5": {},
        "Llama3_not_finetuned": {
            "0.5": 0.35638297872340424,
            "1.0": 0.7417289220917823,
            "0.0": 0.16551724137931034
        },
        "gold_standard": 0.0
    },
    "wikidb_heaphy-sketchbook-no-2": {
        "Llama3_finetuned": {
            "0.5": 0.014035087719298246,
            "1.0": 0.21320754716981133,
            "0.0": 0.0
        },
        "GPT3_5": {},
        "Llama3_not_finetuned": {
            "0.5": 0.6273458445040214,
            "1.0": 0.4975903614457831,
            "0.0": 0.6325991189427312
        },
        "gold_standard": 0.0
    },
    "bird_european_football_2": {
        "Llama3_finetuned": {
            "0.5": 0.6392537597563297,
            "1.0": 0.5373937677053824,
            "0.0": 0.8334297759775151
        },
        "GPT3_5": {},
        "Llama3_not_finetuned": {
            "0.5": 0.5492459943449576,
            "1.0": 0.4252023935234073,
            "0.0": 0.484990157480315
        },
        "gold_standard": 0.1111512089498376
    },
    "wikidb_novelette": {
        "Llama3_finetuned": {
            "0.5": 0.6071310663585342,
            "1.0": 0.5460649011562849,
            "0.0": 0.6285103785103785
        },
        "GPT3_5": {},
        "Llama3_not_finetuned": {
            "0.5": 0.8459103570524183,
            "1.0": 0.8156619206301121,
            "0.0": 0.7798480463096961
        },
        "gold_standard": 0.01337295690936107
    },
    "wikidb_tammerkoski": {
        "Llama3_finetuned": {
            "0.5": 0.05698005698005698,
            "1.0": 0.14248704663212436,
            "0.0": 0.0
        },
        "GPT3_5": {},
        "Llama3_not_finetuned": {
            "0.5": 0.777404169468729,
            "1.0": 0.503003003003003,
            "0.0": 0.7345629510825983
        },
        "gold_standard": 0.0
    },
    "bird_student_club": {
        "Llama3_finetuned": {
            "0.5": 0.18345864661654135,
            "1.0": 0.06913996627318718,
            "0.0": 0.3865638766519824
        },
        "GPT3_5": {},
        "Llama3_not_finetuned": {
            "0.5": 0.4972924187725632,
            "1.0": 0.4191866527632951,
            "0.0": 0.31907090464547677
        },
        "gold_standard": 0.03298611111111111
    },
    "wikidb_chemotaxis-methyl-accepting-receptor-tar-related-ligand-binding-domain-protein-family": {
        "Llama3_finetuned": {
            "0.5": 0.38863185723727695,
            "1.0": 0.41529709228824274,
            "0.0": 0.3024132730015083
        },
        "GPT3_5": {},
        "Llama3_not_finetuned": {
            "0.5": 0.7769471907402942,
            "1.0": 0.7004533678756477,
            "0.0": 0.7288980070339977
        },
        "gold_standard": 0.0
    },
    "spider_entrepreneur": {
        "Llama3_finetuned": {
            "0.5": 0.2857142857142857,
            "1.0": 0.2391304347826087,
            "0.0": 0.0
        },
        "GPT3_5": {},
        "Llama3_not_finetuned": {
            "0.5": 0.5,
            "1.0": 0.2857142857142857,
            "0.0": 0.5
        },
        "gold_standard": 0.0
    },
    "spider_candidate_poll": {
        "Llama3_finetuned": {
            "0.5": 0.0,
            "1.0": 0.03773584905660377,