{"wikidb_japans-top-100-waterfalls": {"GPT3_5": {}, "Llama3_not_finetuned": {"1.0": 0.4087651993280034, "0.5": 0.4900947982498785, "0.0": 0.912037037037037}, "Llama3_finetuned": {"1.0": 1.0, "0.5": 1.0, "0.0": 1.0}}, "wikidb_heaphy-sketchbook-no-2": {"GPT3_5": {}, "Llama3_not_finetuned": {"1.0": 1.0, "0.5": 0.6060606060606061, "0.0": 0.625}, "Llama3_finetuned": {"1.0": 1.0, "0.5": 1.0, "0.0": 1.0}}, "bird_student_club": {"GPT3_5": {}, "Llama3_not_finetuned": {"1.0": 0.8797573953823954, "0.5": 0.7693700396825397, "0.0": 0.932040182040182}, "Llama3_finetuned": {"1.0": 0.9791666666666667, "0.5": 0.9791666666666667, "0.0": 0.9821428571428572}}, "bird_toxicology": {"GPT3_5": {}, "Llama3_not_finetuned": {"1.0": 0.6499999999999999, "0.5": 0.630111555111555, "0.0": 0.6746296296296297}, "Llama3_finetuned": {"1.0": 1.0, "0.5": 1.0, "0.0": 1.0}}, "wikidb_paz-domain-superfamily": {"GPT3_5": {}, "Llama3_not_finetuned": {"1.0": 0.4423768117847065, "0.5": 0.3164399092970521, "0.0": 0.5665830201544488}, "Llama3_finetuned": {"1.0": 1.0, "0.5": 1.0, "0.0": 1.0}}, "wikidb_rsga-gtpase-domain-protein-family": {"GPT3_5": {}, "Llama3_not_finetuned": {"1.0": 1.0, "0.5": 1.0, "0.0": 0.7633699633699633}, "Llama3_finetuned": {"1.0": 1.0, "0.5": 1.0, "0.0": 1.0}}, "spider_chinook_1": {"GPT3_5": {}, "Llama3_not_finetuned": {"1.0": 0.8465870829507195, "0.5": 0.7723425003728035, "0.0": 0.9043863543863544}, "Llama3_finetuned": {"1.0": 0.9871794871794872, "0.5": 0.9090909090909091, "0.0": 0.9582084582084582}}, "spider_swimming": {"GPT3_5": {}, "Llama3_not_finetuned": {"1.0": 0.41971801346801346, "0.5": 0.5553451178451179, "0.0": 0.6432806324110673}, "Llama3_finetuned": {"1.0": 1.125, "0.5": 1.125, "0.0": 1.125}}, "spider_company_office": {"GPT3_5": {}, "Llama3_not_finetuned": {"1.0": 0.6258741258741258, "0.5": 0.5679664538360191, "0.0": 0.8449074074074074}, "Llama3_finetuned": {"1.0": 1.0, "0.5": 1.0, "0.0": 0.9833333333333334}}, "spider_theme_gallery": {"GPT3_5": {}, "Llama3_not_finetuned": {"1.0": 0.7555555555555555, "0.5": 0.8042328042328042, "0.0": 0.6424908424908424}, "Llama3_finetuned": {"1.0": 1.0, "0.5": 1.0, "0.0": 1.0}}, "bird_thrombosis_prediction": {"GPT3_5": {}, "Llama3_not_finetuned": {"1.0": 0.6864097279473956, "0.5": 0.6510447885447886, "0.0": 0.7979703724485508}, "Llama3_finetuned": {"1.0": 0.8333333333333334, "0.5": 0.9383116883116882, "0.0": 0.7634032634032635}}, "bird_debit_card_specializing": {"GPT3_5": {}, "Llama3_not_finetuned": {"1.0": 0.8917543859649122, "0.5": 0.8037830687830688, "0.0": 0.8701239209133945}, "Llama3_finetuned": {"1.0": 1.0, "0.5": 1.0, "0.0": 1.0}}, "bird_card_games": {"GPT3_5": {}, "Llama3_not_finetuned": {"1.0": 0.7765827398180339, "0.5": 0.7616342184199327, "0.0": 0.8258919283523204}, "Llama3_finetuned": {"1.0": 0.8993687565116136, "0.5": 0.811984841321576, "0.0": 0.9414414414414415}}, "bird_codebase_community": {"GPT3_5": {}, "Llama3_not_finetuned": {"1.0": 0.7755137471655329, "0.5": 0.7147534013605442, "0.0": 0.785218253968254}, "Llama3_finetuned": {"1.0": 0.5446428571428572, "0.5": 0.5916666666666667, "0.0": 0.7232142857142857}}, "bird_formula_1": {"GPT3_5": {}, "Llama3_not_finetuned": {"1.0": 0.6863373355040021, "0.5": 0.665082304950973, "0.0": 0.7307169021454738}, "Llama3_finetuned": {"1.0": 0.9152421652421653, "0.5": 0.9273504273504274, "0.0": 0.8952991452991453}}, "spider_candidate_poll": {"GPT3_5": {}, "Llama3_not_finetuned": {"1.0": 1.0, "0.5": 0.7569444444444444, "0.0": 0.9083333333333334}, "Llama3_finetuned": {"1.0": 1.0, "0.5": 1.0, "0.0": 1.0}}, "spider_decoration_competition": {"GPT3_5": {}, "Llama3_not_finetuned": {"1.0": 0.7738095238095237, "0.5": 0.6519607843137255, "0.0": 0.9583333333333334}, "Llama3_finetuned": {"1.0": 1.0, "0.5": 1.0, "0.0": 1.0}}, "wikidb_peptidase-u32-collagenase-family": {"GPT3_5": {}, "Llama3_not_finetuned": {"1.0": 0.5009139080733508, "0.5": 0.4858811361424002, "0.0": 0.5498051865907653}, "Llama3_finetuned": {"1.0": 1.0, "0.5": 1.0, "0.0": 1.0}}, "spider_entrepreneur": {"GPT3_5": {}, "Llama3_not_finetuned": {"1.0": 0.4928571428571429, "0.5": 0.41428571428571426, "0.0": 0.44999999999999996}, "Llama3_finetuned": {"1.0": 0.8333333333333334, "0.5": 1.0, "0.0": 1.0}}, "spider_soccer_2": {"GPT3_5": {}, "Llama3_not_finetuned": {"1.0": 0.5972222222222222, "0.5": 0.5611111111111111, "0.0": 0.3125}, "Llama3_finetuned": {"1.0": 1.0, "0.5": 1.0, "0.0": 1.0}}, "wikidb_tammerkoski": {"GPT3_5": {}, "Llama3_not_finetuned": {"1.0": 0.675, "0.5": 0.20042335115864526, "0.0": 0.2777406417112299}, "Llama3_finetuned": {"1.0": 1.0, "0.5": 1.0, "0.0": 1.0}}, "bird_superhero": {"GPT3_5": {}, "Llama3_not_finetuned": {"1.0": 0.4765116279069767, "0.5": 0.4969298245614035, "0.0": 0.8683333333333334}, "Llama3_finetuned": {"1.0": 1.0, "0.5": 1.0, "0.0": 1.0}}, "wikidb_novelette": {"GPT3_5": {}, "Llama3_not_finetuned": {"1.0": 0.522099358974359, "0.5": 0.5706349206349206, "0.0": 0.618290770609319}, "Llama3_finetuned": {"1.0": 1.0, "0.5": 1.0, "0.0": 1.0}}, "bird_california_schools": {"GPT3_5": {}, "Llama3_not_finetuned": {"1.0": 0.4281653759486272, "0.5": 0.6438748261408359, "0.0": 0.6911867980833497}, "Llama3_finetuned": {"1.0": 0.8674571525380813, "0.5": 0.9259715380405035, "0.0": 0.8191414496833215}}, "wikidb_chemotaxis-methyl-accepting-receptor-tar-related-ligand-binding-domain-protein-family": {"GPT3_5": {}, "Llama3_not_finetuned": {"1.0": 1.0, "0.5": 0.7525839793281653, "0.0": 0.7820216049382717}, "Llama3_finetuned": {"1.0": 1.0, "0.5": 1.0, "0.0": 1.0}}, "wikidb_alpha-defensins": {"GPT3_5": {}, "Llama3_not_finetuned": {"1.0": 0.6691919191919192, "0.5": 1.0, "0.0": 1.0}, "Llama3_finetuned": {"1.0": 1.0, "0.5": 1.0, "0.0": 1.0}}, "wikidb_burial-vault": {"GPT3_5": {}, "Llama3_not_finetuned": {"1.0": 0.75, "0.5": 0.75, "0.0": 0.75}, "Llama3_finetuned": {"1.0": 0.75, "0.5": 0.75, "0.0": 0.75}}, "bird_financial": {"GPT3_5": {}, "Llama3_not_finetuned": {"1.0": 0.8418560606060606, "0.5": 0.7329445294289044, "0.0": 0.8718742195304696}, "Llama3_finetuned": {"1.0": 1.0, "0.5": 1.0, "0.0": 1.0}}, "bird_european_football_2": {"GPT3_5": {}, "Llama3_not_finetuned": {"1.0": 0.9026915113871635, "0.5": 1.0, "0.0": 0.9563442768411712}, "Llama3_finetuned": {"1.0": 0.942608695652174, "0.5": 0.9047619047619048, "0.0": 0.8719703977798334}}, "spider_workshop_paper": {"GPT3_5": {}, "Llama3_not_finetuned": {"1.0": 0.7630718954248366, "0.5": 0.74375, "0.0": 0.7489583333333334}, "Llama3_finetuned": {"1.0": 1.0, "0.5": 1.111111111111111, "0.0": 1.111111111111111}}}