{"wikidb_japans-top-100-waterfalls": {"GPT3_5": {}, "Llama3_not_finetuned": {"1.0": 0.23383605256432327, "0.5": 0.18639360352114878, "0.0": 0.2601397491653437}, "Llama3_finetuned": {"1.0": 0.4007388518801967, "0.5": 0.2973647756764772, "0.0": 0.5119879484089805}, "gold_standard": 1.0}, "wikidb_heaphy-sketchbook-no-2": {"GPT3_5": {}, "Llama3_not_finetuned": {"1.0": 0.3535935028730728, "0.5": 0.5704977908382665, "0.0": 0.5924345700267148}, "Llama3_finetuned": {"1.0": 0.5039975793870317, "0.5": 0.7653286911581991, "0.0": 0.48954001620668297}, "gold_standard": 1.0}, "bird_student_club": {"GPT3_5": {}, "Llama3_not_finetuned": {"1.0": 0.8523587258983594, "0.5": 0.7805753338798247, "0.0": 0.9189955305244628}, "Llama3_finetuned": {"1.0": 0.7987721212349359, "0.5": 0.8161583816719182, "0.0": 0.9178155891676626}, "gold_standard": 1.0}, "bird_toxicology": {"GPT3_5": {}, "Llama3_not_finetuned": {"1.0": 0.4365750970084564, "0.5": 0.5772298741294999, "0.0": 0.6931562919941705}, "Llama3_finetuned": {"1.0": 0.6707999700104963, "0.5": 0.6185085269856647, "0.0": 0.8346958666507538}, "gold_standard": 1.0}, "wikidb_paz-domain-superfamily": {"GPT3_5": {}, "Llama3_not_finetuned": {"1.0": 0.49542448907142883, "0.5": 0.4195078290855617, "0.0": 0.6120403922292702}, "Llama3_finetuned": {"1.0": 0.5252768981278296, "0.5": 0.5216150606327963, "0.0": 0.6799057992948188}, "gold_standard": 1.0}, "wikidb_rsga-gtpase-domain-protein-family": {"GPT3_5": {}, "Llama3_not_finetuned": {"1.0": 0.6142247914109172, "0.5": 0.5333031637814388, "0.0": 0.5742396562198252}, "Llama3_finetuned": {"1.0": 0.7746804901922376, "0.5": 0.7948351983679336, "0.0": 0.7858630694561027}, "gold_standard": 1.0}, "spider_chinook_1": {"GPT3_5": {}, "Llama3_not_finetuned": {"1.0": 0.9046734228831157, "0.5": 0.8601826459669596, "0.0": 0.9165708138221436}, "Llama3_finetuned": {"1.0": 0.6812338452316665, "0.5": 0.708680470508022, "0.0": 0.9032967032967032}, "gold_standard": 1.0}, "spider_swimming": {"GPT3_5": {}, "Llama3_not_finetuned": {"1.0": 0.6464137911599961, "0.5": 0.6678781186134127, "0.0": 0.7486182336182337}, "Llama3_finetuned": {"1.0": 0.727924779898464, "0.5": 0.7564535002035002, "0.0": 0.9084757600156153}, "gold_standard": 1.0}, "spider_company_office": {"GPT3_5": {}, "Llama3_not_finetuned": {"1.0": 0.5893348494237687, "0.5": 0.6979354718835784, "0.0": 0.8968253968253967}, "Llama3_finetuned": {"1.0": 0.9260869565217391, "0.5": 0.9305441805441805, "0.0": 0.9722222222222222}, "gold_standard": 1.0}, "spider_theme_gallery": {"GPT3_5": {}, "Llama3_not_finetuned": {"1.0": 0.6, "0.5": 0.777733860342556, "0.0": 0.6507860560492139}, "Llama3_finetuned": {"1.0": 0.8888888888888888, "0.5": 0.9333333333333332, "0.0": 1.0}, "gold_standard": 1.0}, "bird_thrombosis_prediction": {"GPT3_5": {}, "Llama3_not_finetuned": {"1.0": 0.6415626099333299, "0.5": 0.6578884577171927, "0.0": 0.7614849189839458}, "Llama3_finetuned": {"1.0": 0.7192890667805821, "0.5": 0.7382307033839698, "0.0": 0.8886932593072944}, "gold_standard": 1.0}, "bird_debit_card_specializing": {"GPT3_5": {}, "Llama3_not_finetuned": {"1.0": 0.9029352226720647, "0.5": 0.7969129478996653, "0.0": 0.899848603408975}, "Llama3_finetuned": {"1.0": 0.9632754342431762, "0.5": 0.9791964572452377, "0.0": 0.9675213675213676}, "gold_standard": 1.0}, "bird_card_games": {"GPT3_5": {}, "Llama3_not_finetuned": {"1.0": 0.6419190053241743, "0.5": 0.5647710439286301, "0.0": 0.7205210951420729}, "Llama3_finetuned": {"1.0": 0.4499500266609305, "0.5": 0.5945242707309223, "0.0": 0.5794982923314107}, "gold_standard": 1.0}, "bird_codebase_community": {"GPT3_5": {}, "Llama3_not_finetuned": {"1.0": 0.8510904571618857, "0.5": 0.8467332667332668, "0.0": 0.7911584645513217}, "Llama3_finetuned": {"1.0": 0.7740184815184815, "0.5": 0.7439898296148295, "0.0": 0.7883580705009277}, "gold_standard": 1.0}, "bird_formula_1": {"GPT3_5": {}, "Llama3_not_finetuned": {"1.0": 0.6464719077219075, "0.5": 0.5719915924800378, "0.0": 0.8065598753098753}, "Llama3_finetuned": {"1.0": 0.6970099807599808, "0.5": 0.688372668997669, "0.0": 0.8712673900173901}, "gold_standard": 1.0}, "spider_candidate_poll": {"GPT3_5": {}, "Llama3_not_finetuned": {"1.0": 0.6968954248366013, "0.5": 0.6204212454212454, "0.0": 0.9124401913875598}, "Llama3_finetuned": {"1.0": 0.9337121212121212, "0.5": 0.9, "0.0": 0.9545454545454546}, "gold_standard": 1.0}, "spider_decoration_competition": {"GPT3_5": {}, "Llama3_not_finetuned": {"1.0": 0.5488400488400489, "0.5": 0.48916083916083913, "0.0": 0.7259994907053731}, "Llama3_finetuned": {"1.0": 0.8762689552163238, "0.5": 0.8048260381593715, "0.0": 0.8481481481481481}, "gold_standard": 1.0}, "wikidb_peptidase-u32-collagenase-family": {"GPT3_5": {}, "Llama3_not_finetuned": {"1.0": 0.49350102351948893, "0.5": 0.48937093252418207, "0.0": 0.5469240397463452}, "Llama3_finetuned": {"1.0": 0.5223306347424395, "0.5": 0.5527436846316572, "0.0": 0.6472863811571242}, "gold_standard": 1.0}, "spider_entrepreneur": {"GPT3_5": {}, "Llama3_not_finetuned": {"1.0": 0.8053306342780027, "0.5": 0.8541666666666666, "0.0": 0.9019607843137254}, "Llama3_finetuned": {"1.0": 0.6374434389140271, "0.5": 0.9378787878787879, "0.0": 0.9222222222222223}, "gold_standard": 1.0}, "spider_soccer_2": {"GPT3_5": {}, "Llama3_not_finetuned": {"1.0": 0.8465608465608465, "0.5": 0.6199663082016023, "0.0": 0.734002109002109}, "Llama3_finetuned": {"1.0": 0.9205128205128205, "0.5": 0.8371794871794872, "0.0": 0.8760683760683761}, "gold_standard": 1.0}, "wikidb_tammerkoski": {"GPT3_5": {}, "Llama3_not_finetuned": {"1.0": 0.4350225585477886, "0.5": 0.4086045443358096, "0.0": 0.5532788622844141}, "Llama3_finetuned": {"1.0": 0.5595188869183532, "0.5": 0.5697579532106918, "0.0": 0.5949045220213087}, "gold_standard": 1.0}, "bird_superhero": {"GPT3_5": {}, "Llama3_not_finetuned": {"1.0": 0.4558897981564773, "0.5": 0.4675704320189614, "0.0": 0.7102824463118581}, "Llama3_finetuned": {"1.0": 0.7034263047324193, "0.5": 0.7807539682539683, "0.0": 0.9445260879471407}, "gold_standard": 1.0}, "wikidb_novelette": {"GPT3_5": {}, "Llama3_not_finetuned": {"1.0": 0.3948344284094748, "0.5": 0.3998777318809187, "0.0": 0.5044110589173812}, "Llama3_finetuned": {"1.0": 0.5200563377400363, "0.5": 0.4870325497362893, "0.0": 0.6295450626079726}, "gold_standard": 1.0}, "bird_california_schools": {"GPT3_5": {}, "Llama3_not_finetuned": {"1.0": 0.6139559782717195, "0.5": 0.5195880063495277, "0.0": 0.6885158643090805}, "Llama3_finetuned": {"1.0": 0.7272419011354815, "0.5": 0.6613292945930717, "0.0": 0.8706631002745754}, "gold_standard": 1.0}, "wikidb_chemotaxis-methyl-accepting-receptor-tar-related-ligand-binding-domain-protein-family": {"GPT3_5": {}, "Llama3_not_finetuned": {"1.0": 0.5924357686033814, "0.5": 0.5386312352567325, "0.0": 0.6769206246871673}, "Llama3_finetuned": {"1.0": 0.7486581508241731, "0.5": 0.7373849605907635, "0.0": 0.8734443274346511}, "gold_standard": 1.0}, "wikidb_alpha-defensins": {"GPT3_5": {}, "Llama3_not_finetuned": {"1.0": 0.5724809269853178, "0.5": 0.5545375772206435, "0.0": 0.6722118309551567}, "Llama3_finetuned": {"1.0": 0.6804925282038622, "0.5": 0.7002931477179917, "0.0": 0.8349745089218774}, "gold_standard": 1.0}, "wikidb_burial-vault": {"GPT3_5": {}, "Llama3_not_finetuned": {"1.0": 0.13642636257609259, "0.5": 0.15708868307958218, "0.0": 0.20919737198595126}, "Llama3_finetuned": {"1.0": 0.1710703170406687, "0.5": 0.17491528331687622, "0.0": 0.21820548467675588}, "gold_standard": 1.0}, "bird_financial": {"GPT3_5": {}, "Llama3_not_finetuned": {"1.0": 0.654763732874515, "0.5": 0.6442075759469588, "0.0": 0.8837022290251191}, "Llama3_finetuned": {"1.0": 0.6707338917728523, "0.5": 0.8879485870988765, "0.0": 0.96962624970937}, "gold_standard": 1.0}, "bird_european_football_2": {"GPT3_5": {}, "Llama3_not_finetuned": {"1.0": 0.2956554281631681, "0.5": 0.38433161143245176, "0.0": 0.5563349779057527}, "Llama3_finetuned": {"1.0": 0.4075758357475093, "0.5": 0.44132972045400176, "0.0": 0.7747027778895911}, "gold_standard": 1.0},