{"bird_debit_card_specializing": {"Llama3_finetuned": {"0.5": 0.31260229132569556, "1.0": 0.27586206896551724, "0.0": 0.44664031620553357}, "GPT3_5": {}, "Llama3_not_finetuned": {"0.5": 0.5166858457997698, "1.0": 0.36363636363636365, "0.0": 0.4833948339483395}, "gold_standard": 0.0}, "bird_toxicology": {"Llama3_finetuned": {"0.5": 0.21203438395415472, "1.0": 0.08333333333333333, "0.0": 0.20520231213872833}, "GPT3_5": {}, "Llama3_not_finetuned": {"0.5": 0.6678743961352657, "1.0": 0.39956331877729256, "0.0": 0.4791666666666667}, "gold_standard": 0.0}, "bird_card_games": {"Llama3_finetuned": {"0.5": 0.8234716769489624, "1.0": 0.7945831293848915, "0.0": 0.7838255494505495}, "GPT3_5": {}, "Llama3_not_finetuned": {"0.5": 0.8348611301135587, "1.0": 0.765068109721963, "0.0": 0.7059098341508994}, "gold_standard": 0.24429771908763506}, "wikidb_japans-top-100-waterfalls": {"Llama3_finetuned": {"0.5": 0.5492667277726856, "1.0": 0.48899818793683664, "0.0": 0.5105747698432446}, "GPT3_5": {}, "Llama3_not_finetuned": {"0.5": 0.9352829322667366, "1.0": 0.842332268370607, "0.0": 0.8688142563399589}, "gold_standard": 0.004221388367729831}, "spider_company_office": {"Llama3_finetuned": {"0.5": 0.34615384615384615, "1.0": 0.2765957446808511, "0.0": 0.33004926108374383}, "GPT3_5": {}, "Llama3_not_finetuned": {"0.5": 0.6329284750337382, "1.0": 0.5202821869488536, "0.0": 0.4403292181069959}, "gold_standard": 0.0}, "wikidb_rsga-gtpase-domain-protein-family": {"Llama3_finetuned": {"0.5": 0.47121752419765667, "1.0": 0.33161622665808116, "0.0": 0.3455233291298865}, "GPT3_5": {}, "Llama3_not_finetuned": {"0.5": 0.6648369389731998, "1.0": 0.6359172220273588, "0.0": 0.6950646298472385}, "gold_standard": 0.0}, "spider_workshop_paper": {"Llama3_finetuned": {"0.5": 0.3050847457627119, "1.0": 0.10869565217391304, "0.0": 0.26126126126126126}, "GPT3_5": {}, "Llama3_not_finetuned": {"0.5": 0.6510638297872341, "1.0": 0.5773195876288659, "0.0": 0.6510638297872341}, "gold_standard": 0.0}, "spider_chinook_1": {"Llama3_finetuned": {"0.5": 0.3333333333333333, "1.0": 0.33118556701030927, "0.0": 0.029906542056074768}, "GPT3_5": {}, "Llama3_not_finetuned": {"0.5": 0.43029637760702527, "1.0": 0.36319018404907977, "0.0": 0.36474908200734396}, "gold_standard": 0.06148282097649186}, "bird_california_schools": {"Llama3_finetuned": {"0.5": 0.6996261441278845, "1.0": 0.5848922145020489, "0.0": 0.6263031275060145}, "GPT3_5": {}, "Llama3_not_finetuned": {"0.5": 0.7916480371993204, "1.0": 0.7212585237468597, "0.0": 0.7680438028870085}, "gold_standard": 0.20667347633639768}, "wikidb_paz-domain-superfamily": {"Llama3_finetuned": {"0.5": 0.6761496492595479, "1.0": 0.59064039408867, "0.0": 0.3666158536585366}, "GPT3_5": {}, "Llama3_not_finetuned": {"0.5": 0.7575138605194047, "1.0": 0.6319751992914083, "0.0": 0.6419646704006894}, "gold_standard": 0.0}, "wikidb_peptidase-u32-collagenase-family": {"Llama3_finetuned": {"0.5": 0.4559659090909091, "1.0": 0.49114260407440213, "0.0": 0.21569965870307167}, "GPT3_5": {}, "Llama3_not_finetuned": {"0.5": 0.7367697594501719, "1.0": 0.5851985559566787, "0.0": 0.7300281954887218}, "gold_standard": 0.0}, "wikidb_alpha-defensins": {"Llama3_finetuned": {"0.5": 0.3904282115869018, "1.0": 0.32590529247910865, "0.0": 0.1357142857142857}, "GPT3_5": {}, "Llama3_not_finetuned": {"0.5": 0.35638297872340424, "1.0": 0.7417289220917823, "0.0": 0.16551724137931034}, "gold_standard": 0.0}, "wikidb_heaphy-sketchbook-no-2": {"Llama3_finetuned": {"0.5": 0.3130148270181219, "1.0": 0.4240331491712707, "0.0": 0.4034334763948498}, "GPT3_5": {}, "Llama3_not_finetuned": {"0.5": 0.6273458445040214, "1.0": 0.4975903614457831, "0.0": 0.6325991189427312}, "gold_standard": 0.0}, "bird_european_football_2": {"Llama3_finetuned": {"0.5": 0.3722671458520515, "1.0": 0.744688689672111, "0.0": 0.5368880717076534}, "GPT3_5": {}, "Llama3_not_finetuned": {"0.5": 0.5492459943449576, "1.0": 0.4252023935234073, "0.0": 0.484990157480315}, "gold_standard": 0.1111512089498376}, "wikidb_novelette": {"Llama3_finetuned": {"0.5": 0.5719310587407668, "1.0": 0.6458090803259604, "0.0": 0.6091843288375081}, "GPT3_5": {}, "Llama3_not_finetuned": {"0.5": 0.8459103570524183, "1.0": 0.8156619206301121, "0.0": 0.7798480463096961}, "gold_standard": 0.01337295690936107}, "wikidb_tammerkoski": {"Llama3_finetuned": {"0.5": 0.2100238663484487, "1.0": 0.18673218673218672, "0.0": 0.2302325581395349}, "GPT3_5": {}, "Llama3_not_finetuned": {"0.5": 0.777404169468729, "1.0": 0.503003003003003, "0.0": 0.7345629510825983}, "gold_standard": 0.0}, "bird_student_club": {"Llama3_finetuned": {"0.5": 0.4310520939734423, "1.0": 0.4441117764471058, "0.0": 0.33213429256594723}, "GPT3_5": {}, "Llama3_not_finetuned": {"0.5": 0.4972924187725632, "1.0": 0.4191866527632951, "0.0": 0.31907090464547677}, "gold_standard": 0.03298611111111111}, "wikidb_chemotaxis-methyl-accepting-receptor-tar-related-ligand-binding-domain-protein-family": {"Llama3_finetuned": {"0.5": 0.5436605821410952, "1.0": 0.39384010484927917, "0.0": 0.36294765840220383}, "GPT3_5": {}, "Llama3_not_finetuned": {"0.5": 0.7769471907402942, "1.0": 0.7004533678756477, "0.0": 0.7288980070339977}, "gold_standard": 0.0}, "spider_entrepreneur": {"Llama3_finetuned": {"0.5": 0.16666666666666666, "1.0": 0.4262295081967213, "0.0": 0.4444444444444444}, "GPT3_5": {}, "Llama3_not_finetuned": {"0.5": 0.5, "1.0": 0.2857142857142857, "0.0": 0.5}, "gold_standard": 0.0}, "spider_candidate_poll": {"Llama3_finetuned": {"0.5": 0.19047619047619047, "1.0": 0.43333333333333335, "0.0": 0.0}, "GPT3_5": {}, "Llama3_not_finetuned": {"0.5": 0.6330935251798561, "1.0": 0.3108108108108108, "0.0": 0.43333333333333335}, "gold_standard": 0.0}, "bird_codebase_community": {"Llama3_finetuned": {"0.5": 0.33687943262411346, "1.0": 0.26232741617357, "0.0": 0.35628227194492257}, "GPT3_5": {}, "Llama3_not_finetuned": {"0.5": 0.496551724137931, "1.0": 0.3956953642384106, "0.0": 0.5644391408114559}, "gold_standard": 0.24748490945674045}, "spider_decoration_competition": {"Llama3_finetuned": {"0.5": 0.2631578947368421, "1.0": 0.23636363636363636, "0.0": 0.2631578947368421}, "GPT3_5": {}, "Llama3_not_finetuned": {"0.5": 0.6037735849056604, "1.0": 0.35384615384615387, "0.0": 0.35384615384615387}, "gold_standard": 0.0}, "bird_formula_1": {"Llama3_finetuned": {"0.5": 0.459211732355637, "1.0": 0.5054484492875104, "0.0": 0.21750663129973474}, "GPT3_5": {}, "Llama3_not_finetuned": {"0.5": 0.7654075546719682, "1.0": 0.3979591836734694, "0.0": 0.5639320029563932}, "gold_standard": 0.1033434650455927}, "bird_thrombosis_prediction": {"Llama3_finetuned": {"0.5": 0.6600631639391329, "1.0": 0.5269676388333999, "0.0": 0.36684491978609624}, "GPT3_5": {}, "Llama3_not_finetuned": {"0.5": 0.7200945626477542, "1.0": 0.6288401253918495, "0.0": 0.7022881569021876}, "gold_standard": 0.4393939393939394}, "spider_theme_gallery": {"Llama3_finetuned": {"0.5": 0.22962962962962963, "1.0": 0.35802469135802467, "0.0": 0.0}, "GPT3_5": {}, "Llama3_not_finetuned": {"0.5": 0.6510067114093959, "1.0": 0.4583333333333333, "0.0": 0.5737704918032787}, "gold_standard": 0.0}, "bird_financial": {"Llama3_finetuned": {"0.5": 0.30454042081949056, "1.0": 0.3060773480662983, "0.0": 0.21303258145363407}, "GPT3_5": {}, "Llama3_not_finetuned": {"0.5": 0.61090458488228, "1.0": 0.37074148296593185, "0.0": 0.42066420664206644}, "gold_standard": 0.048484848484848485}, "wikidb_burial-vault": {"Llama3_finetuned": {"0.5": 0.7191304347826087, "1.0": 0.5358236374770361, "0.0": 0.2094843462246777}, "GPT3_5": {}, "Llama3_not_finetuned": {"0.5": 0.2716584158415842, "1.0": 0.2678903963820165, "0.0": 0.2950236966824645}, "gold_standard": 0.003305785123966942}, "bird_superhero": {"Llama3_finetuned": {"0.5": 0.6191135734072022, "1.0": 0.6008708272859217, "0.0": 0.5454545454545454}, "GPT3_5": {}, "Llama3_not_finetuned": {"0.5": 0.781919111816019, "1.0": 0.6991247264770241, "0.0": 0.7486288848263254}, "gold_standard": 0.0036231884057971015},