{"bird_debit_card_specializing": {"Llama3_finetuned_dc": {"1.0_1.0": 0.4520192464450168, "1.0_0.0": 0.9075242988555681, "0.0_0.0": 0.990776642809163, "0.0_1.0": 0.8274032688193216}, "Llama3_not_finetuned": {"1.0_1.0": 0.5411808626994404, "1.0_0.0": 0.7543691876450497, "0.0_0.0": 0.9155806519196308, "0.0_1.0": 0.9265217110457803}, "gold_standard": 1.0}, "bird_toxicology": {"Llama3_finetuned_dc": {"1.0_1.0": 0.40724883974883974, "1.0_0.0": 0.8153908767768585, "0.0_0.0": 0.8614558746203795, "0.0_1.0": 0.7911838082989071}, "Llama3_not_finetuned": {"1.0_1.0": 0.3062950327457187, "1.0_0.0": 0.5830080976169455, "0.0_0.0": 0.5860111544615811, "0.0_1.0": 0.40221699687671364}, "gold_standard": 1.0}, "bird_card_games": {"Llama3_finetuned_dc": {"1.0_1.0": 0.29147047434392753, "1.0_0.0": 0.5957602975404764, "0.0_0.0": 0.9282269334274286, "0.0_1.0": 0.6246393658117999}, "Llama3_not_finetuned": {"1.0_1.0": 0.2939599950098695, "1.0_0.0": 0.5141132806709533, "0.0_0.0": 0.8495945071584892, "0.0_1.0": 0.4496759013136981}, "gold_standard": 1.0}, "wikidb_japans-top-100-waterfalls": {"Llama3_finetuned_dc": {"1.0_1.0": 0.39304457255753533, "1.0_0.0": 0.4562726384333829, "0.0_0.0": 0.6972501996920052, "0.0_1.0": 0.40328460261981963}, "Llama3_not_finetuned": {"1.0_1.0": 0.23721480138609194, "1.0_0.0": 0.34229748090985895, "0.0_0.0": 0.44944618744726267, "0.0_1.0": 0.4330990982240537}, "gold_standard": 1.0}, "spider_company_office": {"Llama3_finetuned_dc": {"1.0_1.0": 0.5313768500232178, "1.0_0.0": 0.989247311827957, "0.0_0.0": 0.9881789357595809, "0.0_1.0": 0.8240689215997402}, "Llama3_not_finetuned": {"1.0_1.0": 0.6679638740317048, "1.0_0.0": 0.8893415295387781, "0.0_0.0": 0.9319847444847444, "0.0_1.0": 0.7212714678282333}, "gold_standard": 1.0}, "wikidb_rsga-gtpase-domain-protein-family": {"Llama3_finetuned_dc": {"1.0_1.0": 0.6552777921071874, "1.0_0.0": 0.8461503570723127, "0.0_0.0": 0.9854007157799592, "0.0_1.0": 0.8385706102955671}, "Llama3_not_finetuned": {"1.0_1.0": 0.5099344979213154, "1.0_0.0": 0.8124067737641645, "0.0_0.0": 0.7176412621063966, "0.0_1.0": 0.7713626783419801}, "gold_standard": 1.0}, "spider_workshop_paper": {"Llama3_finetuned_dc": {"1.0_1.0": 0.5595643426974471, "1.0_0.0": 0.89996114996115, "0.0_0.0": 0.9096119929453264, "0.0_1.0": 0.9085592769803296}, "Llama3_not_finetuned": {"1.0_1.0": 0.5820380237046904, "1.0_0.0": 0.7377677147413989, "0.0_0.0": 0.6105398299670745, "0.0_1.0": 0.7961700336700338}, "gold_standard": 1.0}, "spider_chinook_1": {"Llama3_finetuned_dc": {"1.0_1.0": 0.4414790105132138, "1.0_0.0": 0.8752892582290275, "0.0_0.0": 0.9876262626262626, "0.0_1.0": 0.9243005083646794}, "Llama3_not_finetuned": {"1.0_1.0": 0.4733830112931879, "1.0_0.0": 0.787365970844196, "0.0_0.0": 0.8999190209810343, "0.0_1.0": 0.8823784697787889}, "gold_standard": 1.0}, "bird_california_schools": {"Llama3_finetuned_dc": {"1.0_1.0": 0.4527303884617342, "1.0_0.0": 0.7877629865807608, "0.0_0.0": 0.9703196392600836, "0.0_1.0": 0.6408532531676668}, "Llama3_not_finetuned": {"1.0_1.0": 0.4503454946455982, "1.0_0.0": 0.7848727978981437, "0.0_0.0": 0.8275963030882586, "0.0_1.0": 0.40222242565007554}, "gold_standard": 1.0}, "wikidb_paz-domain-superfamily": {"Llama3_finetuned_dc": {"1.0_1.0": 0.48536501583388686, "1.0_0.0": 0.6518733017498554, "0.0_0.0": 0.9304724903497583, "0.0_1.0": 0.689531235489799}, "Llama3_not_finetuned": {"1.0_1.0": 0.3769036977633919, "1.0_0.0": 0.48266060983701314, "0.0_0.0": 0.7621147488179659, "0.0_1.0": 0.5234162062463127}, "gold_standard": 1.0}, "wikidb_peptidase-u32-collagenase-family": {"Llama3_finetuned_dc": {"1.0_1.0": 0.5555627293351231, "1.0_0.0": 0.7095367295205774, "0.0_0.0": 0.9129221046513504, "0.0_1.0": 0.7285375918430894}, "Llama3_not_finetuned": {"1.0_1.0": 0.4733968960648749, "1.0_0.0": 0.6550936619080941, "0.0_0.0": 0.6720871997361721, "0.0_1.0": 0.6266198982253484}, "gold_standard": 1.0}, "wikidb_alpha-defensins": {"Llama3_finetuned_dc": {"1.0_1.0": 0.6557814848836521, "1.0_0.0": 0.6163547563547563, "0.0_0.0": 1.0, "0.0_1.0": 0.753811985863406}, "Llama3_not_finetuned": {"1.0_1.0": 0.654175345960542, "1.0_0.0": 0.7130942377395466, "0.0_0.0": 0.6737745430726161, "0.0_1.0": 0.601898375686001}, "gold_standard": 1.0}, "wikidb_heaphy-sketchbook-no-2": {"Llama3_finetuned_dc": {"1.0_1.0": 0.6714794076356654, "1.0_0.0": 0.6641690329334458, "0.0_0.0": 0.9498242020899677, "0.0_1.0": 0.8723625483945401}, "Llama3_not_finetuned": {"1.0_1.0": 0.6963183257501354, "1.0_0.0": 0.7884921908710836, "0.0_0.0": 0.7689606332515833, "0.0_1.0": 0.5593178863430992}, "gold_standard": 1.0}, "bird_european_football_2": {"Llama3_finetuned_dc": {"1.0_1.0": 0.3519506019367868, "1.0_0.0": 0.7162294173477386, "0.0_0.0": 0.3101364436318766, "0.0_1.0": 0.509685544147922}, "Llama3_not_finetuned": {"1.0_1.0": 0.258442437976686, "1.0_0.0": 0.3285911906794089, "0.0_0.0": 0.14879332261940958, "0.0_1.0": 0.39017177543244197}, "gold_standard": 1.0}, "wikidb_novelette": {"Llama3_finetuned_dc": {"1.0_1.0": 0.5114153185049819, "1.0_0.0": 0.7130317313978821, "0.0_0.0": 0.9781804685684841, "0.0_1.0": 0.6684536489066428}, "Llama3_not_finetuned": {"1.0_1.0": 0.6384896061932691, "1.0_0.0": 0.755646786794306, "0.0_0.0": 0.7903472745945571, "0.0_1.0": 0.6033147091990954}, "gold_standard": 1.0}, "wikidb_tammerkoski": {"Llama3_finetuned_dc": {"1.0_1.0": 0.8416146086944943, "1.0_0.0": 0.9232071526674226, "0.0_0.0": 0.9753563395692759, "0.0_1.0": 0.8720056684687376}, "Llama3_not_finetuned": {"1.0_1.0": 0.7327738566223496, "1.0_0.0": 0.7910278580018828, "0.0_0.0": 0.7948626485494901, "0.0_1.0": 0.7650926662254289}, "gold_standard": 1.0}, "bird_student_club": {"Llama3_finetuned_dc": {"1.0_1.0": 0.4884975169426564, "1.0_0.0": 0.8119189018275137, "0.0_0.0": 0.9397484115263619, "0.0_1.0": 0.9418367697858545}, "Llama3_not_finetuned": {"1.0_1.0": 0.4361871870332492, "1.0_0.0": 0.7901865262529262, "0.0_0.0": 0.8689714810542696, "0.0_1.0": 0.8234255714068658}, "gold_standard": 1.0}, "wikidb_chemotaxis-methyl-accepting-receptor-tar-related-ligand-binding-domain-protein-family": {"Llama3_finetuned_dc": {"1.0_1.0": 0.6752941936435, "1.0_0.0": 0.8354444143534314, "0.0_0.0": 0.9899526792855239, "0.0_1.0": 0.8665995725070544}, "Llama3_not_finetuned": {"1.0_1.0": 0.6558952025252579, "1.0_0.0": 0.8125869683541218, "0.0_0.0": 0.6092092966893846, "0.0_1.0": 0.6817247372337646}, "gold_standard": 1.0}, "spider_entrepreneur": {"Llama3_finetuned_dc": {"1.0_1.0": 0.5627290356702122, "1.0_0.0": 0.8550000000000001, "0.0_0.0": 0.8487929717341482, "0.0_1.0": 0.8365730837789662}, "Llama3_not_finetuned": {"1.0_1.0": 0.5224175824175824, "1.0_0.0": 0.8354545454545454, "0.0_0.0": 0.8524584187742082, "0.0_1.0": 0.7001196172248804}, "gold_standard": 1.0}, "spider_candidate_poll": {"Llama3_finetuned_dc": {"1.0_1.0": 0.7286040348540348, "1.0_0.0": 0.8333333333333333, "0.0_0.0": 0.9, "0.0_1.0": 0.7759259259259259}, "Llama3_not_finetuned": {"1.0_1.0": 0.7111742424242424, "1.0_0.0": 0.9015151515151515, "0.0_0.0": 0.9477272727272728, "0.0_1.0": 0.7829124579124579}, "gold_standard": 1.0}, "bird_codebase_community": {"Llama3_finetuned_dc": {"1.0_1.0": 0.3841908959096459, "1.0_0.0": 0.5486971794562314, "0.0_0.0": 0.8587826800624418, "0.0_1.0": 0.7949192988999536}, "Llama3_not_finetuned": {"1.0_1.0": 0.3737654303801741, "1.0_0.0": 0.5005620885520831, "0.0_0.0": 0.7659643787099144, "0.0_1.0": 0.6025782917435878}, "gold_standard": 1.0}, "spider_decoration_competition": {"Llama3_finetuned_dc": {"1.0_1.0": 0.4909222253494699, "1.0_0.0": 0.8256854256854256, "0.0_0.0": 0.9207551707551708, "0.0_1.0": 0.951058201058201}, "Llama3_not_finetuned": {"1.0_1.0": 0.5090341459306976, "1.0_0.0": 0.6509531590413944, "0.0_0.0": 0.767424577486497, "0.0_1.0": 0.44825851708204656}, "gold_standard": 1.0}, "bird_formula_1": {"Llama3_finetuned_dc": {"1.0_1.0": 0.34563330827171507, "1.0_0.0": 0.7637343427637335, "0.0_0.0": 0.9971509971509972, "0.0_1.0": 0.7736575262862699}, "Llama3_not_finetuned": {"1.0_1.0": 0.3504727880859448,