{
    "wikidb_japans-top-100-waterfalls": {
        "missing_tables_1500": {
            "0.5": 0.704225352112676,
            "1.0": 0.8309859154929577,
            "0.0": 0.92018779342723
        },
        "missing_tables_600": {
            "0.5": 0.892018779342723,
            "1.0": 0.8497652582159625,
            "0.0": 0.8450704225352113
        },
        "missing_tables_300": {
            "0.5": 0.9061032863849765,
            "1.0": 0.7136150234741784,
            "0.0": 0.7981220657276995
        },
        "missing_tables_0": {
            "0.5": 0.8169014084507042,
            "1.0": 0.7183098591549296,
            "0.0": 0.8732394366197183
        }
    },
    "spider_company_office": {
        "missing_tables_1500": {
            "0.5": 0.9574468085106383,
            "1.0": 1.0,
            "0.0": 1.0
        },
        "missing_tables_600": {
            "0.5": 0.9574468085106383,
            "1.0": 1.0,
            "0.0": 1.0
        },
        "missing_tables_300": {
            "0.5": 0.9574468085106383,
            "1.0": 0.8936170212765957,
            "0.0": 0.9574468085106383
        },
        "missing_tables_0": {
            "0.5": 0.7446808510638298,
            "1.0": 1.0,
            "0.0": 0.9574468085106383
        }
    },
    "spider_workshop_paper": {
        "missing_tables_1500": {
            "0.5": 0.9090909090909091,
            "1.0": 1.0,
            "0.0": 1.0
        },
        "missing_tables_600": {
            "0.5": 1.0,
            "1.0": 0.9090909090909091,
            "0.0": 0.9545454545454546
        },
        "missing_tables_300": {
            "0.5": 0.9090909090909091,
            "1.0": 1.0,
            "0.0": 0.8636363636363636
        },
        "missing_tables_0": {
            "0.5": 0.9090909090909091,
            "1.0": 1.0,
            "0.0": 0.9090909090909091
        }
    },
    "bird_genes": {
        "missing_tables_1500": {
            "0.5": 0.751004016064257,
            "1.0": 1.0,
            "0.0": 0.9678714859437751
        },
        "missing_tables_600": {
            "0.5": 0.7269076305220884,
            "1.0": 1.0,
            "0.0": 0.9799196787148594
        },
        "missing_tables_300": {
            "0.5": 0.7108433734939759,
            "1.0": 1.0,
            "0.0": 0.9477911646586346
        },
        "missing_tables_0": {
            "0.5": 0.7028112449799196,
            "1.0": 1.0,
            "0.0": 0.9558232931726908
        }
    },
    "bird_citeseer": {
        "missing_tables_1500": {
            "0.5": 0.8875502008032129,
            "1.0": 1.0,
            "0.0": 0.927710843373494
        },
        "missing_tables_600": {
            "0.5": 0.9518072289156626,
            "1.0": 1.0,
            "0.0": 0.7670682730923695
        },
        "missing_tables_300": {
            "0.5": 0.7871485943775101,
            "1.0": 1.0,
            "0.0": 0.9678714859437751
        },
        "missing_tables_0": {
            "0.5": 0.9759036144578314,
            "1.0": 1.0,
            "0.0": 0.9959839357429718
        }
    },
    "wikidb_chemotaxis-methyl-accepting-receptor-tar-related-ligand-binding-domain-protein-family": {
        "missing_tables_1500": {
            "0.5": 0.7974683544303798,
            "1.0": 0.8481012658227848,
            "0.0": 1.0
        },
        "missing_tables_600": {
            "0.5": 0.8860759493670886,
            "1.0": 1.0,
            "0.0": 0.9746835443037974
        },
        "missing_tables_300": {
            "0.5": 1.0,
            "1.0": 0.7974683544303798,
            "0.0": 0.9367088607594937
        },
        "missing_tables_0": {
            "0.5": 1.0,
            "1.0": 1.0,
            "0.0": 1.0
        }
    },
    "bird_professional_basketball": {
        "missing_tables_1500": {
            "0.5": 0.7818930041152263,
            "1.0": 0.9547325102880658,
            "0.0": 0.9711934156378601
        },
        "missing_tables_600": {
            "0.5": 0.831275720164609,
            "1.0": 0.9711934156378601,
            "0.0": 0.9300411522633745
        },
        "missing_tables_300": {
            "0.5": 0.7818930041152263,
            "1.0": 0.9711934156378601,
            "0.0": 0.9300411522633745
        },
        "missing_tables_0": {
            "0.5": 0.7942386831275721,
            "1.0": 0.8395061728395061,
            "0.0": 0.9053497942386831
        }
    },
    "spider_theme_gallery": {
        "missing_tables_1500": {
            "0.5": 0.8846153846153846,
            "1.0": 1.0,
            "0.0": 1.0
        },
        "missing_tables_600": {
            "0.5": 0.9230769230769231,
            "1.0": 1.0,
            "0.0": 1.0
        },
        "missing_tables_300": {
            "0.5": 0.9230769230769231,
            "1.0": 1.0,
            "0.0": 1.0
        },
        "missing_tables_0": {
            "0.5": 1.0,
            "1.0": 1.0,
            "0.0": 1.0
        }
    },
    "wikidb_burial-vault": {
        "missing_tables_1500": {
            "0.5": 0.6231884057971014,
            "1.0": 0.9927536231884058,
            "0.0": 0.7101449275362319
        },
        "missing_tables_600": {
            "0.5": 0.6666666666666666,
            "1.0": 0.6231884057971014,
            "0.0": 0.7536231884057971
        },
        "missing_tables_300": {
            "0.5": 0.41304347826086957,
            "1.0": 0.4492753623188406,
            "0.0": 0.6666666666666666
        },
        "missing_tables_0": {
            "0.5": 0.8985507246376812,
            "1.0": 0.9927536231884058,
            "0.0": 0.7318840579710145
        }
    }
}