{"wikidb_japans-top-100-waterfalls": {"GPT3_5": {}, "Llama3_not_finetuned": {"1.0": 0.4633111986053163, "0.5": 0.58866634380333, "0.0": 0.8122201872201872}, "Llama3_finetuned": {"1.0": 1.0, "0.5": 1.0, "0.0": 0.8988095238095238}, "Heuristic_fuzzy": {"1.0": 0.31913733506870756, "0.5": 0.3948647028741567, "0.0": 0.4763450834879405}, "Heuristic_synonyms": {"1.0": 0.31962675642647626, "0.5": 0.4159457226586856, "0.0": 0.4763450834879405}, "Heuristic_exact": {"1.0": 0.33911291789443043, "0.5": 0.44808112638994985, "0.0": 0.5324675324675324}}, "wikidb_heaphy-sketchbook-no-2": {"GPT3_5": {}, "Llama3_not_finetuned": {"1.0": 0.7777777777777777, "0.5": 1.0, "0.0": 1.0}, "Llama3_finetuned": {"1.0": 1.0, "0.5": 1.0, "0.0": 1.0}, "Heuristic_fuzzy": {"1.0": 0.5986003611971105, "0.5": 0.4900240798073615, "0.0": 0.7529239766081872}, "Heuristic_synonyms": {"1.0": 0.6190724974200206, "0.5": 0.5023219814241485, "0.0": 0.7529239766081872}, "Heuristic_exact": {"1.0": 0.5520833333333334, "0.5": 0.7222222222222222, "0.0": 0.7529239766081872}}, "bird_student_club": {"GPT3_5": {}, "Llama3_not_finetuned": {"1.0": 0.8537301587301587, "0.5": 0.9114583333333334, "0.0": 0.8770161358703026}, "Llama3_finetuned": {"1.0": 0.9375, "0.5": 0.875, "0.0": 0.9791666666666667}, "Heuristic_fuzzy": {"1.0": 0.8067129629629629, "0.5": 0.684970238095238, "0.0": 0.875}, "Heuristic_synonyms": {"1.0": 0.6189373897707231, "0.5": 0.6608343776106933, "0.0": 0.75}, "Heuristic_exact": {"1.0": 0.7944609788359789, "0.5": 0.8287946428571429, "0.0": 0.875}}, "bird_toxicology": {"GPT3_5": {}, "Llama3_not_finetuned": {"1.0": 0.8014981273408239, "0.5": 0.8601190476190477, "0.0": 0.7653846153846153}, "Llama3_finetuned": {"1.0": 1.0, "0.5": 1.0, "0.0": 1.0}, "Heuristic_fuzzy": {"1.0": 0.7161297852474323, "0.5": 0.7273504273504274, "0.0": 1.0}, "Heuristic_synonyms": {"1.0": 0.7062409812409811, "0.5": 0.5200477626948214, "0.0": 0.75}, "Heuristic_exact": {"1.0": 0.8306878306878307, "0.5": 0.7957264957264958, "0.0": 1.0}}, "wikidb_paz-domain-superfamily": {"GPT3_5": {}, "Llama3_not_finetuned": {"1.0": 0.5008645889754912, "0.5": 0.9416666666666667, "0.0": 0.6297990780133638}, "Llama3_finetuned": {"1.0": 1.0, "0.5": 1.0, "0.0": 1.0}, "Heuristic_fuzzy": {"1.0": 0.5770936404864976, "0.5": 0.45510600510600513, "0.0": 0.653061224489796}, "Heuristic_synonyms": {"1.0": 0.5522186147186147, "0.5": 0.4276548847977419, "0.0": 0.653061224489796}, "Heuristic_exact": {"1.0": 0.5710107022607022, "0.5": 0.64637703566275, "0.0": 0.7551020408163265}}, "wikidb_rsga-gtpase-domain-protein-family": {"GPT3_5": {}, "Llama3_not_finetuned": {"1.0": 0.740220488046575, "0.5": 0.9289772727272728, "0.0": 1.0}, "Llama3_finetuned": {"1.0": 1.0, "0.5": 1.0, "0.0": 1.0}, "Heuristic_fuzzy": {"1.0": 0.6833192060464789, "0.5": 0.6769054603806927, "0.0": 0.8989898989898989}, "Heuristic_synonyms": {"1.0": 0.7297891502436958, "0.5": 0.6915739059701909, "0.0": 0.8989898989898989}, "Heuristic_exact": {"1.0": 0.6111493725130089, "0.5": 0.5728162203007404, "0.0": 0.8989898989898989}}, "spider_chinook_1": {"GPT3_5": {}, "Llama3_not_finetuned": {"1.0": 0.8800375550375551, "0.5": 0.8232545232545232, "0.0": 0.8735431235431236}, "Llama3_finetuned": {"1.0": 0.986013986013986, "0.5": 0.9090909090909091, "0.0": 0.9090909090909091}, "Heuristic_fuzzy": {"1.0": 0.6729538979538979, "0.5": 0.5954745002472276, "0.0": 0.7863247863247863}, "Heuristic_synonyms": {"1.0": 0.5747437747437748, "0.5": 0.6060761208488482, "0.0": 0.7847707847707848}, "Heuristic_exact": {"1.0": 0.7659377042710376, "0.5": 0.8127156177156177, "0.0": 0.9681429681429681}}, "spider_swimming": {"GPT3_5": {}, "Llama3_not_finetuned": {"1.0": 0.7063279857397504, "0.5": 0.9514705882352941, "0.0": 0.7051767676767676}, "Llama3_finetuned": {"1.0": 1.125, "0.5": 1.0, "0.0": 1.125}, "Heuristic_fuzzy": {"1.0": 0.9002039627039626, "0.5": 0.6451569264069263, "0.0": 1.0}, "Heuristic_synonyms": {"1.0": 0.9002039627039626, "0.5": 0.6820075757575758, "0.0": 1.0}, "Heuristic_exact": {"1.0": 0.8212121212121212, "0.5": 0.8058035714285714, "0.0": 1.0}}, "spider_company_office": {"GPT3_5": {}, "Llama3_not_finetuned": {"1.0": 0.9583333333333334, "0.5": 1.0, "0.0": 0.8775462962962962}, "Llama3_finetuned": {"1.0": 1.0, "0.5": 1.0, "0.0": 1.0}, "Heuristic_fuzzy": {"1.0": 0.8794834307992202, "0.5": 0.663888888888889, "0.0": 1.0}, "Heuristic_synonyms": {"1.0": 0.8794834307992202, "0.5": 0.7620370370370372, "0.0": 1.0}, "Heuristic_exact": {"1.0": 0.8459821428571428, "0.5": 0.8240740740740741, "0.0": 1.0}}, "spider_theme_gallery": {"GPT3_5": {}, "Llama3_not_finetuned": {"1.0": 1.0, "0.5": 1.0, "0.0": 0.8771929824561404}, "Llama3_finetuned": {"1.0": 1.0, "0.5": 1.0, "0.0": 1.0}, "Heuristic_fuzzy": {"1.0": 0.8196581196581195, "0.5": 0.6514285714285716, "0.0": 0.6666666666666666}, "Heuristic_synonyms": {"1.0": 0.852991452991453, "0.5": 0.6514285714285716, "0.0": 0.6666666666666666}, "Heuristic_exact": {"1.0": 0.824074074074074, "0.5": 0.8696296296296296, "0.0": 1.0}}, "bird_thrombosis_prediction": {"GPT3_5": {}, "Llama3_not_finetuned": {"1.0": 0.6487335581085582, "0.5": 0.8595411532911532, "0.0": 0.8338081064306452}, "Llama3_finetuned": {"1.0": 0.6648716965172662, "0.5": 0.7750374765526281, "0.0": 0.9457750582750583}, "Heuristic_fuzzy": {"1.0": 0.8275353471005644, "0.5": 0.7581279831279831, "0.0": 0.9970156106519742}, "Heuristic_synonyms": {"1.0": 0.8365215299997907, "0.5": 0.7778846153846155, "0.0": 0.9970156106519742}, "Heuristic_exact": {"1.0": 0.8390706515706515, "0.5": 0.8140678765678767, "0.0": 0.9970156106519742}}, "bird_debit_card_specializing": {"GPT3_5": {}, "Llama3_not_finetuned": {"1.0": 0.8500201288244768, "0.5": 0.9211111111111112, "0.0": 0.9276118738876175}, "Llama3_finetuned": {"1.0": 1.0, "0.5": 1.0, "0.0": 1.0}, "Heuristic_fuzzy": {"1.0": 0.6550252525252526, "0.5": 0.7490873648768386, "0.0": 0.8}, "Heuristic_synonyms": {"1.0": 0.6936363636363637, "0.5": 0.628474025974026, "0.0": 0.8}, "Heuristic_exact": {"1.0": 0.6913888888888888, "0.5": 0.7973648573648574, "0.0": 1.0}}, "bird_card_games": {"GPT3_5": {}, "Llama3_not_finetuned": {"1.0": 0.805140776569348, "0.5": 0.9060422203279347, "0.0": 0.7987029753986538}, "Llama3_finetuned": {"1.0": 0.9305725185827226, "0.5": 0.8142857142857143, "0.0": 0.7759212312783742}, "Heuristic_fuzzy": {"1.0": 0.39090872662301235, "0.5": 0.598417486363915, "0.0": 0.8548643395582172}, "Heuristic_synonyms": {"1.0": 0.3742668099810957, "0.5": 0.5643117607403322, "0.0": 0.8548643395582172}, "Heuristic_exact": {"1.0": 0.7537029376315091, "0.5": 0.7782699791628362, "0.0": 0.9977214824153601}}, "bird_codebase_community": {"GPT3_5": {}, "Llama3_not_finetuned": {"1.0": 0.7854558270676693, "0.5": 0.8515873015873016, "0.0": 0.7631500626566416}, "Llama3_finetuned": {"1.0": 0.7008928571428572, "0.5": 0.5, "0.0": 0.7023809523809523}, "Heuristic_fuzzy": {"1.0": 0.7710648148148148, "0.5": 0.5758408919123205, "0.0": 0.375}, "Heuristic_synonyms": {"1.0": 0.7744661753590325, "0.5": 0.6432260530474816, "0.0": 0.37410714285714286}, "Heuristic_exact": {"1.0": 0.8184039588057446, "0.5": 0.9116071428571428, "0.0": 0.8528911564625851}}, "bird_formula_1": {"GPT3_5": {}, "Llama3_not_finetuned": {"1.0": 0.8037912087912088, "0.5": 0.8411375661375662, "0.0": 0.6821737521737522}, "Llama3_finetuned": {"1.0": 0.8461538461538461, "0.5": 0.8461538461538461, "0.0": 0.888034188034188}, "Heuristic_fuzzy": {"1.0": 0.5380788655788655, "0.5": 0.5463549982780752, "0.0": 0.6923076923076923}, "Heuristic_synonyms": {"1.0": 0.4831064826863146, "0.5": 0.5786175552842219, "0.0": 0.6923076923076923}, "Heuristic_exact": {"1.0": 0.8112018867376012, "0.5": 0.8660561660561661, "0.0": 0.8461538461538461}}, "spider_candidate_poll": {"GPT3_5": {}, "Llama3_not_finetuned": {"1.0": 0.7440476190476191, "0.5": 1.0, "0.0": 0.7857142857142858}, "Llama3_finetuned": {"1.0": 1.0, "0.5": 1.0, "0.0": 1.0}, "Heuristic_fuzzy": {"1.0": 0.849537037037037, "0.5": 0.9416666666666667, "0.0": 1.0}, "Heuristic_synonyms": {"1.0": 0.849537037037037,