{"wikidb_japans-top-100-waterfalls": {"GPT3_5": {}, "Llama3_not_finetuned": {"1.0": 0.7644382366361991, "0.5": 0.9138642772571345, "0.0": 0.8852353040845105}, "Llama3_finetuned": {"1.0": 0.764761932408095, "0.5": 0.9557760141093474, "0.0": 0.7284994564172903}, "Heuristic_fuzzy": {"1.0": 0.595633511223515, "0.5": 0.732328116431758, "0.0": 0.5211407269882659}, "Heuristic_synonyms": {"1.0": 0.5591958894397916, "0.5": 0.7053995696094202, "0.0": 0.5211407269882659}, "Heuristic_exact": {"1.0": 0.7280660976877942, "0.5": 0.865911263495297, "0.0": 0.5842026442718234}, "gold_standard": 1.0}, "wikidb_heaphy-sketchbook-no-2": {"GPT3_5": {}, "Llama3_not_finetuned": {"1.0": 1.0, "0.5": 1.0, "0.0": 1.0}, "Llama3_finetuned": {"1.0": 0.9957983193277311, "0.5": 0.9833333333333334, "0.0": 0.797306327501761}, "Heuristic_fuzzy": {"1.0": 0.8720867733058135, "0.5": 0.9790659804591693, "0.0": 0.797306327501761}, "Heuristic_synonyms": {"1.0": 0.8292034290099306, "0.5": 0.9437613083510916, "0.0": 0.797306327501761}, "Heuristic_exact": {"1.0": 0.8993055555555556, "0.5": 1.0, "0.0": 0.797306327501761}, "gold_standard": 1.0}, "bird_student_club": {"GPT3_5": {}, "Llama3_not_finetuned": {"1.0": 0.9913647342995169, "0.5": 0.9938271604938271, "0.0": 1.0}, "Llama3_finetuned": {"1.0": 0.9975799663299663, "0.5": 0.9940476190476191, "0.0": 0.9536111429470948}, "Heuristic_fuzzy": {"1.0": 1.0, "0.5": 0.9712053571428572, "0.0": 1.0}, "Heuristic_synonyms": {"1.0": 0.9082051355077672, "0.5": 0.9701369810744811, "0.0": 0.9628623188405797}, "Heuristic_exact": {"1.0": 1.0, "0.5": 1.0, "0.0": 1.0}, "gold_standard": 1.0}, "bird_toxicology": {"GPT3_5": {}, "Llama3_not_finetuned": {"1.0": 0.9019278606965174, "0.5": 1.0, "0.0": 0.8852165725047081}, "Llama3_finetuned": {"1.0": 0.8962784900284901, "0.5": 1.0, "0.0": 1.0}, "Heuristic_fuzzy": {"1.0": 0.9346590909090909, "0.5": 0.9791666666666666, "0.0": 1.0}, "Heuristic_synonyms": {"1.0": 0.952020202020202, "0.5": 0.8873069498069497, "0.0": 0.8958333333333334}, "Heuristic_exact": {"1.0": 1.0, "0.5": 1.0, "0.0": 1.0}, "gold_standard": 1.0}, "wikidb_paz-domain-superfamily": {"GPT3_5": {}, "Llama3_not_finetuned": {"1.0": 0.9132434034219747, "0.5": 0.9970521541950114, "0.0": 0.9282923425780568}, "Llama3_finetuned": {"1.0": 0.9477685013399297, "0.5": 0.9818181818181818, "0.0": 0.838613653768352}, "Heuristic_fuzzy": {"1.0": 0.8681451980559123, "0.5": 0.8897435633149919, "0.0": 0.7379949080901461}, "Heuristic_synonyms": {"1.0": 0.7890748471105614, "0.5": 0.8606076991791277, "0.0": 0.7379949080901461}, "Heuristic_exact": {"1.0": 0.9142367222724365, "0.5": 0.9765512265512265, "0.0": 0.7922093779236636}, "gold_standard": 1.0}, "wikidb_rsga-gtpase-domain-protein-family": {"GPT3_5": {}, "Llama3_not_finetuned": {"1.0": 0.9773504273504274, "0.5": 1.0, "0.0": 1.0}, "Llama3_finetuned": {"1.0": 0.9731768231768232, "0.5": 0.9824786324786325, "0.0": 0.9038863218467701}, "Heuristic_fuzzy": {"1.0": 0.9339973712299304, "0.5": 0.9830709888402196, "0.0": 0.9150172645532072}, "Heuristic_synonyms": {"1.0": 0.9310765635044073, "0.5": 0.9577361385053692, "0.0": 0.9150172645532072}, "Heuristic_exact": {"1.0": 0.9824157324157324, "0.5": 1.0, "0.0": 0.9150172645532072}, "gold_standard": 1.0}, "spider_chinook_1": {"GPT3_5": {}, "Llama3_not_finetuned": {"1.0": 0.9953535353535353, "0.5": 0.9905876951331497, "0.0": 0.9843073593073594}, "Llama3_finetuned": {"1.0": 0.9815151515151516, "0.5": 1.0, "0.0": 0.9957759412304867}, "Heuristic_fuzzy": {"1.0": 0.9504079254079254, "0.5": 0.9607022607022607, "0.0": 0.9262626262626263}, "Heuristic_synonyms": {"1.0": 0.8775435675435677, "0.5": 0.9589907006573672, "0.0": 0.9216712580348944}, "Heuristic_exact": {"1.0": 1.0, "0.5": 1.0, "0.0": 1.0}, "gold_standard": 1.0}, "spider_swimming": {"GPT3_5": {}, "Llama3_not_finetuned": {"1.0": 1.0514986171236171, "0.5": 1.0954861111111112, "0.0": 0.9525328837828838}, "Llama3_finetuned": {"1.0": 1.000801282051282, "0.5": 1.0, "0.0": 1.0023148148148149}, "Heuristic_fuzzy": {"1.0": 1.0, "0.5": 1.0208333333333333, "0.0": 1.0}, "Heuristic_synonyms": {"1.0": 1.0, "0.5": 1.0089285714285714, "0.0": 1.0}, "Heuristic_exact": {"1.0": 1.03125, "0.5": 1.125, "0.0": 1.0}, "gold_standard": 1.0}, "spider_company_office": {"GPT3_5": {}, "Llama3_not_finetuned": {"1.0": 1.0, "0.5": 1.0, "0.0": 0.9850877192982456}, "Llama3_finetuned": {"1.0": 1.0, "0.5": 1.0, "0.0": 1.0}, "Heuristic_fuzzy": {"1.0": 1.0, "0.5": 1.0, "0.0": 1.0}, "Heuristic_synonyms": {"1.0": 1.0, "0.5": 0.9940476190476191, "0.0": 1.0}, "Heuristic_exact": {"1.0": 1.0, "0.5": 1.0, "0.0": 1.0}, "gold_standard": 1.0}, "spider_theme_gallery": {"GPT3_5": {}, "Llama3_not_finetuned": {"1.0": 1.0, "0.5": 1.0, "0.0": 0.9629629629629629}, "Llama3_finetuned": {"1.0": 1.0, "0.5": 1.0, "0.0": 1.0}, "Heuristic_fuzzy": {"1.0": 1.0, "0.5": 0.9666666666666667, "0.0": 0.92046783625731}, "Heuristic_synonyms": {"1.0": 1.0, "0.5": 0.9666666666666667, "0.0": 0.92046783625731}, "Heuristic_exact": {"1.0": 1.0, "0.5": 1.0, "0.0": 1.0}, "gold_standard": 1.0}, "bird_thrombosis_prediction": {"GPT3_5": {}, "Llama3_not_finetuned": {"1.0": 0.9963369963369964, "0.5": 0.9978494623655915, "0.0": 0.9686069684114607}, "Llama3_finetuned": {"1.0": 0.9717937558260138, "0.5": 1.0, "0.0": 0.9429409459516988}, "Heuristic_fuzzy": {"1.0": 0.9984639016897082, "0.5": 1.0, "0.0": 1.0}, "Heuristic_synonyms": {"1.0": 0.9967544999803065, "0.5": 1.0, "0.0": 1.0}, "Heuristic_exact": {"1.0": 1.0, "0.5": 1.0, "0.0": 1.0}, "gold_standard": 1.0}, "bird_debit_card_specializing": {"GPT3_5": {}, "Llama3_not_finetuned": {"1.0": 0.9891186929683308, "0.5": 1.0, "0.0": 0.9913043478260869}, "Llama3_finetuned": {"1.0": 1.0, "0.5": 1.0, "0.0": 0.9971014492753623}, "Heuristic_fuzzy": {"1.0": 0.993103448275862, "0.5": 0.9964983164983165, "0.0": 0.8916666666666668}, "Heuristic_synonyms": {"1.0": 0.998941798941799, "0.5": 0.9887293992557151, "0.0": 0.8555555555555555}, "Heuristic_exact": {"1.0": 1.0, "0.5": 1.0, "0.0": 1.0}, "gold_standard": 1.0}, "bird_card_games": {"GPT3_5": {}, "Llama3_not_finetuned": {"1.0": 0.9850720074981609, "0.5": 0.9976580796252927, "0.0": 0.9572248001124898}, "Llama3_finetuned": {"1.0": 0.9952576112412178, "0.5": 0.9976580796252927, "0.0": 0.9359552154195011}, "Heuristic_fuzzy": {"1.0": 0.933069619010008, "0.5": 0.9474439137495343, "0.0": 0.8571428571428571}, "Heuristic_synonyms": {"1.0": 0.870356174134454, "0.5": 0.913738853961853, "0.0": 0.8571428571428571}, "Heuristic_exact": {"1.0": 0.9942109412835408, "0.5": 0.9988290398126464, "0.0": 1.0}, "gold_standard": 1.0}, "bird_codebase_community": {"GPT3_5": {}, "Llama3_not_finetuned": {"1.0": 0.9953125, "0.5": 0.9795454545454545, "0.0": 0.9803571428571429}, "Llama3_finetuned": {"1.0": 0.9921875, "0.5": 0.97609375, "0.0": 1.0}, "Heuristic_fuzzy": {"1.0": 0.99375, "0.5": 0.9875, "0.0": 0.7082434275793651}, "Heuristic_synonyms": {"1.0": 0.990909090909091, "0.5": 0.9694357638888889, "0.0": 0.6866887313111272}, "Heuristic_exact": {"1.0": 1.0, "0.5": 1.0, "0.0": 1.0}, "gold_standard": 1.0}, "bird_formula_1": {"GPT3_5": {}, "Llama3_not_finetuned": {"1.0": 0.991025641025641, "0.5": 0.9978632478632478, "0.0": 0.8870772258566062}, "Llama3_finetuned": {"1.0": 0.9961334961334961, "0.5": 1.0, "0.0": 0.9879513343799058}, "Heuristic_fuzzy": {"1.0": 0.9401425954997382, "0.5": 0.9906173687423687, "0.0": 0.8992063492063492}, "Heuristic_synonyms": {"1.0": 0.8535346597846598, "0.5": 0.9426299009632342, "0.0": 0.8992063492063492}, "Heuristic_exact": {"1.0": 1.0, "0.5": 1.0, "0.0": 1.0}, "gold_standard": 1.0}, "spider_candidate_poll": {"GPT3_5": {}, "Llama3_not_finetuned": {"1.0": 0.9441391941391941, "0.5": 1.0, "0.0": 0.9576923076923078}, "Llama3_finetuned": {"1.0": 1.0, "0.5": 1.0, "0.0": 1.0}, "Heuristic_fuzzy": {"1.0": 1.0, "0.5": 1.0, "0.0": 1.0}, "Heuristic_synonyms": {"1.0": 1.0, "0.5": 1.0, "0.0": 1.0}, "Heuristic_exact": {"1.0": 1.0, "0.5": 1.0, "0.0": 1.0}, "gold_standard": 1.0}, "spider_decoration_competition": {"GPT3_5": {},