{"wikidb_japans-top-100-waterfalls": {"GPT3_5": {}, "Llama3_not_finetuned": {"1.0": 0.2892015293922641, "0.5": 0.2415078374683803, "0.0": 0.35567699462804897}, "Llama3_finetuned": {"1.0": 0.29151527807900185, "0.5": 0.24281325654001967, "0.0": 0.46809947800575086}, "Heuristic_fuzzy": {"1.0": 0.420850732217345, "0.5": 0.3326850247614775, "0.0": 0.518445068246456}, "Heuristic_synonyms": {"1.0": 0.41610612374460937, "0.5": 0.34165609156359633, "0.0": 0.518445068246456}, "Heuristic_exact": {"1.0": 0.3721585291211409, "0.5": 0.32252979368265444, "0.0": 0.5528965814660566}, "gold_standard": 1.0}, "wikidb_heaphy-sketchbook-no-2": {"GPT3_5": {}, "Llama3_not_finetuned": {"1.0": 0.543799651711785, "0.5": 0.5022168918465391, "0.0": 0.5317647371227787}, "Llama3_finetuned": {"1.0": 0.5720628618315864, "0.5": 0.5177334125668629, "0.0": 0.773201539387685}, "Heuristic_fuzzy": {"1.0": 0.594258268552361, "0.5": 0.4803122546853624, "0.0": 0.773201539387685}, "Heuristic_synonyms": {"1.0": 0.5908720782124646, "0.5": 0.4616054472989859, "0.0": 0.773201539387685}, "Heuristic_exact": {"1.0": 0.42410746741181526, "0.5": 0.3848711888367061, "0.0": 0.773201539387685}, "gold_standard": 1.0}, "bird_student_club": {"GPT3_5": {}, "Llama3_not_finetuned": {"1.0": 0.576671546175505, "0.5": 0.5831460265525669, "0.0": 0.836871388958468}, "Llama3_finetuned": {"1.0": 0.8421888735171142, "0.5": 0.6110135302387372, "0.0": 0.8993068041936163}, "Heuristic_fuzzy": {"1.0": 0.7622467146660342, "0.5": 0.5958311590706598, "0.0": 1.0}, "Heuristic_synonyms": {"1.0": 0.7362373102145252, "0.5": 0.6835535413978364, "0.0": 0.9748424369747899}, "Heuristic_exact": {"1.0": 0.6534219852215208, "0.5": 0.5120735355545727, "0.0": 1.0}, "gold_standard": 1.0}, "bird_toxicology": {"GPT3_5": {}, "Llama3_not_finetuned": {"1.0": 0.5277130236030725, "0.5": 0.45172562660161675, "0.0": 0.5746960667125085}, "Llama3_finetuned": {"1.0": 0.6822863274632606, "0.5": 0.6939029518276673, "0.0": 0.8562036883328554}, "Heuristic_fuzzy": {"1.0": 0.7166475173428704, "0.5": 0.5920803801718609, "0.0": 1.0}, "Heuristic_synonyms": {"1.0": 0.7131675922780323, "0.5": 0.6738190525292294, "0.0": 0.9305555555555556}, "Heuristic_exact": {"1.0": 0.5903012056751579, "0.5": 0.47022284292504885, "0.0": 1.0}, "gold_standard": 1.0}, "wikidb_paz-domain-superfamily": {"GPT3_5": {}, "Llama3_not_finetuned": {"1.0": 0.4424951411497323, "0.5": 0.430378770782132, "0.0": 0.6090815388384582}, "Llama3_finetuned": {"1.0": 0.5355025016982019, "0.5": 0.40459900080042194, "0.0": 0.7224462563594217}, "Heuristic_fuzzy": {"1.0": 0.6225783125268075, "0.5": 0.529537623594836, "0.0": 0.7354088317423739}, "Heuristic_synonyms": {"1.0": 0.6031337918666839, "0.5": 0.5202954045381543, "0.0": 0.7354088317423739}, "Heuristic_exact": {"1.0": 0.5315251641381528, "0.5": 0.40949052002512865, "0.0": 0.7708469622443836}, "gold_standard": 1.0}, "wikidb_rsga-gtpase-domain-protein-family": {"GPT3_5": {}, "Llama3_not_finetuned": {"1.0": 0.5152499655295953, "0.5": 0.4606342682213071, "0.0": 0.6973969975412654}, "Llama3_finetuned": {"1.0": 0.6733812443618795, "0.5": 0.5590257037298554, "0.0": 0.7861440573606268}, "Heuristic_fuzzy": {"1.0": 0.7671538565019557, "0.5": 0.5176597092901553, "0.0": 0.906590432044061}, "Heuristic_synonyms": {"1.0": 0.7958217610182091, "0.5": 0.5208613883374007, "0.0": 0.906590432044061}, "Heuristic_exact": {"1.0": 0.5902950360168032, "0.5": 0.41310148660509965, "0.0": 0.906590432044061}, "gold_standard": 1.0}, "spider_chinook_1": {"GPT3_5": {}, "Llama3_not_finetuned": {"1.0": 0.8024758668235289, "0.5": 0.6923637657800553, "0.0": 0.8339112753113442}, "Llama3_finetuned": {"1.0": 0.806294757619147, "0.5": 0.7527916393049625, "0.0": 0.7933254873399351}, "Heuristic_fuzzy": {"1.0": 0.8563134633647453, "0.5": 0.6738157658217989, "0.0": 1.0}, "Heuristic_synonyms": {"1.0": 0.8283728854241675, "0.5": 0.7105944034551376, "0.0": 0.9905033238366572}, "Heuristic_exact": {"1.0": 0.857910939962222, "0.5": 0.5645802756913869, "0.0": 1.0}, "gold_standard": 1.0}, "spider_swimming": {"GPT3_5": {}, "Llama3_not_finetuned": {"1.0": 0.7271667416404259, "0.5": 0.45525887964613454, "0.0": 0.7465053659790502}, "Llama3_finetuned": {"1.0": 0.7996464183964184, "0.5": 0.6360902985902985, "0.0": 0.7872494626880592}, "Heuristic_fuzzy": {"1.0": 0.8774864024864024, "0.5": 0.6178821178821179, "0.0": 1.0}, "Heuristic_synonyms": {"1.0": 0.8809246309246309, "0.5": 0.7317293817293817, "0.0": 1.0}, "Heuristic_exact": {"1.0": 0.6849617974617974, "0.5": 0.5023559773559774, "0.0": 1.0}, "gold_standard": 1.0}, "spider_company_office": {"GPT3_5": {}, "Llama3_not_finetuned": {"1.0": 0.6634161160476949, "0.5": 0.7239019835676813, "0.0": 0.9186347458765938}, "Llama3_finetuned": {"1.0": 0.6111695906432748, "0.5": 0.5766132478632479, "0.0": 1.0}, "Heuristic_fuzzy": {"1.0": 0.7227453714932492, "0.5": 0.5300359950743583, "0.0": 1.0}, "Heuristic_synonyms": {"1.0": 0.7227453714932492, "0.5": 0.5828540305010893, "0.0": 1.0}, "Heuristic_exact": {"1.0": 0.5664997033646919, "0.5": 0.4157065217391305, "0.0": 1.0}, "gold_standard": 1.0}, "spider_theme_gallery": {"GPT3_5": {}, "Llama3_not_finetuned": {"1.0": 0.5357474883790673, "0.5": 0.5248148148148147, "0.0": 0.7422222222222222}, "Llama3_finetuned": {"1.0": 0.7888888888888889, "0.5": 0.8076923076923078, "0.0": 1.0}, "Heuristic_fuzzy": {"1.0": 0.7777777777777778, "0.5": 0.6984051036682616, "0.0": 1.0}, "Heuristic_synonyms": {"1.0": 0.7777777777777778, "0.5": 0.7372939925571504, "0.0": 1.0}, "Heuristic_exact": {"1.0": 0.5624183006535947, "0.5": 0.4916666666666667, "0.0": 1.0}, "gold_standard": 1.0}, "bird_thrombosis_prediction": {"GPT3_5": {}, "Llama3_not_finetuned": {"1.0": 0.5930679315762295, "0.5": 0.5315682092232286, "0.0": 0.8382140394426986}, "Llama3_finetuned": {"1.0": 0.6613636942163031, "0.5": 0.7561878044769461, "0.0": 0.9093594991131385}, "Heuristic_fuzzy": {"1.0": 0.6625702572242274, "0.5": 0.6000961319424076, "0.0": 1.0}, "Heuristic_synonyms": {"1.0": 0.6674009181825582, "0.5": 0.6143388336851093, "0.0": 1.0}, "Heuristic_exact": {"1.0": 0.5308822704127195, "0.5": 0.5229189610980128, "0.0": 1.0}, "gold_standard": 1.0}, "bird_debit_card_specializing": {"GPT3_5": {}, "Llama3_not_finetuned": {"1.0": 0.7659132332816544, "0.5": 0.5617613927291347, "0.0": 0.9007491847899318}, "Llama3_finetuned": {"1.0": 0.8379148379148379, "0.5": 0.8386162143752276, "0.0": 0.9786555786555787}, "Heuristic_fuzzy": {"1.0": 0.7148725348725349, "0.5": 0.5909081981800035, "0.0": 1.0}, "Heuristic_synonyms": {"1.0": 0.75992747992748, "0.5": 0.6326271114506409, "0.0": 0.9333333333333332}, "Heuristic_exact": {"1.0": 0.601978761978762, "0.5": 0.47084389429217016, "0.0": 1.0}, "gold_standard": 1.0}, "bird_card_games": {"GPT3_5": {}, "Llama3_not_finetuned": {"1.0": 0.5891502369131655, "0.5": 0.2913048624158649, "0.0": 0.8216943214360418}, "Llama3_finetuned": {"1.0": 0.48120525497789507, "0.5": 0.3612445288820734, "0.0": 0.6673143831664278}, "Heuristic_fuzzy": {"1.0": 0.740615044159132, "0.5": 0.5810007008422604, "0.0": 0.9047619047619048}, "Heuristic_synonyms": {"1.0": 0.6614024134864037, "0.5": 0.590317116366489, "0.0": 0.9047619047619048}, "Heuristic_exact": {"1.0": 0.6175716312867257, "0.5": 0.518526196873913, "0.0": 1.0}, "gold_standard": 1.0}, "bird_codebase_community": {"GPT3_5": {}, "Llama3_not_finetuned": {"1.0": 0.5280264378478664, "0.5": 0.45922619047619045, "0.0": 0.6324303672517959}, "Llama3_finetuned": {"1.0": 0.5432539682539682, "0.5": 0.653940404833262, "0.0": 0.8122363747363747}, "Heuristic_fuzzy": {"1.0": 0.7139316064421106, "0.5": 0.5950247371675943, "0.0": 0.7467403628117913}, "Heuristic_synonyms": {"1.0": 0.7098107273212315, "0.5": 0.6249083951762523, "0.0": 0.7322517264481551}, "Heuristic_exact": {"1.0": 0.6756614615543186, "0.5": 0.514723124098124, "0.0": 1.0}, "gold_standard": 1.0}, "bird_formula_1": {"GPT3_5": {}, "Llama3_not_finetuned": {"1.0": 0.6683541921041921, "0.5": 0.5154214236199531, "0.0": 0.6987052216962932}, "Llama3_finetuned": {"1.0": 0.829239972989973,