{"bird_debit_card_specializing": {"Llama3_finetuned": {"0.5": 2.0, "1.0": 2.6, "0.0": 1.2}, "Heuristic_fuzzy": {"0.5": 2.0, "1.0": 1.2, "0.0": 0.8}, "Heuristic_exact": {"0.5": 2.6, "1.0": 1.8, "0.0": 1.0}, "Heuristic_synonyms": {"0.5": 1.8, "1.0": 1.2, "0.0": 0.8}, "Llama3_not_finetuned": {"0.5": 2.6, "1.0": 1.8, "0.0": 1.2}, "gold_standard": 1.0}, "bird_toxicology": {"Llama3_finetuned": {"0.5": 3.75, "1.0": 1.5, "0.0": 4.25}, "Heuristic_fuzzy": {"0.5": 1.5, "1.0": 1.0, "0.0": 1.0}, "Heuristic_exact": {"0.5": 3.0, "1.0": 2.0, "0.0": 1.0}, "Heuristic_synonyms": {"0.5": 1.0, "1.0": 1.0, "0.0": 0.75}, "Llama3_not_finetuned": {"0.5": 3.25, "1.0": 1.5, "0.0": 1.25}, "gold_standard": 1.0}, "bird_card_games": {"Llama3_finetuned": {"0.5": 7.857142857142857, "1.0": 5.0, "0.0": 2.0}, "Heuristic_fuzzy": {"0.5": 1.1428571428571428, "1.0": 0.5714285714285714, "0.0": 0.8571428571428571}, "Heuristic_exact": {"0.5": 2.2857142857142856, "1.0": 1.5714285714285714, "0.0": 1.0}, "Heuristic_synonyms": {"0.5": 1.0, "1.0": 0.5714285714285714, "0.0": 0.8571428571428571}, "Llama3_not_finetuned": {"0.5": 9.714285714285714, "1.0": 2.0, "0.0": 1.7142857142857142}, "gold_standard": 1.0}, "wikidb_japans-top-100-waterfalls": {"Llama3_finetuned": {"0.5": 4.142857142857143, "1.0": 1.0, "0.0": 2.2857142857142856}, "Heuristic_fuzzy": {"0.5": 1.4285714285714286, "1.0": 0.7142857142857143, "0.0": 0.8571428571428571}, "Heuristic_exact": {"0.5": 2.142857142857143, "1.0": 1.1428571428571428, "0.0": 1.0}, "Heuristic_synonyms": {"0.5": 1.4285714285714286, "1.0": 0.7142857142857143, "0.0": 0.8571428571428571}, "Llama3_not_finetuned": {"0.5": 2.2857142857142856, "1.0": 1.4285714285714286, "0.0": 4.428571428571429}, "gold_standard": 1.0}, "spider_company_office": {"Llama3_finetuned": {"0.5": 3.3333333333333335, "1.0": 3.0, "0.0": 1.0}, "Heuristic_fuzzy": {"0.5": 2.0, "1.0": 1.6666666666666667, "0.0": 1.0}, "Heuristic_exact": {"0.5": 3.3333333333333335, "1.0": 2.3333333333333335, "0.0": 1.0}, "Heuristic_synonyms": {"0.5": 1.6666666666666667, "1.0": 1.6666666666666667, "0.0": 1.0}, "Llama3_not_finetuned": {"0.5": 2.3333333333333335, "1.0": 2.0, "0.0": 1.0}, "gold_standard": 1.0}, "wikidb_rsga-gtpase-domain-protein-family": {"Llama3_finetuned": {"0.5": 2.6666666666666665, "1.0": 1.6666666666666667, "0.0": 1.0}, "Heuristic_fuzzy": {"0.5": 2.0, "1.0": 1.0, "0.0": 1.0}, "Heuristic_exact": {"0.5": 2.6666666666666665, "1.0": 1.6666666666666667, "0.0": 1.0}, "Heuristic_synonyms": {"0.5": 2.0, "1.0": 1.0, "0.0": 1.0}, "Llama3_not_finetuned": {"0.5": 3.0, "1.0": 1.6666666666666667, "0.0": 2.6666666666666665}, "gold_standard": 1.0}, "spider_workshop_paper": {"Llama3_finetuned": {"0.5": 3.0, "1.0": 1.3333333333333333, "0.0": 3.3333333333333335}, "Heuristic_fuzzy": {"0.5": 1.3333333333333333, "1.0": 1.0, "0.0": 1.0}, "Heuristic_exact": {"0.5": 2.3333333333333335, "1.0": 1.6666666666666667, "0.0": 1.0}, "Heuristic_synonyms": {"0.5": 1.3333333333333333, "1.0": 1.0, "0.0": 0.6666666666666666}, "Llama3_not_finetuned": {"0.5": 1.3333333333333333, "1.0": 1.6666666666666667, "0.0": 1.6666666666666667}, "gold_standard": 1.0}, "spider_chinook_1": {"Llama3_finetuned": {"0.5": 2.272727272727273, "1.0": 1.1818181818181819, "0.0": 2.1818181818181817}, "Heuristic_fuzzy": {"0.5": 1.0, "1.0": 0.9090909090909091, "0.0": 0.8181818181818182}, "Heuristic_exact": {"0.5": 2.1818181818181817, "1.0": 1.2727272727272727, "0.0": 1.0}, "Heuristic_synonyms": {"0.5": 0.9090909090909091, "1.0": 0.7272727272727273, "0.0": 0.8181818181818182}, "Llama3_not_finetuned": {"0.5": 1.9090909090909092, "1.0": 1.3636363636363635, "0.0": 1.1818181818181819}, "gold_standard": 1.0}, "bird_california_schools": {"Llama3_finetuned": {"0.5": 16.666666666666668, "1.0": 2.3333333333333335, "0.0": 1.0}, "Heuristic_fuzzy": {"0.5": 2.0, "1.0": 1.0, "0.0": 1.0}, "Heuristic_exact": {"0.5": 2.6666666666666665, "1.0": 2.0, "0.0": 1.0}, "Heuristic_synonyms": {"0.5": 1.3333333333333333, "1.0": 1.0, "0.0": 1.0}, "Llama3_not_finetuned": {"0.5": 10.0, "1.0": 7.333333333333333, "0.0": 1.6666666666666667}, "gold_standard": 1.0}, "wikidb_paz-domain-superfamily": {"Llama3_finetuned": {"0.5": 4.428571428571429, "1.0": 3.142857142857143, "0.0": 1.2857142857142858}, "Heuristic_fuzzy": {"0.5": 1.2857142857142858, "1.0": 1.1428571428571428, "0.0": 0.8571428571428571}, "Heuristic_exact": {"0.5": 2.7142857142857144, "1.0": 1.7142857142857142, "0.0": 1.0}, "Heuristic_synonyms": {"0.5": 1.1428571428571428, "1.0": 1.0, "0.0": 0.8571428571428571}, "Llama3_not_finetuned": {"0.5": 3.0, "1.0": 1.7142857142857142, "0.0": 1.1428571428571428}, "gold_standard": 1.0}, "wikidb_peptidase-u32-collagenase-family": {"Llama3_finetuned": {"0.5": 2.6, "1.0": 2.0, "0.0": 0.8}, "Heuristic_fuzzy": {"0.5": 2.2, "1.0": 1.4, "0.0": 0.8}, "Heuristic_exact": {"0.5": 3.0, "1.0": 2.0, "0.0": 1.0}, "Heuristic_synonyms": {"0.5": 2.0, "1.0": 1.4, "0.0": 0.8}, "Llama3_not_finetuned": {"0.5": 4.0, "1.0": 2.4, "0.0": 1.6}, "gold_standard": 1.0}, "wikidb_alpha-defensins": {"Llama3_finetuned": {"0.5": 2.0, "1.0": 1.0, "0.0": 1.0}, "Heuristic_fuzzy": {"0.5": 1.0, "1.0": 1.0, "0.0": 1.0}, "Heuristic_exact": {"0.5": 1.5, "1.0": 1.0, "0.0": 1.0}, "Heuristic_synonyms": {"0.5": 1.0, "1.0": 1.0, "0.0": 1.0}, "Llama3_not_finetuned": {"0.5": 2.5, "1.0": 1.0, "0.0": 1.0}, "gold_standard": 1.0}, "wikidb_heaphy-sketchbook-no-2": {"Llama3_finetuned": {"0.5": 4.0, "1.0": 2.0, "0.0": 1.0}, "Heuristic_fuzzy": {"0.5": 2.0, "1.0": 1.5, "0.0": 1.0}, "Heuristic_exact": {"0.5": 3.0, "1.0": 2.0, "0.0": 1.0}, "Heuristic_synonyms": {"0.5": 2.0, "1.0": 1.5, "0.0": 1.0}, "Llama3_not_finetuned": {"0.5": 4.5, "1.0": 2.0, "0.0": 2.5}, "gold_standard": 1.0}, "bird_european_football_2": {"Llama3_finetuned": {"0.5": 9.142857142857142, "1.0": 5.571428571428571, "0.0": 6.142857142857143}, "Heuristic_fuzzy": {"0.5": 1.1428571428571428, "1.0": 1.1428571428571428, "0.0": 0.8571428571428571}, "Heuristic_exact": {"0.5": 2.4285714285714284, "1.0": 1.7142857142857142, "0.0": 1.0}, "Heuristic_synonyms": {"0.5": 1.1428571428571428, "1.0": 1.1428571428571428, "0.0": 0.8571428571428571}, "Llama3_not_finetuned": {"0.5": 9.714285714285714, "1.0": 8.857142857142858, "0.0": 3.4285714285714284}, "gold_standard": 1.0}, "wikidb_novelette": {"Llama3_finetuned": {"0.5": 4.0, "1.0": 2.25, "0.0": 1.25}, "Heuristic_fuzzy": {"0.5": 2.0, "1.0": 1.5, "0.0": 1.0}, "Heuristic_exact": {"0.5": 2.75, "1.0": 1.75, "0.0": 1.0}, "Heuristic_synonyms": {"0.5": 2.0, "1.0": 1.5, "0.0": 1.0}, "Llama3_not_finetuned": {"0.5": 10.5, "1.0": 2.0, "0.0": 1.75}, "gold_standard": 1.0}, "wikidb_tammerkoski": {"Llama3_finetuned": {"0.5": 1.5, "1.0": 1.0, "0.0": 4.0}, "Heuristic_fuzzy": {"0.5": 1.5, "1.0": 1.0, "0.0": 1.0}, "Heuristic_exact": {"0.5": 2.0, "1.0": 1.0, "0.0": 1.0}, "Heuristic_synonyms": {"0.5": 1.5, "1.0": 1.0, "0.0": 1.0}, "Llama3_not_finetuned": {"0.5": 1.0, "1.0": 1.5, "0.0": 0.5}, "gold_standard": 1.0}, "bird_student_club": {"Llama3_finetuned": {"0.5": 2.625, "1.0": 2.0, "0.0": 1.125}, "Heuristic_fuzzy": {"0.5": 1.875, "1.0": 1.375, "0.0": 1.0}, "Heuristic_exact": {"0.5": 2.75, "1.0": 1.875, "0.0": 1.0}, "Heuristic_synonyms": {"0.5": 1.5, "1.0": 1.0, "0.0": 0.875}, "Llama3_not_finetuned": {"0.5": 3.125, "1.0": 2.75, "0.0": 1.25}, "gold_standard": 1.0}, "wikidb_chemotaxis-methyl-accepting-receptor-tar-related-ligand-binding-domain-protein-family": {"Llama3_finetuned": {"0.5": 1.6666666666666667, "1.0": 1.0, "0.0": 1.3333333333333333}, "Heuristic_fuzzy": {"0.5": 2.0, "1.0": 1.0, "0.0": 1.0}, "Heuristic_exact": {"0.5": 2.0, "1.0": 1.0, "0.0": 1.0}, "Heuristic_synonyms": {"0.5": 2.0, "1.0": 1.0, "0.0": 1.0}, "Llama3_not_finetuned": {"0.5": 4.666666666666667, "1.0": 1.0, "0.0": 2.6666666666666665}, "gold_standard": 1.0}, "spider_entrepreneur": {"Llama3_finetuned": {"0.5": 3.0, "1.0": 2.0, "0.0": 1.5}, "Heuristic_fuzzy": {"0.5": 2.5, "1.0": 1.5, "0.0": 1.0}, "Heuristic_exact": {"0.5": 3.0, "1.0": 2.0, "0.0": 1.0}, "Heuristic_synonyms": {"0.5": 2.5, "1.0": 1.0, "0.0": 1.0},