{"wikidb_japans-top-100-waterfalls": {"GPT3_5": {}, "Llama3_not_finetuned": {"1.0": 0.26783514974304445, "0.5": 0.2522534494839248, "0.0": 0.4231670929241262}, "Llama3_finetuned": {"1.0": 0.24652346445824708, "0.5": 0.2601726726726727, "0.0": 0.39677507476420526}, "Heuristic_fuzzy": {"1.0": 0.30723518755328216, "0.5": 0.26076695418266893, "0.0": 0.4058414306334198}, "Heuristic_synonyms": {"1.0": 0.30723518755328216, "0.5": 0.28862243203814675, "0.0": 0.4058414306334198}, "Heuristic_exact": {"1.0": 0.3173511904761904, "0.5": 0.2786587802788294, "0.0": 0.4890873015873016}, "gold_standard": 1.0}, "wikidb_heaphy-sketchbook-no-2": {"GPT3_5": {}, "Llama3_not_finetuned": {"1.0": 0.7803030303030303, "0.5": 0.531986531986532, "0.0": 0.8333333333333333}, "Llama3_finetuned": {"1.0": 0.5, "0.5": 0.7037815126050422, "0.0": 0.8947368421052632}, "Heuristic_fuzzy": {"1.0": 0.65158371040724, "0.5": 0.5270655270655271, "0.0": 0.8947368421052632}, "Heuristic_synonyms": {"1.0": 0.65158371040724, "0.5": 0.5270655270655271, "0.0": 0.8947368421052632}, "Heuristic_exact": {"1.0": 0.3405797101449275, "0.5": 0.5046296296296297, "0.0": 0.8947368421052632}, "gold_standard": 1.0}, "bird_student_club": {"GPT3_5": {}, "Llama3_not_finetuned": {"1.0": 0.6649624060150376, "0.5": 0.5745392893999706, "0.0": 0.7425069326808458}, "Llama3_finetuned": {"1.0": 0.8864470794905577, "0.5": 0.6044444444444445, "0.0": 0.7023965141612202}, "Heuristic_fuzzy": {"1.0": 0.8353195823784059, "0.5": 0.6101135190918472, "0.0": 1.0}, "Heuristic_synonyms": {"1.0": 0.8595959595959595, "0.5": 0.7502402172990409, "0.0": 1.0}, "Heuristic_exact": {"1.0": 0.5884848484848485, "0.5": 0.5003921568627451, "0.0": 1.0}, "gold_standard": 1.0}, "bird_toxicology": {"GPT3_5": {}, "Llama3_not_finetuned": {"1.0": NaN, "0.5": NaN, "0.0": NaN}, "Llama3_finetuned": {"1.0": NaN, "0.5": NaN, "0.0": NaN}, "Heuristic_fuzzy": {"1.0": NaN, "0.5": NaN, "0.0": NaN}, "Heuristic_synonyms": {"1.0": NaN, "0.5": NaN, "0.0": NaN}, "Heuristic_exact": {"1.0": NaN, "0.5": NaN, "0.0": NaN}, "gold_standard": NaN}, "wikidb_paz-domain-superfamily": {"GPT3_5": {}, "Llama3_not_finetuned": {"1.0": NaN, "0.5": NaN, "0.0": NaN}, "Llama3_finetuned": {"1.0": NaN, "0.5": NaN, "0.0": NaN}, "Heuristic_fuzzy": {"1.0": NaN, "0.5": NaN, "0.0": NaN}, "Heuristic_synonyms": {"1.0": NaN, "0.5": NaN, "0.0": NaN}, "Heuristic_exact": {"1.0": NaN, "0.5": NaN, "0.0": NaN}, "gold_standard": NaN}, "wikidb_rsga-gtpase-domain-protein-family": {"GPT3_5": {}, "Llama3_not_finetuned": {"1.0": NaN, "0.5": NaN, "0.0": NaN}, "Llama3_finetuned": {"1.0": NaN, "0.5": NaN, "0.0": NaN}, "Heuristic_fuzzy": {"1.0": NaN, "0.5": NaN, "0.0": NaN}, "Heuristic_synonyms": {"1.0": NaN, "0.5": NaN, "0.0": NaN}, "Heuristic_exact": {"1.0": NaN, "0.5": NaN, "0.0": NaN}, "gold_standard": NaN}, "spider_chinook_1": {"GPT3_5": {}, "Llama3_not_finetuned": {"1.0": 0.731162516868761, "0.5": 0.7129398065312382, "0.0": 0.88848064744239}, "Llama3_finetuned": {"1.0": 0.7611769780686388, "0.5": 0.7493685246932, "0.0": 0.8099923296517724}, "Heuristic_fuzzy": {"1.0": 0.793761973956779, "0.5": 0.7444589702802079, "0.0": 0.9383838383838384}, "Heuristic_synonyms": {"1.0": 0.8140504156737923, "0.5": 0.7749431060275015, "0.0": 0.9383838383838384}, "Heuristic_exact": {"1.0": 0.696187740830598, "0.5": 0.5538287470105652, "0.0": 1.0}, "gold_standard": 1.0}, "spider_swimming": {"GPT3_5": {}, "Llama3_not_finetuned": {"1.0": 0.604934872059485, "0.5": 0.45077482175173655, "0.0": 0.6883335971571265}, "Llama3_finetuned": {"1.0": 0.8088624338624338, "0.5": 0.6086447811447812, "0.0": 0.7017257860610855}, "Heuristic_fuzzy": {"1.0": 0.8949400272929684, "0.5": 0.6749381065557537, "0.0": 1.0}, "Heuristic_synonyms": {"1.0": 0.8949400272929684, "0.5": 0.6433476926123984, "0.0": 1.0}, "Heuristic_exact": {"1.0": 0.6916331489860902, "0.5": 0.49199346405228755, "0.0": 1.0}, "gold_standard": 1.0}, "spider_company_office": {"GPT3_5": {}, "Llama3_not_finetuned": {"1.0": 0.7185519341769342, "0.5": 0.6086153942253962, "0.0": 0.923548498408246}, "Llama3_finetuned": {"1.0": 0.7563428283971577, "0.5": 0.6984792920999817, "0.0": 1.0}, "Heuristic_fuzzy": {"1.0": 0.7882713777450618, "0.5": 0.5685113209388571, "0.0": 1.0}, "Heuristic_synonyms": {"1.0": 0.7882713777450618, "0.5": 0.6817901234567901, "0.0": 1.0}, "Heuristic_exact": {"1.0": 0.6190543537034765, "0.5": 0.4491173815449178, "0.0": 1.0}, "gold_standard": 1.0}, "spider_theme_gallery": {"GPT3_5": {}, "Llama3_not_finetuned": {"1.0": 0.6527692382764847, "0.5": 0.5195767195767197, "0.0": 0.6918294608617189}, "Llama3_finetuned": {"1.0": 0.799370902002481, "0.5": 0.6987974987974989, "0.0": 1.0}, "Heuristic_fuzzy": {"1.0": 0.8500000000000001, "0.5": 0.6671519112695582, "0.0": 0.9254166666666667}, "Heuristic_synonyms": {"1.0": 0.8777777777777778, "0.5": 0.6671519112695582, "0.0": 0.9254166666666667}, "Heuristic_exact": {"1.0": 0.5964548365864154, "0.5": 0.4643959435626102, "0.0": 1.0}, "gold_standard": 1.0}, "bird_thrombosis_prediction": {"GPT3_5": {}, "Llama3_not_finetuned": {"1.0": 0.6632687853636864, "0.5": 0.47888640073017213, "0.0": 0.8770044315545018}, "Llama3_finetuned": {"1.0": 0.7517841557638382, "0.5": 0.6484041685264593, "0.0": 0.9737560311140022}, "Heuristic_fuzzy": {"1.0": 0.7124520994166686, "0.5": 0.5196409483135148, "0.0": 1.0}, "Heuristic_synonyms": {"1.0": 0.7119950054109424, "0.5": 0.526593273694595, "0.0": 1.0}, "Heuristic_exact": {"1.0": 0.5344799843187907, "0.5": 0.459141191502179, "0.0": 1.0}, "gold_standard": 1.0}, "bird_debit_card_specializing": {"GPT3_5": {}, "Llama3_not_finetuned": {"1.0": 0.7451066141611813, "0.5": 0.6480306278661828, "0.0": 0.9205892454187611}, "Llama3_finetuned": {"1.0": 0.821953021953022, "0.5": 0.7442417895619865, "0.0": 0.9766622231738511}, "Heuristic_fuzzy": {"1.0": 0.7904789012379144, "0.5": 0.6736642564284387, "0.0": 0.9142857142857143}, "Heuristic_synonyms": {"1.0": 0.8293196900787034, "0.5": 0.6052494130135955, "0.0": 0.9142857142857143}, "Heuristic_exact": {"1.0": 0.6416944788049939, "0.5": 0.48019696413785085, "0.0": 1.0}, "gold_standard": 1.0}, "bird_card_games": {"GPT3_5": {}, "Llama3_not_finetuned": {"1.0": 0.6818595005138971, "0.5": 0.3364321889056039, "0.0": 0.8210073793510052}, "Llama3_finetuned": {"1.0": 0.5697222050212807, "0.5": 0.36405750676730236, "0.0": 0.594683456166832}, "Heuristic_fuzzy": {"1.0": 0.7172185779552273, "0.5": 0.6185047929441522, "0.0": 0.9047619047619048}, "Heuristic_synonyms": {"1.0": 0.6717941923319498, "0.5": 0.6174694480430262, "0.0": 0.9047619047619048}, "Heuristic_exact": {"1.0": 0.6098096626224917, "0.5": 0.42794312479554997, "0.0": 1.0}, "gold_standard": 1.0}, "bird_codebase_community": {"GPT3_5": {}, "Llama3_not_finetuned": {"1.0": 0.6141785105326771, "0.5": 0.46599417172333835, "0.0": 0.6258277891090391}, "Llama3_finetuned": {"1.0": 0.5636761964886965, "0.5": 0.5876796236171236, "0.0": 0.8265488369655036}, "Heuristic_fuzzy": {"1.0": 0.7686924186924187, "0.5": 0.6416438499771833, "0.0": 0.7769179894179894}, "Heuristic_synonyms": {"1.0": 0.7724802974802976, "0.5": 0.6709016388703888, "0.0": 0.7607941069147965}, "Heuristic_exact": {"1.0": 0.6822510822510822, "0.5": 0.5426830307038641, "0.0": 1.0}, "gold_standard": 1.0}, "bird_formula_1": {"GPT3_5": {}, "Llama3_not_finetuned": {"1.0": 0.7130091418552956, "0.5": 0.5137070562391074, "0.0": 0.6729274546240958}, "Llama3_finetuned": {"1.0": 0.8022185506800892, "0.5": 0.6511871034947958, "0.0": 0.9254078751816308}, "Heuristic_fuzzy": {"1.0": 0.7868489102651999, "0.5": 0.7032188822573437, "0.0": 0.8963675213675213}, "Heuristic_synonyms": {"1.0": 0.7754910457399145, "0.5": 0.6745644488964329, "0.0": 0.8963675213675213}, "Heuristic_exact": {"1.0": 0.7163344063344064, "0.5": 0.5616635216635215, "0.0": 1.0}, "gold_standard": 1.0}, "spider_candidate_poll": {"GPT3_5": {}, "Llama3_not_finetuned": {"1.0": 0.6251956376956378, "0.5": 0.6239352151116857, "0.0": 0.8367357788410419}, "Llama3_finetuned": {"1.0": 0.8772727272727272, "0.5": 0.5756302521008403,