{"wikidb_japans-top-100-waterfalls": {"GPT3_5": {}, "Llama3_not_finetuned": {"1.0": 0.28477129347810953, "0.5": 0.22934682851816374, "0.0": 0.2815783271782338}, "Llama3_finetuned": {"1.0": 0.2885361832724111, "0.5": 0.1995673634212383, "0.0": 0.4211936177389025}, "Heuristic_fuzzy": {"1.0": 0.39609473980389015, "0.5": 0.24210927917743977, "0.0": 0.5342731930033516}, "Heuristic_synonyms": {"1.0": 0.3966353600924095, "0.5": 0.2636381937735812, "0.0": 0.5342731930033516}, "Heuristic_exact": {"1.0": 0.2945523551732702, "0.5": 0.22390816034606886, "0.0": 0.5342731930033516}, "gold_standard": 1.0}, "wikidb_heaphy-sketchbook-no-2": {"GPT3_5": {}, "Llama3_not_finetuned": {"1.0": 0.4453904368765049, "0.5": 0.4315158812062837, "0.0": 0.5041566334135994}, "Llama3_finetuned": {"1.0": 0.4420507969269578, "0.5": 0.4176843251920651, "0.0": 0.7529239766081872}, "Heuristic_fuzzy": {"1.0": 0.4965170278637771, "0.5": 0.35576482054810227, "0.0": 0.7529239766081872}, "Heuristic_synonyms": {"1.0": 0.4980076826052058, "0.5": 0.3495442036463708, "0.0": 0.7529239766081872}, "Heuristic_exact": {"1.0": 0.27981309482857475, "0.5": 0.25669361311776173, "0.0": 0.7529239766081872}, "gold_standard": 1.0}, "bird_student_club": {"GPT3_5": {}, "Llama3_not_finetuned": {"1.0": 0.4672532081014224, "0.5": 0.43631811310382734, "0.0": 0.7510905182780183}, "Llama3_finetuned": {"1.0": 0.7585292766096338, "0.5": 0.4742054902769189, "0.0": 0.8837181337181337}, "Heuristic_fuzzy": {"1.0": 0.6533008658008657, "0.5": 0.45042474060331206, "0.0": 1.0}, "Heuristic_synonyms": {"1.0": 0.6776064213564214, "0.5": 0.5507839878375592, "0.0": 1.0}, "Heuristic_exact": {"1.0": 0.5052234719645434, "0.5": 0.3485816927781213, "0.0": 1.0}, "gold_standard": 1.0}, "bird_toxicology": {"GPT3_5": {}, "Llama3_not_finetuned": {"1.0": 0.6300000000000001, "0.5": 0.3683333333333333, "0.0": 0.605}, "Llama3_finetuned": {"1.0": 0.6033333333333333, "0.5": 0.5833333333333333, "0.0": 0.85}, "Heuristic_fuzzy": {"1.0": 0.66, "0.5": 0.45333333333333337, "0.0": 1.0}, "Heuristic_synonyms": {"1.0": 0.625, "0.5": 0.6016666666666668, "0.0": 1.0}, "Heuristic_exact": {"1.0": 0.45833333333333337, "0.5": 0.31000000000000005, "0.0": 1.0}, "gold_standard": 1.0}, "wikidb_paz-domain-superfamily": {"GPT3_5": {}, "Llama3_not_finetuned": {"1.0": 0.34710884353741495, "0.5": 0.32682436611008037, "0.0": 0.5811456400742115}, "Llama3_finetuned": {"1.0": 0.4266233766233766, "0.5": 0.27748917748917745, "0.0": 0.6928880643166357}, "Heuristic_fuzzy": {"1.0": 0.5436842918985776, "0.5": 0.4250541125541125, "0.0": 0.7551020408163265}, "Heuristic_synonyms": {"1.0": 0.5407776747062462, "0.5": 0.42081014223871366, "0.0": 0.7551020408163265}, "Heuristic_exact": {"1.0": 0.4174474335188621, "0.5": 0.2718769325912183, "0.0": 0.7551020408163265}, "gold_standard": 1.0}, "wikidb_rsga-gtpase-domain-protein-family": {"GPT3_5": {}, "Llama3_not_finetuned": {"1.0": 0.3944603376421558, "0.5": 0.3698876880695063, "0.0": 0.713701702338066}, "Llama3_finetuned": {"1.0": 0.5529949848131666, "0.5": 0.4074309528854983, "0.0": 0.7508476372112735}, "Heuristic_fuzzy": {"1.0": 0.6833192060464789, "0.5": 0.3625944762308399, "0.0": 0.8989898989898989}, "Heuristic_synonyms": {"1.0": 0.7297891502436958, "0.5": 0.3697729038638129, "0.0": 0.8989898989898989}, "Heuristic_exact": {"1.0": 0.4478173341809705, "0.5": 0.2665642438369711, "0.0": 0.8989898989898989}, "gold_standard": 1.0}, "spider_chinook_1": {"GPT3_5": {}, "Llama3_not_finetuned": {"1.0": 0.6425339251096828, "0.5": 0.5718549127640036, "0.0": 0.8014768901132537}, "Llama3_finetuned": {"1.0": 0.715530485227455, "0.5": 0.61090996545542, "0.0": 0.7228956228956229}, "Heuristic_fuzzy": {"1.0": 0.7318451469966621, "0.5": 0.5772563295290568, "0.0": 1.0}, "Heuristic_synonyms": {"1.0": 0.7640842042357195, "0.5": 0.6314344746162928, "0.0": 0.9963269054178144}, "Heuristic_exact": {"1.0": 0.6443992595507747, "0.5": 0.3872975789642456, "0.0": 1.0}, "gold_standard": 1.0}, "spider_swimming": {"GPT3_5": {}, "Llama3_not_finetuned": {"1.0": 0.5589597902097903, "0.5": 0.34414335664335666, "0.0": 0.6618735431235431}, "Llama3_finetuned": {"1.0": 0.6945367132867133, "0.5": 0.4776660839160839, "0.0": 0.65625}, "Heuristic_fuzzy": {"1.0": 0.8119463869463869, "0.5": 0.5040792540792541, "0.0": 1.0}, "Heuristic_synonyms": {"1.0": 0.814787296037296, "0.5": 0.5538024475524476, "0.0": 1.0}, "Heuristic_exact": {"1.0": 0.5241404428904428, "0.5": 0.3375, "0.0": 1.0}, "gold_standard": 1.0}, "spider_company_office": {"GPT3_5": {}, "Llama3_not_finetuned": {"1.0": 0.7017543859649122, "0.5": 0.6435185185185185, "0.0": 0.871588693957115}, "Llama3_finetuned": {"1.0": 0.6246345029239766, "0.5": 0.545443469785575, "0.0": 1.0}, "Heuristic_fuzzy": {"1.0": 0.6220760233918128, "0.5": 0.40631091617933723, "0.0": 1.0}, "Heuristic_synonyms": {"1.0": 0.6220760233918128, "0.5": 0.5307017543859649, "0.0": 1.0}, "Heuristic_exact": {"1.0": 0.4568713450292398, "0.5": 0.2911793372319688, "0.0": 1.0}, "gold_standard": 1.0}, "spider_theme_gallery": {"GPT3_5": {}, "Llama3_not_finetuned": {"1.0": 0.5716727716727718, "0.5": 0.42283272283272283, "0.0": 0.6727716727716727}, "Llama3_finetuned": {"1.0": 0.6963369963369964, "0.5": 0.6151404151404151, "0.0": 1.0}, "Heuristic_fuzzy": {"1.0": 0.7244200244200244, "0.5": 0.5748473748473749, "0.0": 1.0}, "Heuristic_synonyms": {"1.0": 0.7577533577533577, "0.5": 0.5938949938949939, "0.0": 1.0}, "Heuristic_exact": {"1.0": 0.43174603174603177, "0.5": 0.3207570207570208, "0.0": 1.0}, "gold_standard": 1.0}, "bird_thrombosis_prediction": {"GPT3_5": {}, "Llama3_not_finetuned": {"1.0": 0.489946603335554, "0.5": 0.353825936128031, "0.0": 0.7847652522569097}, "Llama3_finetuned": {"1.0": 0.6321889449966944, "0.5": 0.5723463476744901, "0.0": 0.9176693204246967}, "Heuristic_fuzzy": {"1.0": 0.5126158999407053, "0.5": 0.39745467672099116, "0.0": 1.0}, "Heuristic_synonyms": {"1.0": 0.5126430233549254, "0.5": 0.41620620595639135, "0.0": 1.0}, "Heuristic_exact": {"1.0": 0.3578048809565309, "0.5": 0.3181428953124356, "0.0": 1.0}, "gold_standard": 1.0}, "bird_debit_card_specializing": {"GPT3_5": {}, "Llama3_not_finetuned": {"1.0": 0.6558333333333334, "0.5": 0.45111111111111113, "0.0": 0.8716666666666667}, "Llama3_finetuned": {"1.0": 0.7444444444444445, "0.5": 0.6688888888888889, "0.0": 0.96}, "Heuristic_fuzzy": {"1.0": 0.6594444444444445, "0.5": 0.47944444444444445, "0.0": 1.0}, "Heuristic_synonyms": {"1.0": 0.72, "0.5": 0.49499999999999994, "0.0": 1.0}, "Heuristic_exact": {"1.0": 0.4761111111111111, "0.5": 0.3161111111111111, "0.0": 1.0}, "gold_standard": 1.0}, "bird_card_games": {"GPT3_5": {}, "Llama3_not_finetuned": {"1.0": 0.5007687232101751, "0.5": 0.1947356189218016, "0.0": 0.7951402292737187}, "Llama3_finetuned": {"1.0": 0.37526197195986416, "0.5": 0.2475135468226803, "0.0": 0.5750067483908233}, "Heuristic_fuzzy": {"1.0": 0.6828916711703596, "0.5": 0.480825426850017, "0.0": 1.0}, "Heuristic_synonyms": {"1.0": 0.6095923085501541, "0.5": 0.5173622584805254, "0.0": 1.0}, "Heuristic_exact": {"1.0": 0.4831847257608382, "0.5": 0.33945407376906206, "0.0": 1.0}, "gold_standard": 1.0}, "bird_codebase_community": {"GPT3_5": {}, "Llama3_not_finetuned": {"1.0": 0.4754892408352229, "0.5": 0.362990126606198, "0.0": 0.5540721844293273}, "Llama3_finetuned": {"1.0": 0.4259312405517762, "0.5": 0.48610343442932724, "0.0": 0.7350812547241119}, "Heuristic_fuzzy": {"1.0": 0.6406533446712017, "0.5": 0.5190552957294028, "0.0": 1.0}, "Heuristic_synonyms": {"1.0": 0.6440015589569161, "0.5": 0.5435132038926682, "0.0": 0.9964285714285714}, "Heuristic_exact": {"1.0": 0.5359764739229025, "0.5": 0.3877078609221466, "0.0": 1.0}, "gold_standard": 1.0}, "bird_formula_1": {"GPT3_5": {}, "Llama3_not_finetuned": {"1.0": 0.5619876155590441, "0.5": 0.4297270190127333, "0.0": 0.7883830455259027}, "Llama3_finetuned": {"1.0": 0.6968341182626896, "0.5": 0.4957352171637885, "0.0": 0.879905808477237}, "Heuristic_fuzzy": {"1.0": 0.7520727949299377, "0.5": 0.5623466480609338, "0.0": 1.0},