{"wikidb_japans-top-100-waterfalls": {"GPT3_5": {}, "Llama3_not_finetuned": {"1.0": 0.28362910820894016, "0.5": 0.22769233956208748, "0.0": 0.27992383822215755}, "Llama3_finetuned": {"1.0": 0.28739399800324167, "0.5": 0.1982740065723259, "0.0": 0.41938795720308325}, "Heuristic_fuzzy": {"1.0": 0.3945914224275569, "0.5": 0.24096709390827042, "0.0": 0.5324675324675324}, "Heuristic_synonyms": {"1.0": 0.39513204271607627, "0.5": 0.2623448369246688, "0.0": 0.5324675324675324}, "Heuristic_exact": {"1.0": 0.293049037796937, "0.5": 0.22261480349715645, "0.0": 0.5324675324675324}}, "wikidb_heaphy-sketchbook-no-2": {"GPT3_5": {}, "Llama3_not_finetuned": {"1.0": 0.4453904368765049, "0.5": 0.4315158812062837, "0.0": 0.5041566334135994}, "Llama3_finetuned": {"1.0": 0.4420507969269578, "0.5": 0.4176843251920651, "0.0": 0.7529239766081872}, "Heuristic_fuzzy": {"1.0": 0.4965170278637771, "0.5": 0.35576482054810227, "0.0": 0.7529239766081872}, "Heuristic_synonyms": {"1.0": 0.4980076826052058, "0.5": 0.3495442036463708, "0.0": 0.7529239766081872}, "Heuristic_exact": {"1.0": 0.27981309482857475, "0.5": 0.25669361311776173, "0.0": 0.7529239766081872}}, "bird_student_club": {"GPT3_5": {}, "Llama3_not_finetuned": {"1.0": 0.4685433201058201, "0.5": 0.4372519841269841, "0.0": 0.7507853835978836}, "Llama3_finetuned": {"1.0": 0.761780753968254, "0.5": 0.4755291005291006, "0.0": 0.8839285714285714}, "Heuristic_fuzzy": {"1.0": 0.6514550264550264, "0.5": 0.455026455026455, "0.0": 0.875}, "Heuristic_synonyms": {"1.0": 0.675760582010582, "0.5": 0.5544808201058201, "0.0": 0.875}, "Heuristic_exact": {"1.0": 0.5099619708994709, "0.5": 0.3568121693121693, "0.0": 0.875}}, "bird_toxicology": {"GPT3_5": {}, "Llama3_not_finetuned": {"1.0": 0.6300000000000001, "0.5": 0.3683333333333333, "0.0": 0.605}, "Llama3_finetuned": {"1.0": 0.6033333333333333, "0.5": 0.5833333333333333, "0.0": 0.85}, "Heuristic_fuzzy": {"1.0": 0.66, "0.5": 0.45333333333333337, "0.0": 1.0}, "Heuristic_synonyms": {"1.0": 0.625, "0.5": 0.6016666666666668, "0.0": 1.0}, "Heuristic_exact": {"1.0": 0.45833333333333337, "0.5": 0.31000000000000005, "0.0": 1.0}}, "wikidb_paz-domain-superfamily": {"GPT3_5": {}, "Llama3_not_finetuned": {"1.0": 0.34710884353741495, "0.5": 0.32682436611008037, "0.0": 0.5811456400742115}, "Llama3_finetuned": {"1.0": 0.4266233766233766, "0.5": 0.27748917748917745, "0.0": 0.6928880643166357}, "Heuristic_fuzzy": {"1.0": 0.5436842918985776, "0.5": 0.4250541125541125, "0.0": 0.7551020408163265}, "Heuristic_synonyms": {"1.0": 0.5407776747062462, "0.5": 0.42081014223871366, "0.0": 0.7551020408163265}, "Heuristic_exact": {"1.0": 0.4174474335188621, "0.5": 0.2718769325912183, "0.0": 0.7551020408163265}}, "wikidb_rsga-gtpase-domain-protein-family": {"GPT3_5": {}, "Llama3_not_finetuned": {"1.0": 0.3944603376421558, "0.5": 0.3698876880695063, "0.0": 0.713701702338066}, "Llama3_finetuned": {"1.0": 0.5529949848131666, "0.5": 0.4074309528854983, "0.0": 0.7508476372112735}, "Heuristic_fuzzy": {"1.0": 0.6833192060464789, "0.5": 0.3625944762308399, "0.0": 0.8989898989898989}, "Heuristic_synonyms": {"1.0": 0.7297891502436958, "0.5": 0.3697729038638129, "0.0": 0.8989898989898989}, "Heuristic_exact": {"1.0": 0.4478173341809705, "0.5": 0.2665642438369711, "0.0": 0.8989898989898989}}, "spider_chinook_1": {"GPT3_5": {}, "Llama3_not_finetuned": {"1.0": 0.6432249848916517, "0.5": 0.5759345592678926, "0.0": 0.8094081844081845}, "Llama3_finetuned": {"1.0": 0.7183480100146767, "0.5": 0.6133536216869551, "0.0": 0.7212121212121212}, "Heuristic_fuzzy": {"1.0": 0.7329426746093411, "0.5": 0.5806159889493223, "0.0": 0.9681429681429681}, "Heuristic_synonyms": {"1.0": 0.7651817318483985, "0.5": 0.6326750410083744, "0.0": 0.9665889665889665}, "Heuristic_exact": {"1.0": 0.6458214624881292, "0.5": 0.3854247604247604, "0.0": 0.9681429681429681}}, "spider_swimming": {"GPT3_5": {}, "Llama3_not_finetuned": {"1.0": 0.5589597902097903, "0.5": 0.34414335664335666, "0.0": 0.6618735431235431}, "Llama3_finetuned": {"1.0": 0.6945367132867133, "0.5": 0.4776660839160839, "0.0": 0.65625}, "Heuristic_fuzzy": {"1.0": 0.8119463869463869, "0.5": 0.5040792540792541, "0.0": 1.0}, "Heuristic_synonyms": {"1.0": 0.814787296037296, "0.5": 0.5538024475524476, "0.0": 1.0}, "Heuristic_exact": {"1.0": 0.5241404428904428, "0.5": 0.3375, "0.0": 1.0}}, "spider_company_office": {"GPT3_5": {}, "Llama3_not_finetuned": {"1.0": 0.7017543859649122, "0.5": 0.6435185185185185, "0.0": 0.871588693957115}, "Llama3_finetuned": {"1.0": 0.6246345029239766, "0.5": 0.545443469785575, "0.0": 1.0}, "Heuristic_fuzzy": {"1.0": 0.6220760233918128, "0.5": 0.40631091617933723, "0.0": 1.0}, "Heuristic_synonyms": {"1.0": 0.6220760233918128, "0.5": 0.5307017543859649, "0.0": 1.0}, "Heuristic_exact": {"1.0": 0.4568713450292398, "0.5": 0.2911793372319688, "0.0": 1.0}}, "spider_theme_gallery": {"GPT3_5": {}, "Llama3_not_finetuned": {"1.0": 0.5716727716727718, "0.5": 0.42283272283272283, "0.0": 0.6727716727716727}, "Llama3_finetuned": {"1.0": 0.6963369963369964, "0.5": 0.6151404151404151, "0.0": 1.0}, "Heuristic_fuzzy": {"1.0": 0.7244200244200244, "0.5": 0.5748473748473749, "0.0": 1.0}, "Heuristic_synonyms": {"1.0": 0.7577533577533577, "0.5": 0.5938949938949939, "0.0": 1.0}, "Heuristic_exact": {"1.0": 0.43174603174603177, "0.5": 0.3207570207570208, "0.0": 1.0}}, "bird_thrombosis_prediction": {"GPT3_5": {}, "Llama3_not_finetuned": {"1.0": 0.549029253574708, "0.5": 0.3812324039596766, "0.0": 0.8321804458168094}, "Llama3_finetuned": {"1.0": 0.7055873419509783, "0.5": 0.6296884933248569, "0.0": 0.9250951069132887}, "Heuristic_fuzzy": {"1.0": 0.5401315855861312, "0.5": 0.45750209386573015, "0.0": 0.9970156106519742}, "Heuristic_synonyms": {"1.0": 0.5373868555686738, "0.5": 0.4716066761521307, "0.0": 0.9970156106519742}, "Heuristic_exact": {"1.0": 0.3741813741813742, "0.5": 0.376802490438854, "0.0": 0.9970156106519742}}, "bird_debit_card_specializing": {"GPT3_5": {}, "Llama3_not_finetuned": {"1.0": 0.6558333333333334, "0.5": 0.45111111111111113, "0.0": 0.8716666666666667}, "Llama3_finetuned": {"1.0": 0.7444444444444445, "0.5": 0.6688888888888889, "0.0": 0.96}, "Heuristic_fuzzy": {"1.0": 0.6594444444444445, "0.5": 0.47944444444444445, "0.0": 1.0}, "Heuristic_synonyms": {"1.0": 0.72, "0.5": 0.49499999999999994, "0.0": 1.0}, "Heuristic_exact": {"1.0": 0.4761111111111111, "0.5": 0.3161111111111111, "0.0": 1.0}}, "bird_card_games": {"GPT3_5": {}, "Llama3_not_finetuned": {"1.0": 0.5137909410868594, "0.5": 0.19916344916344914, "0.0": 0.8104972684054317}, "Llama3_finetuned": {"1.0": 0.38279587896934836, "0.5": 0.2363453103249022, "0.0": 0.5661032752869486}, "Heuristic_fuzzy": {"1.0": 0.6927776902266698, "0.5": 0.48997485094423865, "0.0": 0.9977214824153601}, "Heuristic_synonyms": {"1.0": 0.616616434218475, "0.5": 0.5311539673784572, "0.0": 0.9977214824153601}, "Heuristic_exact": {"1.0": 0.49654282562445834, "0.5": 0.33563975783363537, "0.0": 0.9977214824153601}}, "bird_codebase_community": {"GPT3_5": {}, "Llama3_not_finetuned": {"1.0": 0.44611678004535144, "0.5": 0.29693877551020403, "0.0": 0.5402069160997731}, "Llama3_finetuned": {"1.0": 0.4068877551020408, "0.5": 0.47610544217687073, "0.0": 0.5977891156462585}, "Heuristic_fuzzy": {"1.0": 0.6323270975056688, "0.5": 0.5286139455782313, "0.0": 0.875}, "Heuristic_synonyms": {"1.0": 0.6357284580498865, "0.5": 0.5540816326530612, "0.0": 0.8714285714285714}, "Heuristic_exact": {"1.0": 0.5366213151927438, "0.5": 0.3910856009070295, "0.0": 0.8528911564625851}}, "bird_formula_1": {"GPT3_5": {}, "Llama3_not_finetuned": {"1.0": 0.5476713762428047, "0.5": 0.4147087039944183, "0.0": 0.7969911041339613}, "Llama3_finetuned": {"1.0": 0.6773591487877202, "0.5": 0.4784580498866213, "0.0": 0.8383917669631955}, "Heuristic_fuzzy": {"1.0": 0.7488269666841094, "0.5": 0.5679530786673643, "0.0": 0.9230769230769231}, "Heuristic_synonyms": {"1.0": 0.7705389848246991, "0.5": 0.6108581894296179, "0.0": 0.9230769230769231}, "Heuristic_exact": {"1.0": 0.5534493284493285,