{"wikidb_japans-top-100-waterfalls": {"GPT3_5": {}, "Llama3_not_finetuned": {"1.0": 0.288030765706424, "0.5": 0.24235597646983573, "0.0": 0.3582668446536279}, "Llama3_finetuned": {"1.0": 0.290965302302451, "0.5": 0.24375496179094064, "0.0": 0.4694137506148164}, "Heuristic_fuzzy": {"1.0": 0.41902847456414255, "0.5": 0.3316243313128284, "0.0": 0.5185051203907333}, "Heuristic_synonyms": {"1.0": 0.4136980087426458, "0.5": 0.3415857967072843, "0.0": 0.5185051203907333}, "Heuristic_exact": {"1.0": 0.3708580071694372, "0.5": 0.323512175509509, "0.0": 0.5538927819906527}, "gold_standard": 1.0}, "wikidb_heaphy-sketchbook-no-2": {"GPT3_5": {}, "Llama3_not_finetuned": {"1.0": 0.5499737961622514, "0.5": 0.491570409120865, "0.0": 0.538861108200807}, "Llama3_finetuned": {"1.0": 0.5644941127483005, "0.5": 0.5149569921832875, "0.0": 0.7730066076138058}, "Heuristic_fuzzy": {"1.0": 0.5842558412491994, "0.5": 0.47033265278782455, "0.0": 0.7730066076138058}, "Heuristic_synonyms": {"1.0": 0.5832910576782047, "0.5": 0.4549146407567657, "0.0": 0.7730066076138058}, "Heuristic_exact": {"1.0": 0.4151309162562359, "0.5": 0.3859031301310162, "0.0": 0.7730066076138058}, "gold_standard": 1.0}, "bird_student_club": {"GPT3_5": {}, "Llama3_not_finetuned": {"1.0": 0.5847248194518544, "0.5": 0.5809534824030622, "0.0": 0.8300274313625626}, "Llama3_finetuned": {"1.0": 0.8440167918883089, "0.5": 0.6066747215551731, "0.0": 0.8868039544583521}, "Heuristic_fuzzy": {"1.0": 0.7691751512800298, "0.5": 0.5930047779865939, "0.0": 1.0}, "Heuristic_synonyms": {"1.0": 0.7409286638055834, "0.5": 0.6763845182861994, "0.0": 0.9754551820728291}, "Heuristic_exact": {"1.0": 0.6432546076644374, "0.5": 0.5070842342785067, "0.0": 1.0}, "gold_standard": 1.0}, "bird_toxicology": {"GPT3_5": {}, "Llama3_not_finetuned": {"1.0": 0.5277130236030725, "0.5": 0.45172562660161675, "0.0": 0.5746960667125085}, "Llama3_finetuned": {"1.0": 0.6822863274632606, "0.5": 0.6939029518276673, "0.0": 0.8562036883328554}, "Heuristic_fuzzy": {"1.0": 0.7166475173428704, "0.5": 0.5920803801718609, "0.0": 1.0}, "Heuristic_synonyms": {"1.0": 0.7131675922780323, "0.5": 0.6738190525292294, "0.0": 0.9305555555555556}, "Heuristic_exact": {"1.0": 0.5903012056751579, "0.5": 0.47022284292504885, "0.0": 1.0}, "gold_standard": 1.0}, "wikidb_paz-domain-superfamily": {"GPT3_5": {}, "Llama3_not_finetuned": {"1.0": 0.4424951411497323, "0.5": 0.430378770782132, "0.0": 0.6090815388384582}, "Llama3_finetuned": {"1.0": 0.5355025016982019, "0.5": 0.40459900080042194, "0.0": 0.7224462563594217}, "Heuristic_fuzzy": {"1.0": 0.6225783125268075, "0.5": 0.529537623594836, "0.0": 0.7354088317423739}, "Heuristic_synonyms": {"1.0": 0.6031337918666839, "0.5": 0.5202954045381543, "0.0": 0.7354088317423739}, "Heuristic_exact": {"1.0": 0.5315251641381528, "0.5": 0.40949052002512865, "0.0": 0.7708469622443836}, "gold_standard": 1.0}, "wikidb_rsga-gtpase-domain-protein-family": {"GPT3_5": {}, "Llama3_not_finetuned": {"1.0": 0.5152499655295953, "0.5": 0.4606342682213071, "0.0": 0.6973969975412654}, "Llama3_finetuned": {"1.0": 0.6733812443618795, "0.5": 0.5590257037298554, "0.0": 0.7861440573606268}, "Heuristic_fuzzy": {"1.0": 0.7671538565019557, "0.5": 0.5176597092901553, "0.0": 0.906590432044061}, "Heuristic_synonyms": {"1.0": 0.7958217610182091, "0.5": 0.5208613883374007, "0.0": 0.906590432044061}, "Heuristic_exact": {"1.0": 0.5902950360168032, "0.5": 0.41310148660509965, "0.0": 0.906590432044061}, "gold_standard": 1.0}, "spider_chinook_1": {"GPT3_5": {}, "Llama3_not_finetuned": {"1.0": 0.7294941027012516, "0.5": 0.6795935638617878, "0.0": 0.8639881475281137}, "Llama3_finetuned": {"1.0": 0.7691874781634609, "0.5": 0.7306903296742869, "0.0": 0.811842144054359}, "Heuristic_fuzzy": {"1.0": 0.7843420629226052, "0.5": 0.6838976792007095, "0.0": 0.9508417508417509}, "Heuristic_synonyms": {"1.0": 0.7792926678732102, "0.5": 0.720456265923742, "0.0": 0.9444844717571992}, "Heuristic_exact": {"1.0": 0.7554382261958019, "0.5": 0.5397080926419769, "0.0": 1.0}, "gold_standard": 1.0}, "spider_swimming": {"GPT3_5": {}, "Llama3_not_finetuned": {"1.0": 0.6640594991816671, "0.5": 0.4477381875604749, "0.0": 0.7097600713161049}, "Llama3_finetuned": {"1.0": 0.784603541640155, "0.5": 0.6160223425564333, "0.0": 0.7476983467228476}, "Heuristic_fuzzy": {"1.0": 0.872661741110939, "0.5": 0.6474863396654841, "0.0": 1.0}, "Heuristic_synonyms": {"1.0": 0.8744417792546135, "0.5": 0.6749961033717717, "0.0": 1.0}, "Heuristic_exact": {"1.0": 0.6670806429162044, "0.5": 0.497974483552692, "0.0": 1.0}, "gold_standard": 1.0}, "spider_company_office": {"GPT3_5": {}, "Llama3_not_finetuned": {"1.0": 0.7004096249134696, "0.5": 0.6253739431205072, "0.0": 0.9172779418952262}, "Llama3_finetuned": {"1.0": 0.7431849336603156, "0.5": 0.6857213555920453, "0.0": 1.0}, "Heuristic_fuzzy": {"1.0": 0.7498382653942924, "0.5": 0.5682743928342819, "0.0": 1.0}, "Heuristic_synonyms": {"1.0": 0.7498382653942924, "0.5": 0.6686305932629462, "0.0": 1.0}, "Heuristic_exact": {"1.0": 0.6141335270797513, "0.5": 0.4459558141804518, "0.0": 1.0}, "gold_standard": 1.0}, "spider_theme_gallery": {"GPT3_5": {}, "Llama3_not_finetuned": {"1.0": 0.6237541274256251, "0.5": 0.527989417989418, "0.0": 0.7031466025014411}, "Llama3_finetuned": {"1.0": 0.8024986709197236, "0.5": 0.7353360220026887, "0.0": 1.0}, "Heuristic_fuzzy": {"1.0": 0.8288888888888889, "0.5": 0.6744779059949338, "0.0": 0.9445}, "Heuristic_synonyms": {"1.0": 0.851111111111111, "0.5": 0.6900334615504894, "0.0": 0.9445}, "Heuristic_exact": {"1.0": 0.5827732656060828, "0.5": 0.4705291005291005, "0.0": 1.0}, "gold_standard": 1.0}, "bird_thrombosis_prediction": {"GPT3_5": {}, "Llama3_not_finetuned": {"1.0": 0.5859032991941647, "0.5": 0.48826859514042037, "0.0": 0.8286748757463659}, "Llama3_finetuned": {"1.0": 0.7153144098214193, "0.5": 0.6933238849263477, "0.0": 0.905153844016804}, "Heuristic_fuzzy": {"1.0": 0.6600313734856598, "0.5": 0.5443331570097271, "0.0": 1.0}, "Heuristic_synonyms": {"1.0": 0.6575370965252215, "0.5": 0.5613340098828664, "0.0": 1.0}, "Heuristic_exact": {"1.0": 0.5099124421219232, "0.5": 0.4728957168370183, "0.0": 1.0}, "gold_standard": 1.0}, "bird_debit_card_specializing": {"GPT3_5": {}, "Llama3_not_finetuned": {"1.0": 0.7459383419974179, "0.5": 0.6062388536056992, "0.0": 0.9138594932199583}, "Llama3_finetuned": {"1.0": 0.8190308412530634, "0.5": 0.7776860901515564, "0.0": 0.9771051910586795}, "Heuristic_fuzzy": {"1.0": 0.7562257355786165, "0.5": 0.6307646486375575, "0.0": 0.9277777777777778}, "Heuristic_synonyms": {"1.0": 0.8036973567436174, "0.5": 0.6169936414757459, "0.0": 0.9037037037037037}, "Heuristic_exact": {"1.0": 0.6125745302708087, "0.5": 0.47748539242792115, "0.0": 1.0}, "gold_standard": 1.0}, "bird_card_games": {"GPT3_5": {}, "Llama3_not_finetuned": {"1.0": 0.6101962222874872, "0.5": 0.3034818132398391, "0.0": 0.8236227704054565}, "Llama3_finetuned": {"1.0": 0.5079562785278516, "0.5": 0.36169256121675025, "0.0": 0.6458886578641704}, "Heuristic_fuzzy": {"1.0": 0.7372727363567738, "0.5": 0.5900560511603695, "0.0": 0.9047619047619048}, "Heuristic_synonyms": {"1.0": 0.6564447050295232, "0.5": 0.5984271756066475, "0.0": 0.9047619047619048}, "Heuristic_exact": {"1.0": 0.6169992345841736, "0.5": 0.49499118796733005, "0.0": 1.0}, "gold_standard": 1.0}, "bird_codebase_community": {"GPT3_5": {}, "Llama3_not_finetuned": {"1.0": 0.5851005871057955, "0.5": 0.47197385369260375, "0.0": 0.6179973599895476}, "Llama3_finetuned": {"1.0": 0.5606359728234728, "0.5": 0.6085062473901759, "0.0": 0.8228601934331101}, "Heuristic_fuzzy": {"1.0": 0.7451532510990668, "0.5": 0.6326865187281854, "0.0": 0.7729315476190476}, "Heuristic_synonyms": {"1.0": 0.743582079215395, "0.5": 0.6509711548437038, "0.0": 0.7599408971810792}, "Heuristic_exact": {"1.0": 0.6744462660906113, "0.5": 0.5405800064133398, "0.0": 1.0}, "gold_standard": 1.0}, "bird_formula_1": {"GPT3_5": {}, "Llama3_not_finetuned": {"1.0": 0.6791985151600535, "0.5": 0.5081002800711197, "0.0": 0.6507579168728209},