{"bird_debit_card_specializing": {"Llama3_finetuned": {"0.5": 0.4915254237288136, "1.0": 0.1322314049586777, "0.0": 0.34169278996865204}, "GPT3_5": {}, "Heuristic_fuzzy": {"0.5": 0.5414847161572053, "1.0": 0.5961538461538461, "0.0": 0.25}, "Heuristic_exact": {"0.5": 0.608574091332712, "1.0": 0.45806451612903226, "0.0": 0.0}, "Heuristic_synonyms": {"0.5": 0.6618357487922706, "1.0": 0.5531914893617021, "0.0": 0.19230769230769232}, "Llama3_not_finetuned": {"0.5": 0.48402948402948404, "1.0": 0.5714285714285714, "0.0": 0.3069306930693069}, "gold_standard": 0.0}, "bird_toxicology": {"Llama3_finetuned": {"0.5": 0.5578778135048231, "1.0": 0.5627980922098569, "0.0": 0.2028985507246377}, "GPT3_5": {}, "Heuristic_fuzzy": {"0.5": 0.5931952662721893, "1.0": 0.6164574616457462, "0.0": 0.0}, "Heuristic_exact": {"0.5": 0.6428571428571429, "1.0": 0.5200698080279232, "0.0": 0.0}, "Heuristic_synonyms": {"0.5": 0.6308724832214765, "1.0": 0.5967741935483871, "0.0": 0.21428571428571427}, "Llama3_not_finetuned": {"0.5": 0.6968026460859978, "1.0": 0.7043010752688172, "0.0": 0.5307167235494881}, "gold_standard": 0.0}, "bird_card_games": {"Llama3_finetuned": {"0.5": 0.6729323308270677, "1.0": 0.6134423897581792, "0.0": 0.7667248400232693}, "GPT3_5": {}, "Heuristic_fuzzy": {"0.5": 0.6830312185297079, "1.0": 0.7235397452788758, "0.0": 0.1435374149659864}, "Heuristic_exact": {"0.5": 0.6271838910275392, "1.0": 0.6364423909904707, "0.0": 0.1435374149659864}, "Heuristic_synonyms": {"0.5": 0.7214824678206835, "1.0": 0.7576107899807322, "0.0": 0.1435374149659864}, "Llama3_not_finetuned": {"0.5": 0.47530864197530864, "1.0": 0.7185167910447762, "0.0": 0.6622854077253219}, "gold_standard": 0.24429771908763506}, "wikidb_japans-top-100-waterfalls": {"Llama3_finetuned": {"0.5": 0.4280742459396752, "1.0": 0.7459842519685039, "0.0": 0.21509263443289653}, "GPT3_5": {}, "Heuristic_fuzzy": {"0.5": 0.6476887381759772, "1.0": 0.6530755711775044, "0.0": 0.1147982062780269}, "Heuristic_exact": {"0.5": 0.7388543458129382, "1.0": 0.7822153574580759, "0.0": 0.07410881801125703}, "Heuristic_synonyms": {"0.5": 0.6060727127447063, "1.0": 0.6195526417277285, "0.0": 0.1147982062780269}, "Llama3_not_finetuned": {"0.5": 0.9303886038250385, "1.0": 0.8828278031697038, "0.0": 0.5888839876488752}, "gold_standard": 0.004221388367729831}, "spider_company_office": {"Llama3_finetuned": {"0.5": 0.029197080291970802, "1.0": 0.2046783625730994, "0.0": 0.1337579617834395}, "GPT3_5": {}, "Heuristic_fuzzy": {"0.5": 0.5185840707964602, "1.0": 0.2765957446808511, "0.0": 0.0}, "Heuristic_exact": {"0.5": 0.5654952076677316, "1.0": 0.3804100227790433, "0.0": 0.0}, "Heuristic_synonyms": {"0.5": 0.43568464730290457, "1.0": 0.2765957446808511, "0.0": 0.0}, "Llama3_not_finetuned": {"0.5": 0.7364341085271318, "1.0": 0.6902050113895216, "0.0": 0.40350877192982454}, "gold_standard": 0.0}, "wikidb_rsga-gtpase-domain-protein-family": {"Llama3_finetuned": {"0.5": 0.8108600583090378, "1.0": 0.6670942912123156, "0.0": 0.64438019515721}, "GPT3_5": {}, "Heuristic_fuzzy": {"0.5": 0.5376391982182628, "1.0": 0.4175084175084175, "0.0": 0.017045454545454544}, "Heuristic_exact": {"0.5": 0.6574257425742575, "1.0": 0.5281818181818182, "0.0": 0.017045454545454544}, "Heuristic_synonyms": {"0.5": 0.4992764109985528, "1.0": 0.37454545454545457, "0.0": 0.017045454545454544}, "Llama3_not_finetuned": {"0.5": 0.7749837415998265, "1.0": 0.8575154426904599, "0.0": 0.5634987384356602}, "gold_standard": 0.0}, "spider_workshop_paper": {"Llama3_finetuned": {"0.5": 0.0, "1.0": 0.0, "0.0": 0.0}, "GPT3_5": {}, "Heuristic_fuzzy": {"0.5": 0.4675324675324675, "1.0": 0.26126126126126126, "0.0": 0.0}, "Heuristic_exact": {"0.5": 0.5176470588235295, "1.0": 0.26785714285714285, "0.0": 0.0}, "Heuristic_synonyms": {"0.5": 0.42657342657342656, "1.0": 0.26126126126126126, "0.0": 0.31666666666666665}, "Llama3_not_finetuned": {"0.5": 0.5858585858585859, "1.0": 0.5260115606936416, "0.0": 0.583756345177665}, "gold_standard": 0.0}, "spider_chinook_1": {"Llama3_finetuned": {"0.5": 0.011428571428571429, "1.0": 0.1774960380348653, "0.0": 0.08947368421052632}, "GPT3_5": {}, "Heuristic_fuzzy": {"0.5": 0.6197802197802198, "1.0": 0.4437299035369775, "0.0": 0.19284603421461896}, "Heuristic_exact": {"0.5": 0.5724876441515651, "1.0": 0.4559748427672956, "0.0": 0.029906542056074768}, "Heuristic_synonyms": {"0.5": 0.5738916256157636, "1.0": 0.49067713444553485, "0.0": 0.19284603421461896}, "Llama3_not_finetuned": {"0.5": 0.5066539923954373, "1.0": 0.4676923076923077, "0.0": 0.36552567237163813}, "gold_standard": 0.06148282097649186}, "bird_california_schools": {"Llama3_finetuned": {"0.5": 0.10070451719850808, "1.0": 0.7915927136851938, "0.0": 0.5024597495527728}, "GPT3_5": {}, "Heuristic_fuzzy": {"0.5": 0.5294830371567044, "1.0": 0.5675575352635486, "0.0": 0.13895048041389504}, "Heuristic_exact": {"0.5": 0.6659019214224261, "1.0": 0.5237121831561733, "0.0": 0.13895048041389504}, "Heuristic_synonyms": {"0.5": 0.6922873745377708, "1.0": 0.5492358289804604, "0.0": 0.13895048041389504}, "Llama3_not_finetuned": {"0.5": 0.8438114615123771, "1.0": 0.7966663757745004, "0.0": 0.8846249071552365}, "gold_standard": 0.20667347633639768}, "wikidb_paz-domain-superfamily": {"Llama3_finetuned": {"0.5": 0.8347255369928401, "1.0": 0.6283542039355993, "0.0": 0.8743004084102254}, "GPT3_5": {}, "Heuristic_fuzzy": {"0.5": 0.6321381142098274, "1.0": 0.48353014294592916, "0.0": 0.21898496240601503}, "Heuristic_exact": {"0.5": 0.6102251407129456, "1.0": 0.5229621125143513, "0.0": 0.05782312925170068}, "Heuristic_synonyms": {"0.5": 0.6149212233549582, "1.0": 0.4460093896713615, "0.0": 0.21898496240601503}, "Llama3_not_finetuned": {"0.5": 0.7798675496688742, "1.0": 0.8110075051171253, "0.0": 0.7356870229007634}, "gold_standard": 0.0}, "wikidb_peptidase-u32-collagenase-family": {"Llama3_finetuned": {"0.5": 0.3501131221719457, "1.0": 0.8957444877960258, "0.0": 0.5072898799313894}, "GPT3_5": {}, "Heuristic_fuzzy": {"0.5": 0.6162324649298597, "1.0": 0.49561018437225635, "0.0": 0.1908450704225352}, "Heuristic_exact": {"0.5": 0.6276733635774465, "1.0": 0.49271523178807947, "0.0": 0.0425}, "Heuristic_synonyms": {"0.5": 0.5865176640230714, "1.0": 0.47651933701657456, "0.0": 0.1908450704225352}, "Llama3_not_finetuned": {"0.5": 0.7112339783865292, "1.0": 0.6573218013719058, "0.0": 0.75}, "gold_standard": 0.0}, "wikidb_alpha-defensins": {"Llama3_finetuned": {"0.5": 0.0, "1.0": 0.15384615384615385, "0.0": 0.0}, "GPT3_5": {}, "Heuristic_fuzzy": {"0.5": 0.5820379965457686, "1.0": 0.5198412698412699, "0.0": 0.020242914979757085}, "Heuristic_exact": {"0.5": 0.6542857142857142, "1.0": 0.5870307167235495, "0.0": 0.020242914979757085}, "Heuristic_synonyms": {"0.5": 0.5346153846153846, "1.0": 0.42105263157894735, "0.0": 0.020242914979757085}, "Llama3_not_finetuned": {"0.5": 0.7697431018078021, "1.0": 0.7727699530516432, "0.0": 0.6497829232995659}, "gold_standard": 0.0}, "wikidb_heaphy-sketchbook-no-2": {"Llama3_finetuned": {"0.5": 0.08951965065502183, "1.0": 0.0, "0.0": 0.1693227091633466}, "GPT3_5": {}, "Heuristic_fuzzy": {"0.5": 0.5804828973843058, "1.0": 0.38130563798219586, "0.0": 0.03248259860788863}, "Heuristic_exact": {"0.5": 0.6229656419529838, "1.0": 0.5168018539976825, "0.0": 0.03248259860788863}, "Heuristic_synonyms": {"0.5": 0.5463467829880043, "1.0": 0.32794830371567046, "0.0": 0.03248259860788863}, "Llama3_not_finetuned": {"0.5": 0.7466585662211421, "1.0": 0.677992277992278, "0.0": 0.715358361774744}, "gold_standard": 0.0}, "bird_european_football_2": {"Llama3_finetuned": {"0.5": 0.012254901960784314, "1.0": 0.011157601115760111, "0.0": 0.0}, "GPT3_5": {}, "Heuristic_fuzzy": {"0.5": 0.6194963695349915, "1.0": 0.5863285186429291, "0.0": 0.3044337757695566}, "Heuristic_exact": {"0.5": 0.587229763700352, "1.0": 0.43664226898444647, "0.0": 0.1111512089498376}, "Heuristic_synonyms": {"0.5": 0.5756635642881764, "1.0": 0.5526698147475482, "0.0": 0.3044337757695566}, "Llama3_not_finetuned": {"0.5": 0.3948790896159317,