{"wikidb_japans-top-100-waterfalls": {"GPT3_5": {}, "Llama3_not_finetuned": {"1.0": 0.18969204327872777, "0.5": 0.11675027261572225, "0.0": 0.31156993287401}, "Llama3_finetuned": {"1.0": 0.1550242037228873, "0.5": 0.15938960425720808, "0.0": 0.15178571428571427}, "Heuristic_fuzzy": {"1.0": 0.3361523902490289, "0.5": 0.2711554849059737, "0.0": 0.49505256648113793}, "Heuristic_synonyms": {"1.0": 0.33611348579835976, "0.5": 0.289768326321248, "0.0": 0.49505256648113793}, "Heuristic_exact": {"1.0": 0.2646225156729359, "0.5": 0.2549598920729855, "0.0": 0.5324675324675324}}, "wikidb_heaphy-sketchbook-no-2": {"GPT3_5": {}, "Llama3_not_finetuned": {"1.0": 0.4440087145969499, "0.5": 0.3402018422150495, "0.0": 0.36450477626948213}, "Llama3_finetuned": {"1.0": 0.10263157894736842, "0.5": 0.20592926165681583, "0.0": 0.43933823529411764}, "Heuristic_fuzzy": {"1.0": 0.5322313135780627, "0.5": 0.3881722279555097, "0.0": 0.7529239766081872}, "Heuristic_synonyms": {"1.0": 0.5390129736104967, "0.5": 0.3850380308068646, "0.0": 0.7529239766081872}, "Heuristic_exact": {"1.0": 0.3704240316816381, "0.5": 0.3294785297631598, "0.0": 0.7529239766081872}}, "bird_student_club": {"GPT3_5": {}, "Llama3_not_finetuned": {"1.0": 0.5058785768930616, "0.5": 0.5419629113300332, "0.0": 0.7753167348955392}, "Llama3_finetuned": {"1.0": 0.23172479694218828, "0.5": 0.1797924297924298, "0.0": 0.4761858106156352}, "Heuristic_fuzzy": {"1.0": 0.7016487150415721, "0.5": 0.497263720302936, "0.0": 0.875}, "Heuristic_synonyms": {"1.0": 0.583953373015873, "0.5": 0.5591686495386685, "0.0": 0.7916666666666666}, "Heuristic_exact": {"1.0": 0.575896747587924, "0.5": 0.45918404825380443, "0.0": 0.875}}, "bird_toxicology": {"GPT3_5": {}, "Llama3_not_finetuned": {"1.0": 0.28596491228070176, "0.5": 0.35979276452601117, "0.0": 0.5022306397306397}, "Llama3_finetuned": {"1.0": 0.31896551724137934, "0.5": 0.3392371032457239, "0.0": 0.6242497311175104}, "Heuristic_fuzzy": {"1.0": 0.5624704998060261, "0.5": 0.517107555474051, "0.0": 1.0}, "Heuristic_synonyms": {"1.0": 0.6182818421948857, "0.5": 0.5154583763329893, "0.0": 0.8333333333333333}, "Heuristic_exact": {"1.0": 0.5329637559097278, "0.5": 0.4043266951161688, "0.0": 1.0}}, "wikidb_paz-domain-superfamily": {"GPT3_5": {}, "Llama3_not_finetuned": {"1.0": 0.33445423877466257, "0.5": 0.38520781119465336, "0.0": 0.5137097094730149}, "Llama3_finetuned": {"1.0": 0.18809104090354087, "0.5": 0.16663924963924964, "0.0": 0.15454676636494818}, "Heuristic_fuzzy": {"1.0": 0.5467803030303031, "0.5": 0.41817712850843336, "0.0": 0.6870748299319729}, "Heuristic_synonyms": {"1.0": 0.5382421150278293, "0.5": 0.414057866964271, "0.0": 0.6870748299319729}, "Heuristic_exact": {"1.0": 0.45664626522545776, "0.5": 0.3603293412226551, "0.0": 0.7551020408163265}}, "wikidb_rsga-gtpase-domain-protein-family": {"GPT3_5": {}, "Llama3_not_finetuned": {"1.0": 0.3284997416324366, "0.5": 0.3706529940224103, "0.0": 0.6026276753549481}, "Llama3_finetuned": {"1.0": 0.18368318156094052, "0.5": 0.25328180591338484, "0.0": 0.5078814957935837}, "Heuristic_fuzzy": {"1.0": 0.6833192060464789, "0.5": 0.4704421540971693, "0.0": 0.8989898989898989}, "Heuristic_synonyms": {"1.0": 0.7297891502436958, "0.5": 0.47969594975206387, "0.0": 0.8989898989898989}, "Heuristic_exact": {"1.0": 0.5055005006876664, "0.5": 0.3557339381677241, "0.0": 0.8989898989898989}}, "spider_chinook_1": {"GPT3_5": {}, "Llama3_not_finetuned": {"1.0": 0.6622064849877027, "0.5": 0.6155878252528969, "0.0": 0.821981784984881}, "Llama3_finetuned": {"1.0": 0.43569700501518677, "0.5": 0.23550187186550822, "0.0": 0.3633567660305628}, "Heuristic_fuzzy": {"1.0": 0.676514048005276, "0.5": 0.5635023745057519, "0.0": 0.846930846930847}, "Heuristic_synonyms": {"1.0": 0.6411092104109232, "0.5": 0.5980360584673535, "0.0": 0.8453768453768454}, "Heuristic_exact": {"1.0": 0.677744932130897, "0.5": 0.476384316710657, "0.0": 0.9681429681429681}}, "spider_swimming": {"GPT3_5": {}, "Llama3_not_finetuned": {"1.0": 0.4719332210998878, "0.5": 0.32126691185650347, "0.0": 0.5378828025886849}, "Llama3_finetuned": {"1.0": 0.31367243867243866, "0.5": 0.40290119237487654, "0.0": 0.22601010101010102}, "Heuristic_fuzzy": {"1.0": 0.8413885357067175, "0.5": 0.5428030303030303, "0.0": 1.0}, "Heuristic_synonyms": {"1.0": 0.8442493112947658, "0.5": 0.5433313397129187, "0.0": 1.0}, "Heuristic_exact": {"1.0": 0.6228812787425229, "0.5": 0.42501128740970073, "0.0": 1.0}}, "spider_company_office": {"GPT3_5": {}, "Llama3_not_finetuned": {"1.0": 0.4750130616509927, "0.5": 0.38038413205756005, "0.0": 0.8740809668229024}, "Llama3_finetuned": {"1.0": 0.529640608988435, "0.5": 0.16778627480381866, "0.0": 0.41143925518925517}, "Heuristic_fuzzy": {"1.0": 0.7140092879256965, "0.5": 0.4670019157088123, "0.0": 1.0}, "Heuristic_synonyms": {"1.0": 0.7140092879256965, "0.5": 0.6061029009304871, "0.0": 1.0}, "Heuristic_exact": {"1.0": 0.5870695256660169, "0.5": 0.38407624437599647, "0.0": 1.0}}, "spider_theme_gallery": {"GPT3_5": {}, "Llama3_not_finetuned": {"1.0": 0.5207407407407407, "0.5": 0.47888888888888886, "0.0": 0.5384848484848485}, "Llama3_finetuned": {"1.0": 0.2261904761904762, "0.5": 0.2261904761904762, "0.0": 0.3637566137566138}, "Heuristic_fuzzy": {"1.0": 0.764102564102564, "0.5": 0.5444444444444444, "0.0": 0.7641666666666667}, "Heuristic_synonyms": {"1.0": 0.7974358974358973, "0.5": 0.5666666666666668, "0.0": 0.7641666666666667}, "Heuristic_exact": {"1.0": 0.5487673431945878, "0.5": 0.43643790849673203, "0.0": 1.0}}, "bird_thrombosis_prediction": {"GPT3_5": {}, "Llama3_not_finetuned": {"1.0": 0.5588633355928954, "0.5": 0.5083259712274109, "0.0": 0.8324936538506057}, "Llama3_finetuned": {"1.0": 0.3536894652966082, "0.5": 0.3065921452285089, "0.0": 0.43940555568462547}, "Heuristic_fuzzy": {"1.0": 0.6249318969066597, "0.5": 0.549781588484032, "0.0": 0.9970156106519742}, "Heuristic_synonyms": {"1.0": 0.6222682653603707, "0.5": 0.5684625500972547, "0.0": 0.9970156106519742}, "Heuristic_exact": {"1.0": 0.48636975878373495, "0.5": 0.4867529036507949, "0.0": 0.9970156106519742}}, "bird_debit_card_specializing": {"GPT3_5": {}, "Llama3_not_finetuned": {"1.0": 0.6806362161186279, "0.5": 0.5667599467599468, "0.0": 0.8864746117928493}, "Llama3_finetuned": {"1.0": 0.2461809084635172, "0.5": 0.442845466155811, "0.0": 0.6191435185185185}, "Heuristic_fuzzy": {"1.0": 0.6122864396654719, "0.5": 0.5436841720711252, "0.0": 0.8666666666666666}, "Heuristic_synonyms": {"1.0": 0.6582123655913978, "0.5": 0.46867687584431683, "0.0": 0.8666666666666666}, "Heuristic_exact": {"1.0": 0.5409530651340997, "0.5": 0.4179657731777371, "0.0": 1.0}}, "bird_card_games": {"GPT3_5": {}, "Llama3_not_finetuned": {"1.0": 0.5771076990660476, "0.5": 0.28786540362944607, "0.0": 0.7452480944218929}, "Llama3_finetuned": {"1.0": 0.3525710395053784, "0.5": 0.19339548741076754, "0.0": 0.31557556482368515}, "Heuristic_fuzzy": {"1.0": 0.49093928111785257, "0.5": 0.5156223924081067, "0.0": 0.9024833871772647}, "Heuristic_synonyms": {"1.0": 0.4395676969103867, "0.5": 0.5241945886355823, "0.0": 0.9024833871772647}, "Heuristic_exact": {"1.0": 0.551900816920093, "0.5": 0.4456051134622564, "0.0": 0.9977214824153601}}, "bird_codebase_community": {"GPT3_5": {}, "Llama3_not_finetuned": {"1.0": 0.46363990947324285, "0.5": 0.40169312169312166, "0.0": 0.5129415337748671}, "Llama3_finetuned": {"1.0": 0.24918154761904762, "0.5": 0.125, "0.0": 0.2609698172198172}, "Heuristic_fuzzy": {"1.0": 0.6464484126984127, "0.5": 0.49328560850177394, "0.0": 0.4916666666666667}, "Heuristic_synonyms": {"1.0": 0.6498497732426304, "0.5": 0.5214664773405375, "0.0": 0.49023809523809525}, "Heuristic_exact": {"1.0": 0.6325894145537003, "0.5": 0.49792801719885055, "0.0": 0.8528911564625851}}, "bird_formula_1": {"GPT3_5": {}, "Llama3_not_finetuned": {"1.0": 0.6153138147255794, "0.5": 0.4313371813371813, "0.0": 0.4670419033529042}, "Llama3_finetuned": {"1.0": 0.21153846153846154, "0.5": 0.22008547008547008, "0.0": 0.40091710758377425},