{"wikidb_japans-top-100-waterfalls": {"GPT3_5": {}, "Llama3_not_finetuned": {"1.0_1.0": 0.3434353370978021}, "Llama3_finetuned": {"1.0_1.0": 0.3314895767510146}, "gold_standard": 1.0}, "wikidb_heaphy-sketchbook-no-2": {"GPT3_5": {}, "Llama3_not_finetuned": {"1.0_1.0": 0.5876332989336085}, "Llama3_finetuned": {"1.0_1.0": 0.2657522073156748}, "gold_standard": 1.0}, "bird_student_club": {"GPT3_5": {}, "Llama3_not_finetuned": {"1.0_1.0": 0.5062511810279667}, "Llama3_finetuned": {"1.0_1.0": 0.402938290215076}, "gold_standard": 1.0}, "bird_toxicology": {"GPT3_5": {}, "Llama3_not_finetuned": {"1.0_1.0": 0.6533333333333333}, "Llama3_finetuned": {"1.0_1.0": 0.8616666666666667}, "gold_standard": 1.0}, "wikidb_paz-domain-superfamily": {"GPT3_5": {}, "Llama3_not_finetuned": {"1.0_1.0": 0.3220006184291898}, "Llama3_finetuned": {"1.0_1.0": 0.3832482993197278}, "gold_standard": 1.0}, "wikidb_rsga-gtpase-domain-protein-family": {"GPT3_5": {}, "Llama3_not_finetuned": {"1.0_1.0": 0.40724553224553234}, "Llama3_finetuned": {"1.0_1.0": 0.588781168326623}, "gold_standard": 1.0}, "spider_chinook_1": {"GPT3_5": {}, "Llama3_not_finetuned": {"1.0_1.0": 0.754814741935954}, "Llama3_finetuned": {"1.0_1.0": 0.6282077630562479}, "gold_standard": 1.0}, "spider_swimming": {"GPT3_5": {}, "Llama3_not_finetuned": {"1.0_1.0": 0.6590034965034965}, "Llama3_finetuned": {"1.0_1.0": 0.4426136363636364}, "gold_standard": 1.0}, "spider_company_office": {"GPT3_5": {}, "Llama3_not_finetuned": {"1.0_1.0": 0.6041666666666666}, "Llama3_finetuned": {"1.0_1.0": 0.46600877192982465}, "gold_standard": 1.0}, "spider_theme_gallery": {"GPT3_5": {}, "Llama3_not_finetuned": {"1.0_1.0": 0.8517704517704517}, "Llama3_finetuned": {"1.0_1.0": 0.3652014652014652}, "gold_standard": 1.0}, "bird_thrombosis_prediction": {"GPT3_5": {}, "Llama3_not_finetuned": {"1.0_1.0": 0.49117491067481794}, "Llama3_finetuned": {"1.0_1.0": 0.3308779317196077}, "gold_standard": 1.0}, "bird_debit_card_specializing": {"GPT3_5": {}, "Llama3_not_finetuned": {"1.0_1.0": 0.6491666666666667}, "Llama3_finetuned": {"1.0_1.0": 0.7197222222222222}, "gold_standard": 1.0}, "bird_card_games": {"GPT3_5": {}, "Llama3_not_finetuned": {"1.0_1.0": 0.41826177465521724}, "Llama3_finetuned": {"1.0_1.0": 0.5886613594576124}, "gold_standard": 1.0}, "bird_codebase_community": {"GPT3_5": {}, "Llama3_not_finetuned": {"1.0_1.0": 0.6128460411942556}, "Llama3_finetuned": {"1.0_1.0": 0.6918913572373393}, "gold_standard": 1.0}, "bird_formula_1": {"GPT3_5": {}, "Llama3_not_finetuned": {"1.0_1.0": 0.6537342287342287}, "Llama3_finetuned": {"1.0_1.0": 0.5997383568812141}, "gold_standard": 1.0}, "spider_candidate_poll": {"GPT3_5": {}, "Llama3_not_finetuned": {"1.0_1.0": 0.7002314814814814}, "Llama3_finetuned": {"1.0_1.0": 0.3101851851851852}, "gold_standard": 1.0}, "spider_decoration_competition": {"GPT3_5": {}, "Llama3_not_finetuned": {"1.0_1.0": 0.6138888888888888}, "Llama3_finetuned": {"1.0_1.0": 0.6055555555555555}, "gold_standard": 1.0}, "wikidb_peptidase-u32-collagenase-family": {"GPT3_5": {}, "Llama3_not_finetuned": {"1.0_1.0": 0.5048016934046347}, "Llama3_finetuned": {"1.0_1.0": 0.40330436720142604}, "gold_standard": 1.0}, "spider_entrepreneur": {"GPT3_5": {}, "Llama3_not_finetuned": {"1.0_1.0": 0.575}, "Llama3_finetuned": {"1.0_1.0": 0.6791666666666667}, "gold_standard": 1.0}, "spider_soccer_2": {"GPT3_5": {}, "Llama3_not_finetuned": {"1.0_1.0": 0.25}, "Llama3_finetuned": {"1.0_1.0": 0.24999999999999997}, "gold_standard": 1.0}, "wikidb_tammerkoski": {"GPT3_5": {}, "Llama3_not_finetuned": {"1.0_1.0": 0.48061497326203206}, "Llama3_finetuned": {"1.0_1.0": 0.4838569518716578}, "gold_standard": 1.0}, "bird_superhero": {"GPT3_5": {}, "Llama3_not_finetuned": {"1.0_1.0": 0.5035185185185185}, "Llama3_finetuned": {"1.0_1.0": 0.5087037037037037}, "gold_standard": 1.0}, "wikidb_novelette": {"GPT3_5": {}, "Llama3_not_finetuned": {"1.0_1.0": 0.34565497076023394}, "Llama3_finetuned": {"1.0_1.0": 0.17956359649122805}, "gold_standard": 1.0}, "bird_california_schools": {"GPT3_5": {}, "Llama3_not_finetuned": {"1.0_1.0": 0.5363601458085655}, "Llama3_finetuned": {"1.0_1.0": 0.6057350479632088}, "gold_standard": 1.0}, "wikidb_chemotaxis-methyl-accepting-receptor-tar-related-ligand-binding-domain-protein-family": {"GPT3_5": {}, "Llama3_not_finetuned": {"1.0_1.0": 0.5719505662687481}, "Llama3_finetuned": {"1.0_1.0": 0.5681626874808693}, "gold_standard": 1.0}, "wikidb_alpha-defensins": {"GPT3_5": {}, "Llama3_not_finetuned": {"1.0_1.0": 0.49572649572649585}, "Llama3_finetuned": {"1.0_1.0": 0.08846153846153848}, "gold_standard": 1.0}, "wikidb_burial-vault": {"GPT3_5": {}, "Llama3_not_finetuned": {"1.0_1.0": 0.10607057416267943}, "Llama3_finetuned": {"1.0_1.0": 0.06837719298245613}, "gold_standard": 1.0}, "bird_financial": {"GPT3_5": {}, "Llama3_not_finetuned": {"1.0_1.0": 0.6763049016955267}, "Llama3_finetuned": {"1.0_1.0": 0.5567189754689754}, "gold_standard": 1.0}, "bird_european_football_2": {"GPT3_5": {}, "Llama3_not_finetuned": {"1.0_1.0": 0.30540639484738863}, "Llama3_finetuned": {"1.0_1.0": 0.5597420059975516}, "gold_standard": 1.0}, "spider_workshop_paper": {"GPT3_5": {}, "Llama3_not_finetuned": {"1.0_1.0": 0.7203703703703704}, "Llama3_finetuned": {"1.0_1.0": 0.6185185185185186}, "gold_standard": 1.0}}