{"wikidb_japans-top-100-waterfalls": {"GPT3_5": {}, "Llama3_not_finetuned": {"1.0_1.0": 0.1354002450060022}, "Llama3_finetuned": {"1.0_1.0": 0.13641669109087054}}, "wikidb_heaphy-sketchbook-no-2": {"GPT3_5": {}, "Llama3_not_finetuned": {"1.0_1.0": 0.4165243746264834}, "Llama3_finetuned": {"1.0_1.0": 0.2613728279362954}}, "bird_student_club": {"GPT3_5": {}, "Llama3_not_finetuned": {"1.0_1.0": 0.32506448938712995}, "Llama3_finetuned": {"1.0_1.0": 0.2386725928392595}}, "bird_toxicology": {"GPT3_5": {}, "Llama3_not_finetuned": {"1.0_1.0": 0.3559027777777778}, "Llama3_finetuned": {"1.0_1.0": 0.3531420765027322}}, "wikidb_paz-domain-superfamily": {"GPT3_5": {}, "Llama3_not_finetuned": {"1.0_1.0": 0.14000245459008345}, "Llama3_finetuned": {"1.0_1.0": 0.25827870542156256}}, "wikidb_rsga-gtpase-domain-protein-family": {"GPT3_5": {}, "Llama3_not_finetuned": {"1.0_1.0": 0.35598609061493475}, "Llama3_finetuned": {"1.0_1.0": 0.4893013987730483}}, "spider_chinook_1": {"GPT3_5": {}, "Llama3_not_finetuned": {"1.0_1.0": 0.12820977843705111}, "Llama3_finetuned": {"1.0_1.0": 0.2899702342124865}}, "spider_swimming": {"GPT3_5": {}, "Llama3_not_finetuned": {"1.0_1.0": 0.3124290012587885}, "Llama3_finetuned": {"1.0_1.0": 0.3216171027040592}}, "spider_company_office": {"GPT3_5": {}, "Llama3_not_finetuned": {"1.0_1.0": 0.474333418519465}, "Llama3_finetuned": {"1.0_1.0": 0.3460038986354776}}, "spider_theme_gallery": {"GPT3_5": {}, "Llama3_not_finetuned": {"1.0_1.0": 0.44238351254480285}, "Llama3_finetuned": {"1.0_1.0": 0.373015873015873}}, "bird_thrombosis_prediction": {"GPT3_5": {}, "Llama3_not_finetuned": {"1.0_1.0": 0.3395178155178155}, "Llama3_finetuned": {"1.0_1.0": 0.28661051833320744}}, "bird_debit_card_specializing": {"GPT3_5": {}, "Llama3_not_finetuned": {"1.0_1.0": 0.2922866344605475}, "Llama3_finetuned": {"1.0_1.0": 0.2556492016669008}}, "bird_card_games": {"GPT3_5": {}, "Llama3_not_finetuned": {"1.0_1.0": 0.1923880281023138}, "Llama3_finetuned": {"1.0_1.0": 0.20849248483177055}}, "bird_codebase_community": {"GPT3_5": {}, "Llama3_not_finetuned": {"1.0_1.0": 0.2646534792368126}, "Llama3_finetuned": {"1.0_1.0": 0.22255851493139628}}, "bird_formula_1": {"GPT3_5": {}, "Llama3_not_finetuned": {"1.0_1.0": 0.17026392411007796}, "Llama3_finetuned": {"1.0_1.0": 0.22918488321714126}}, "spider_candidate_poll": {"GPT3_5": {}, "Llama3_not_finetuned": {"1.0_1.0": 0.7250000000000001}, "Llama3_finetuned": {"1.0_1.0": 0.4528388278388278}}, "spider_decoration_competition": {"GPT3_5": {}, "Llama3_not_finetuned": {"1.0_1.0": 0.39238539238539244}, "Llama3_finetuned": {"1.0_1.0": 0.41121553884711776}}, "wikidb_peptidase-u32-collagenase-family": {"GPT3_5": {}, "Llama3_not_finetuned": {"1.0_1.0": 0.17726010659447194}, "Llama3_finetuned": {"1.0_1.0": 0.21252532004537353}}, "spider_entrepreneur": {"GPT3_5": {}, "Llama3_not_finetuned": {"1.0_1.0": 0.46944444444444444}, "Llama3_finetuned": {"1.0_1.0": 0.5527777777777778}}, "spider_soccer_2": {"GPT3_5": {}, "Llama3_not_finetuned": {"1.0_1.0": 0.33968253968253975}, "Llama3_finetuned": {"1.0_1.0": 0.37671957671957673}}, "wikidb_tammerkoski": {"GPT3_5": {}, "Llama3_not_finetuned": {"1.0_1.0": 0.3197749166185321}, "Llama3_finetuned": {"1.0_1.0": 0.3198457209934972}}, "bird_superhero": {"GPT3_5": {}, "Llama3_not_finetuned": {"1.0_1.0": 0.2664289382933451}, "Llama3_finetuned": {"1.0_1.0": 0.2630831357697029}}, "wikidb_novelette": {"GPT3_5": {}, "Llama3_not_finetuned": {"1.0_1.0": 0.14615384615384616}, "Llama3_finetuned": {"1.0_1.0": 0.22944573869958879}}, "bird_california_schools": {"GPT3_5": {}, "Llama3_not_finetuned": {"1.0_1.0": 0.30200669609536607}, "Llama3_finetuned": {"1.0_1.0": 0.32709984247938556}}, "wikidb_chemotaxis-methyl-accepting-receptor-tar-related-ligand-binding-domain-protein-family": {"GPT3_5": {}, "Llama3_not_finetuned": {"1.0_1.0": 0.2966225697494508}, "Llama3_finetuned": {"1.0_1.0": 0.3433362912171618}}, "wikidb_alpha-defensins": {"GPT3_5": {}, "Llama3_not_finetuned": {"1.0_1.0": 0.34542679542679544}, "Llama3_finetuned": {"1.0_1.0": 0.16233766233766234}}, "wikidb_burial-vault": {"GPT3_5": {}, "Llama3_not_finetuned": {"1.0_1.0": 0.10740359726554724}, "Llama3_finetuned": {"1.0_1.0": 0.0976087620109359}}, "bird_financial": {"GPT3_5": {}, "Llama3_not_finetuned": {"1.0_1.0": 0.17634395337672037}, "Llama3_finetuned": {"1.0_1.0": 0.17778958237942613}}, "bird_european_football_2": {"GPT3_5": {}, "Llama3_not_finetuned": {"1.0_1.0": 0.2082762923890598}, "Llama3_finetuned": {"1.0_1.0": 0.16511598609579978}}, "spider_workshop_paper": {"GPT3_5": {}, "Llama3_not_finetuned": {"1.0_1.0": 0.521031746031746}, "Llama3_finetuned": {"1.0_1.0": 0.7263107263107264}}}