{"wikidb_japans-top-100-waterfalls": {"GPT3_5": {}, "Llama3_not_finetuned": {"1.0_1.0": 0.18163502212817567}, "Llama3_finetuned": {"1.0_1.0": 0.20683723945282192}, "gold_standard": 1.0}, "wikidb_heaphy-sketchbook-no-2": {"GPT3_5": {}, "Llama3_not_finetuned": {"1.0_1.0": 0.5605197967139505}, "Llama3_finetuned": {"1.0_1.0": 0.34265596031029844}, "gold_standard": 1.0}, "bird_student_club": {"GPT3_5": {}, "Llama3_not_finetuned": {"1.0_1.0": 0.4440891272018809}, "Llama3_finetuned": {"1.0_1.0": 0.36149178341165655}, "gold_standard": 1.0}, "bird_toxicology": {"GPT3_5": {}, "Llama3_not_finetuned": {"1.0_1.0": 0.3891240591824261}, "Llama3_finetuned": {"1.0_1.0": 0.4331342941413527}, "gold_standard": 1.0}, "wikidb_paz-domain-superfamily": {"GPT3_5": {}, "Llama3_not_finetuned": {"1.0_1.0": 0.2084420599952812}, "Llama3_finetuned": {"1.0_1.0": 0.3391688465660448}, "gold_standard": 1.0}, "wikidb_rsga-gtpase-domain-protein-family": {"GPT3_5": {}, "Llama3_not_finetuned": {"1.0_1.0": 0.4271297565507295}, "Llama3_finetuned": {"1.0_1.0": 0.5930104072572187}, "gold_standard": 1.0}, "spider_chinook_1": {"GPT3_5": {}, "Llama3_not_finetuned": {"1.0_1.0": 0.31432906991922493}, "Llama3_finetuned": {"1.0_1.0": 0.40054795445087826}, "gold_standard": 1.0}, "spider_swimming": {"GPT3_5": {}, "Llama3_not_finetuned": {"1.0_1.0": 0.5062533801645241}, "Llama3_finetuned": {"1.0_1.0": 0.3980225490806415}, "gold_standard": 1.0}, "spider_company_office": {"GPT3_5": {}, "Llama3_not_finetuned": {"1.0_1.0": 0.6363576949960112}, "Llama3_finetuned": {"1.0_1.0": 0.40635449110532945}, "gold_standard": 1.0}, "spider_theme_gallery": {"GPT3_5": {}, "Llama3_not_finetuned": {"1.0_1.0": 0.5658321250275876}, "Llama3_finetuned": {"1.0_1.0": 0.4375366501453459}, "gold_standard": 1.0}, "bird_thrombosis_prediction": {"GPT3_5": {}, "Llama3_not_finetuned": {"1.0_1.0": 0.38090592264068707}, "Llama3_finetuned": {"1.0_1.0": 0.3119931873183401}, "gold_standard": 1.0}, "bird_debit_card_specializing": {"GPT3_5": {}, "Llama3_not_finetuned": {"1.0_1.0": 0.5034805153576373}, "Llama3_finetuned": {"1.0_1.0": 0.45089391220039}, "gold_standard": 1.0}, "bird_card_games": {"GPT3_5": {}, "Llama3_not_finetuned": {"1.0_1.0": 0.3010295748805766}, "Llama3_finetuned": {"1.0_1.0": 0.3563364794395117}, "gold_standard": 1.0}, "bird_codebase_community": {"GPT3_5": {}, "Llama3_not_finetuned": {"1.0_1.0": 0.3698260906866353}, "Llama3_finetuned": {"1.0_1.0": 0.3383028018096656}, "gold_standard": 1.0}, "bird_formula_1": {"GPT3_5": {}, "Llama3_not_finetuned": {"1.0_1.0": 0.33237956034617816}, "Llama3_finetuned": {"1.0_1.0": 0.3776102115909567}, "gold_standard": 1.0}, "spider_candidate_poll": {"GPT3_5": {}, "Llama3_not_finetuned": {"1.0_1.0": 0.7395833333333334}, "Llama3_finetuned": {"1.0_1.0": 0.4528388278388278}, "gold_standard": 1.0}, "spider_decoration_competition": {"GPT3_5": {}, "Llama3_not_finetuned": {"1.0_1.0": 0.46975603534528015}, "Llama3_finetuned": {"1.0_1.0": 0.44819741661846924}, "gold_standard": 1.0}, "wikidb_peptidase-u32-collagenase-family": {"GPT3_5": {}, "Llama3_not_finetuned": {"1.0_1.0": 0.3128276513485516}, "Llama3_finetuned": {"1.0_1.0": 0.33672385675106387}, "gold_standard": 1.0}, "spider_entrepreneur": {"GPT3_5": {}, "Llama3_not_finetuned": {"1.0_1.0": 0.6496214896214897}, "Llama3_finetuned": {"1.0_1.0": 0.686926961926962}, "gold_standard": 1.0}, "spider_soccer_2": {"GPT3_5": {}, "Llama3_not_finetuned": {"1.0_1.0": 0.3641774891774892}, "Llama3_finetuned": {"1.0_1.0": 0.3813492063492063}, "gold_standard": 1.0}, "wikidb_tammerkoski": {"GPT3_5": {}, "Llama3_not_finetuned": {"1.0_1.0": 0.4492182119885226}, "Llama3_finetuned": {"1.0_1.0": 0.44844589131647955}, "gold_standard": 1.0}, "bird_superhero": {"GPT3_5": {}, "Llama3_not_finetuned": {"1.0_1.0": 0.3177164188604867}, "Llama3_finetuned": {"1.0_1.0": 0.3397984879477174}, "gold_standard": 1.0}, "wikidb_novelette": {"GPT3_5": {}, "Llama3_not_finetuned": {"1.0_1.0": 0.28500364822167956}, "Llama3_finetuned": {"1.0_1.0": 0.2754744029277096}, "gold_standard": 1.0}, "bird_california_schools": {"GPT3_5": {}, "Llama3_not_finetuned": {"1.0_1.0": 0.4264124561278206}, "Llama3_finetuned": {"1.0_1.0": 0.4426187797337646}, "gold_standard": 1.0}, "wikidb_chemotaxis-methyl-accepting-receptor-tar-related-ligand-binding-domain-protein-family": {"GPT3_5": {}, "Llama3_not_finetuned": {"1.0_1.0": 0.45319688958191096}, "Llama3_finetuned": {"1.0_1.0": 0.4517459456199496}, "gold_standard": 1.0}, "wikidb_alpha-defensins": {"GPT3_5": {}, "Llama3_not_finetuned": {"1.0_1.0": 0.5473788303200067}, "Llama3_finetuned": {"1.0_1.0": 0.16233766233766234}, "gold_standard": 1.0}, "wikidb_burial-vault": {"GPT3_5": {}, "Llama3_not_finetuned": {"1.0_1.0": 0.12828453516654265}, "Llama3_finetuned": {"1.0_1.0": 0.10860386985673025}, "gold_standard": 1.0}, "bird_financial": {"GPT3_5": {}, "Llama3_not_finetuned": {"1.0_1.0": 0.3095024574819253}, "Llama3_finetuned": {"1.0_1.0": 0.2992875468041072}, "gold_standard": 1.0}, "bird_european_football_2": {"GPT3_5": {}, "Llama3_not_finetuned": {"1.0_1.0": 0.2753963810562203}, "Llama3_finetuned": {"1.0_1.0": 0.34620379734356543}, "gold_standard": 1.0}, "spider_workshop_paper": {"GPT3_5": {}, "Llama3_not_finetuned": {"1.0_1.0": 0.6546898414747385}, "Llama3_finetuned": {"1.0_1.0": 0.7263107263107264}, "gold_standard": 1.0}}