{"bird_debit_card_specializing": {"Llama3_finetuned": {"1.0_0.5": 6.6, "1.0_1.0": 3.0, "0.5_1.0": 2.4, "0.5_0.5": 2.6}, "GPT3_5": {"1.0_1.0": 1.8, "0.5_0.5": 2.2}, "GPT4o": {"1.0_1.0": 2.4, "0.5_0.5": 1.6}, "Llama3_not_finetuned": {"1.0_0.5": 2.8, "1.0_1.0": 1.0, "0.5_1.0": 2.0, "0.5_0.5": 2.2}, "GPT4o_mini": {"1.0_1.0": 0.6, "0.5_0.5": 1.4}, "gold_standard": 1.0}, "bird_toxicology": {"Llama3_finetuned": {"1.0_0.5": 2.75, "1.0_1.0": 1.5, "0.5_1.0": 2.75, "0.5_0.5": 3.0}, "GPT3_5": {}, "GPT4o": {"1.0_1.0": 5.0, "0.5_0.5": 1.25}, "Llama3_not_finetuned": {"1.0_0.5": 2.0, "1.0_1.0": 2.5, "0.5_1.0": 1.25, "0.5_0.5": 1.25}, "GPT4o_mini": {}, "gold_standard": 1.0}, "bird_card_games": {"Llama3_finetuned": {"1.0_0.5": 1.7142857142857142, "1.0_1.0": 2.142857142857143, "0.5_1.0": 3.4285714285714284, "0.5_0.5": 2.857142857142857}, "GPT3_5": {}, "GPT4o": {}, "Llama3_not_finetuned": {"1.0_0.5": 1.4285714285714286, "1.0_1.0": 1.2857142857142858, "0.5_1.0": 1.4285714285714286, "0.5_0.5": 2.2857142857142856}, "GPT4o_mini": {}, "gold_standard": 1.0}, "wikidb_japans-top-100-waterfalls": {"Llama3_finetuned": {"1.0_0.5": 2.142857142857143, "1.0_1.0": 1.1428571428571428, "0.5_1.0": 2.7142857142857144, "0.5_0.5": 4.0}, "GPT3_5": {}, "GPT4o": {}, "Llama3_not_finetuned": {"1.0_0.5": 3.857142857142857, "1.0_1.0": 4.0, "0.5_1.0": 2.4285714285714284, "0.5_0.5": 2.142857142857143}, "GPT4o_mini": {}, "gold_standard": 1.0}, "spider_company_office": {"Llama3_finetuned": {"1.0_0.5": 3.6666666666666665, "1.0_1.0": 3.6666666666666665, "0.5_1.0": 3.0, "0.5_0.5": 1.6666666666666667}, "GPT3_5": {"1.0_1.0": 1.3333333333333333, "0.5_0.5": 1.6666666666666667}, "GPT4o": {"1.0_1.0": 1.3333333333333333, "0.5_0.5": 2.6666666666666665}, "Llama3_not_finetuned": {"1.0_0.5": 1.0, "1.0_1.0": 0.3333333333333333, "0.5_1.0": 2.0, "0.5_0.5": 1.3333333333333333}, "GPT4o_mini": {"1.0_1.0": 1.6666666666666667, "0.5_0.5": 2.0}, "gold_standard": 1.0}, "wikidb_rsga-gtpase-domain-protein-family": {"Llama3_finetuned": {"1.0_0.5": 3.3333333333333335, "1.0_1.0": 1.3333333333333333, "0.5_1.0": 2.3333333333333335, "0.5_0.5": 3.0}, "GPT3_5": {}, "GPT4o": {"1.0_1.0": 1.6666666666666667, "0.5_0.5": 3.0}, "Llama3_not_finetuned": {"1.0_0.5": 1.6666666666666667, "1.0_1.0": 2.0, "0.5_1.0": 2.3333333333333335, "0.5_0.5": 3.3333333333333335}, "GPT4o_mini": {}, "gold_standard": 1.0}, "spider_workshop_paper": {"Llama3_finetuned": {"1.0_0.5": 1.0, "1.0_1.0": 3.6666666666666665, "0.5_1.0": 2.6666666666666665, "0.5_0.5": 3.6666666666666665}, "GPT3_5": {}, "GPT4o": {"1.0_1.0": 2.3333333333333335, "0.5_0.5": 1.0}, "Llama3_not_finetuned": {"1.0_0.5": 3.0, "1.0_1.0": 2.0, "0.5_1.0": 2.3333333333333335, "0.5_0.5": 2.3333333333333335}, "GPT4o_mini": {}, "gold_standard": 1.0}, "spider_chinook_1": {"Llama3_finetuned": {"1.0_0.5": 2.5454545454545454, "1.0_1.0": 2.4545454545454546, "0.5_1.0": 2.8181818181818183, "0.5_0.5": 3.272727272727273}, "GPT3_5": {}, "GPT4o": {"1.0_1.0": 1.7272727272727273, "0.5_0.5": 1.2727272727272727}, "Llama3_not_finetuned": {"1.0_0.5": 1.0, "1.0_1.0": 1.7272727272727273, "0.5_1.0": 1.1818181818181819, "0.5_0.5": 2.090909090909091}, "GPT4o_mini": {}, "gold_standard": 1.0}, "bird_california_schools": {"Llama3_finetuned": {"1.0_0.5": 0.6666666666666666, "1.0_1.0": 2.6666666666666665, "0.5_1.0": 1.6666666666666667, "0.5_0.5": 1.6666666666666667}, "GPT3_5": {}, "GPT4o": {}, "Llama3_not_finetuned": {"1.0_0.5": 0.3333333333333333, "1.0_1.0": 0.3333333333333333, "0.5_1.0": 1.6666666666666667, "0.5_0.5": 2.3333333333333335}, "GPT4o_mini": {}, "gold_standard": 1.0}, "wikidb_paz-domain-superfamily": {"Llama3_finetuned": {"1.0_0.5": 4.285714285714286, "1.0_1.0": 2.0, "0.5_1.0": 1.8571428571428572, "0.5_0.5": 1.4285714285714286}, "GPT3_5": {}, "GPT4o": {"1.0_1.0": 2.0, "0.5_0.5": 2.0}, "Llama3_not_finetuned": {"1.0_0.5": 1.8571428571428572, "1.0_1.0": 1.0, "0.5_1.0": 2.142857142857143, "0.5_0.5": 2.4285714285714284}, "GPT4o_mini": {}, "gold_standard": 1.0}, "wikidb_peptidase-u32-collagenase-family": {"Llama3_finetuned": {"1.0_0.5": 5.0, "1.0_1.0": 1.4, "0.5_1.0": 2.4, "0.5_0.5": 1.6}, "GPT3_5": {}, "GPT4o": {"1.0_1.0": 1.2, "0.5_0.5": 1.8}, "Llama3_not_finetuned": {"1.0_0.5": 1.4, "1.0_1.0": 1.2, "0.5_1.0": 1.2, "0.5_0.5": 1.2}, "GPT4o_mini": {}, "gold_standard": 1.0}, "wikidb_alpha-defensins": {"Llama3_finetuned": {"1.0_0.5": 7.0, "1.0_1.0": 6.0, "0.5_1.0": 8.0, "0.5_0.5": 5.0}, "GPT3_5": {"1.0_1.0": 1.5, "0.5_0.5": 2.0}, "GPT4o": {"1.0_1.0": 4.5, "0.5_0.5": 2.0}, "Llama3_not_finetuned": {"1.0_0.5": 1.0, "1.0_1.0": 2.0, "0.5_1.0": 2.5, "0.5_0.5": 2.5}, "GPT4o_mini": {"1.0_1.0": 1.5, "0.5_0.5": 2.0}, "gold_standard": 1.0}, "wikidb_heaphy-sketchbook-no-2": {"Llama3_finetuned": {"1.0_0.5": 7.0, "1.0_1.0": 3.5, "0.5_1.0": 3.5, "0.5_0.5": 3.0}, "GPT3_5": {"1.0_1.0": 1.0, "0.5_0.5": 2.5}, "GPT4o": {"1.0_1.0": 7.0, "0.5_0.5": 5.5}, "Llama3_not_finetuned": {"1.0_0.5": 1.0, "1.0_1.0": 1.0, "0.5_1.0": 1.0, "0.5_0.5": 1.0}, "GPT4o_mini": {"1.0_1.0": 5.0, "0.5_0.5": 5.5}, "gold_standard": 1.0}, "bird_european_football_2": {"Llama3_finetuned": {"1.0_0.5": 1.7142857142857142, "1.0_1.0": 1.5714285714285714, "0.5_1.0": 11.714285714285714, "0.5_0.5": 12.142857142857142}, "GPT3_5": {}, "GPT4o": {}, "Llama3_not_finetuned": {"1.0_0.5": 5.571428571428571, "1.0_1.0": 1.1428571428571428, "0.5_1.0": 2.857142857142857, "0.5_0.5": 7.285714285714286}, "GPT4o_mini": {}, "gold_standard": 1.0}, "wikidb_novelette": {"Llama3_finetuned": {"1.0_0.5": 6.75, "1.0_1.0": 5.25, "0.5_1.0": 3.5, "0.5_0.5": 2.5}, "GPT3_5": {}, "GPT4o": {}, "Llama3_not_finetuned": {"1.0_0.5": 3.0, "1.0_1.0": 4.75, "0.5_1.0": 2.75, "0.5_0.5": 4.25}, "GPT4o_mini": {}, "gold_standard": 1.0}, "wikidb_tammerkoski": {"Llama3_finetuned": {"1.0_0.5": 5.0, "1.0_1.0": 2.0, "0.5_1.0": 4.5, "0.5_0.5": 3.5}, "GPT3_5": {"1.0_1.0": 4.0, "0.5_0.5": 5.0}, "GPT4o": {"1.0_1.0": 2.5, "0.5_0.5": 4.5}, "Llama3_not_finetuned": {"1.0_0.5": 2.5, "1.0_1.0": 3.0, "0.5_1.0": 2.5, "0.5_0.5": 3.0}, "GPT4o_mini": {"1.0_1.0": 2.0, "0.5_0.5": 2.5}, "gold_standard": 1.0}, "bird_student_club": {"Llama3_finetuned": {"1.0_0.5": 1.875, "1.0_1.0": 3.625, "0.5_1.0": 2.375, "0.5_0.5": 4.375}, "GPT3_5": {}, "GPT4o": {"1.0_1.0": 2.5, "0.5_0.5": 2.875}, "Llama3_not_finetuned": {"1.0_0.5": 2.25, "1.0_1.0": 4.125, "0.5_1.0": 2.875, "0.5_0.5": 2.375}, "GPT4o_mini": {}, "gold_standard": 1.0}, "wikidb_chemotaxis-methyl-accepting-receptor-tar-related-ligand-binding-domain-protein-family": {"Llama3_finetuned": {"1.0_0.5": 5.0, "1.0_1.0": 3.6666666666666665, "0.5_1.0": 5.0, "0.5_0.5": 4.333333333333333}, "GPT3_5": {}, "GPT4o": {"1.0_1.0": 2.3333333333333335, "0.5_0.5": 3.0}, "Llama3_not_finetuned": {"1.0_0.5": 1.0, "1.0_1.0": 3.0, "0.5_1.0": 1.6666666666666667, "0.5_0.5": 2.3333333333333335}, "GPT4o_mini": {}, "gold_standard": 1.0}, "spider_entrepreneur": {"Llama3_finetuned": {"1.0_0.5": 2.0, "1.0_1.0": 3.5, "0.5_1.0": 2.5, "0.5_0.5": 2.5}, "GPT3_5": {}, "GPT4o": {"1.0_1.0": 3.5, "0.5_0.5": 4.0}, "Llama3_not_finetuned": {"1.0_0.5": 1.0, "1.0_1.0": 1.0, "0.5_1.0": 2.5, "0.5_0.5": 3.0}, "GPT4o_mini": {}, "gold_standard": 1.0}, "spider_candidate_poll": {"Llama3_finetuned": {"1.0_0.5": 3.0, "1.0_1.0": 2.0, "0.5_1.0": 2.0, "0.5_0.5": 2.0}, "GPT3_5": {"1.0_1.0": 3.5, "0.5_0.5": 2.5}, "GPT4o": {"1.0_1.0": 2.0, "0.5_0.5": 1.5}, "Llama3_not_finetuned": {"1.0_0.5": 1.0, "1.0_1.0": 2.5, "0.5_1.0": 1.0, "0.5_0.5": 1.0}, "GPT4o_mini": {"1.0_1.0": 2.5, "0.5_0.5": 1.5}, "gold_standard": 1.0}, "bird_codebase_community": {"Llama3_finetuned": {"1.0_0.5": 2.25, "1.0_1.0": 2.25, "0.5_1.0": 2.5, "0.5_0.5": 2.875}, "GPT3_5": {}, "GPT4o": {"1.0_1.0": 1.375, "0.5_0.5": 1.625}, "Llama3_not_finetuned": {"1.0_0.5": 1.375, "1.0_1.0": 2.875, "0.5_1.0": 2.0, "0.5_0.5": 2.375}, "GPT4o_mini": {}, "gold_standard": 1.0}, "spider_decoration_competition": {"Llama3_finetuned": {"1.0_0.5": 1.6666666666666667, "1.0_1.0": 7.0, "0.5_1.0": 1.6666666666666667, "0.5_0.5": 2.6666666666666665}, "GPT3_5": {"1.0_1.0": 0.6666666666666666, "0.5_0.5": 2.6666666666666665},