{"wikidb_japans-top-100-waterfalls": {"GPT3_5": {}, "Llama3_not_finetuned": {"1.0_1.0": 0.6998511904761904}, "Llama3_finetuned": {"1.0_1.0": 1.0}}, "wikidb_heaphy-sketchbook-no-2": {"GPT3_5": {}, "Llama3_not_finetuned": {"1.0_1.0": 0.3226643598615917}, "Llama3_finetuned": {"1.0_1.0": 1.0}}, "bird_student_club": {"GPT3_5": {}, "Llama3_not_finetuned": {"1.0_1.0": 0.534821173164226}, "Llama3_finetuned": {"1.0_1.0": 0.875}}, "bird_toxicology": {"GPT3_5": {}, "Llama3_not_finetuned": {"1.0_1.0": 0.8369565217391304}, "Llama3_finetuned": {"1.0_1.0": 1.0}}, "wikidb_paz-domain-superfamily": {"GPT3_5": {}, "Llama3_not_finetuned": {"1.0_1.0": 0.8000573723465289}, "Llama3_finetuned": {"1.0_1.0": 1.0}}, "wikidb_rsga-gtpase-domain-protein-family": {"GPT3_5": {}, "Llama3_not_finetuned": {"1.0_1.0": 1.0}, "Llama3_finetuned": {"1.0_1.0": 1.0}}, "spider_chinook_1": {"GPT3_5": {}, "Llama3_not_finetuned": {"1.0_1.0": 0.07016146246915476}, "Llama3_finetuned": {"1.0_1.0": 0.9090909090909091}}, "spider_swimming": {"GPT3_5": {}, "Llama3_not_finetuned": {"1.0_1.0": 0.8725490196078431}, "Llama3_finetuned": {"1.0_1.0": 1.125}}, "spider_company_office": {"GPT3_5": {}, "Llama3_not_finetuned": {"1.0_1.0": 0.8645833333333334}, "Llama3_finetuned": {"1.0_1.0": 1.0}}, "spider_theme_gallery": {"GPT3_5": {}, "Llama3_not_finetuned": {"1.0_1.0": 0.5715555555555555}, "Llama3_finetuned": {"1.0_1.0": 1.0}}, "bird_thrombosis_prediction": {"GPT3_5": {}, "Llama3_not_finetuned": {"1.0_1.0": 0.7512351778656127}, "Llama3_finetuned": {"1.0_1.0": 0.7373737373737373}}, "bird_debit_card_specializing": {"GPT3_5": {}, "Llama3_not_finetuned": {"1.0_1.0": 0.8384615384615385}, "Llama3_finetuned": {"1.0_1.0": 1.0}}, "bird_card_games": {"GPT3_5": {}, "Llama3_not_finetuned": {"1.0_1.0": 0.6199494338592083}, "Llama3_finetuned": {"1.0_1.0": 0.8706174777603348}}, "bird_codebase_community": {"GPT3_5": {}, "Llama3_not_finetuned": {"1.0_1.0": 0.26323260073260074}, "Llama3_finetuned": {"1.0_1.0": 0.5592105263157895}}, "bird_formula_1": {"GPT3_5": {}, "Llama3_not_finetuned": {"1.0_1.0": 0.09928489853058818}, "Llama3_finetuned": {"1.0_1.0": 0.8461538461538461}}, "spider_candidate_poll": {"GPT3_5": {}, "Llama3_not_finetuned": {"1.0_1.0": 0.893939393939394}, "Llama3_finetuned": {"1.0_1.0": 1.0}}, "spider_decoration_competition": {"GPT3_5": {}, "Llama3_not_finetuned": {"1.0_1.0": 1.0}, "Llama3_finetuned": {"1.0_1.0": 1.0}}, "wikidb_peptidase-u32-collagenase-family": {"GPT3_5": {}, "Llama3_not_finetuned": {"1.0_1.0": 0.6295838548185232}, "Llama3_finetuned": {"1.0_1.0": 1.0}}, "spider_entrepreneur": {"GPT3_5": {}, "Llama3_not_finetuned": {"1.0_1.0": 0.75}, "Llama3_finetuned": {"1.0_1.0": 1.0}}, "spider_soccer_2": {"GPT3_5": {}, "Llama3_not_finetuned": {"1.0_1.0": 1.0}, "Llama3_finetuned": {"1.0_1.0": 1.0}}, "wikidb_tammerkoski": {"GPT3_5": {}, "Llama3_not_finetuned": {"1.0_1.0": 0.24406417112299467}, "Llama3_finetuned": {"1.0_1.0": 1.0}}, "bird_superhero": {"GPT3_5": {}, "Llama3_not_finetuned": {"1.0_1.0": 0.9125}, "Llama3_finetuned": {"1.0_1.0": 1.0}}, "wikidb_novelette": {"GPT3_5": {}, "Llama3_not_finetuned": {"1.0_1.0": 0.32821729957805906}, "Llama3_finetuned": {"1.0_1.0": 1.0}}, "bird_california_schools": {"GPT3_5": {}, "Llama3_not_finetuned": {"1.0_1.0": 0.20401516172399728}, "Llama3_finetuned": {"1.0_1.0": 0.4676675267808273}}, "wikidb_chemotaxis-methyl-accepting-receptor-tar-related-ligand-binding-domain-protein-family": {"GPT3_5": {}, "Llama3_not_finetuned": {"1.0_1.0": 1.0}, "Llama3_finetuned": {"1.0_1.0": 1.0}}, "wikidb_alpha-defensins": {"GPT3_5": {}, "Llama3_not_finetuned": {"1.0_1.0": 0.6565656565656566}, "Llama3_finetuned": {"1.0_1.0": 1.0}}, "wikidb_burial-vault": {"GPT3_5": {}, "Llama3_not_finetuned": {"1.0_1.0": 0.75}, "Llama3_finetuned": {"1.0_1.0": 0.75}}, "bird_financial": {"GPT3_5": {}, "Llama3_not_finetuned": {"1.0_1.0": 0.66100863422292}, "Llama3_finetuned": {"1.0_1.0": 1.0}}, "bird_european_football_2": {"GPT3_5": {}, "Llama3_not_finetuned": {"1.0_1.0": 0.8571428571428571}, "Llama3_finetuned": {"1.0_1.0": 1.0}}, "spider_workshop_paper": {"GPT3_5": {}, "Llama3_not_finetuned": {"1.0_1.0": 0.47222222222222215}, "Llama3_finetuned": {"1.0_1.0": 1.111111111111111}}}