{"wikidb_japans-top-100-waterfalls": {"GPT3_5": {}, "Llama3_not_finetuned": {"1.0": 0.15849087208660448, "0.5": 0.19944770837627981, "0.0": 0.2254879090762117}, "Llama3_finetuned": {"1.0": 0.22239086638906955, "0.5": 0.27069067513456785, "0.0": 0.29176293428138095}, "Heuristic_fuzzy": {"1.0": 0.13165508543732535, "0.5": 0.3642664613015017, "0.0": 0.49505256648113793}, "Heuristic_synonyms": {"1.0": 0.11854892554217464, "0.5": 0.3113564083914488, "0.0": 0.4610389610389611}, "Heuristic_exact": {"1.0": 0.3560668645269202, "0.5": 0.36508750049122723, "0.0": 0.5324675324675324}}, "wikidb_heaphy-sketchbook-no-2": {"GPT3_5": {}, "Llama3_not_finetuned": {"1.0": 0.4410741400937479, "0.5": 0.44539088362617774, "0.0": 0.4466832187420423}, "Llama3_finetuned": {"1.0": 0.5257836198179979, "0.5": 0.6693659281894575, "0.0": 0.7529239766081872}, "Heuristic_fuzzy": {"1.0": 0.5035714285714286, "0.5": 0.5185185185185185, "0.0": 0.7529239766081872}, "Heuristic_synonyms": {"1.0": 0.5035714285714286, "0.5": 0.5185185185185185, "0.0": 0.7529239766081872}, "Heuristic_exact": {"1.0": 0.5752895752895753, "0.5": 0.5185185185185185, "0.0": 0.7529239766081872}}, "bird_student_club": {"GPT3_5": {}, "Llama3_not_finetuned": {"1.0": 0.4614618622682023, "0.5": 0.6187011740837834, "0.0": 0.7289020641194555}, "Llama3_finetuned": {"1.0": 0.547160508573552, "0.5": 0.573851035686142, "0.0": 0.7755799454169019}, "Heuristic_fuzzy": {"1.0": 0.7916666666666666, "0.5": 0.875, "0.0": 0.875}, "Heuristic_synonyms": {"1.0": 0.8125, "0.5": 0.7587719298245614, "0.0": 0.7916666666666666}, "Heuristic_exact": {"1.0": 0.5890056022408963, "0.5": 0.656110865398791, "0.0": 0.875}}, "bird_toxicology": {"GPT3_5": {}, "Llama3_not_finetuned": {"1.0": 0.35077335858585856, "0.5": 0.33803763440860213, "0.0": 0.34371840823453725}, "Llama3_finetuned": {"1.0": 0.648460960960961, "0.5": 0.6791073848238482, "0.0": 0.7995477176377797}, "Heuristic_fuzzy": {"1.0": 0.8333333333333333, "0.5": 0.9210526315789473, "0.0": 1.0}, "Heuristic_synonyms": {"1.0": 0.625, "0.5": 0.7543859649122806, "0.0": 0.8333333333333333}, "Heuristic_exact": {"1.0": 0.7031349206349207, "0.5": 0.6842105263157895, "0.0": 1.0}}, "wikidb_paz-domain-superfamily": {"GPT3_5": {}, "Llama3_not_finetuned": {"1.0": 0.21491415400435948, "0.5": 0.4428090178373753, "0.0": 0.5243575600718458}, "Llama3_finetuned": {"1.0": 0.3591050254093732, "0.5": 0.5083149695649696, "0.0": 0.653167044595616}, "Heuristic_fuzzy": {"1.0": 0.4116883116883117, "0.5": 0.5739670334340741, "0.0": 0.6870748299319729}, "Heuristic_synonyms": {"1.0": 0.4116883116883117, "0.5": 0.5739670334340741, "0.0": 0.6870748299319729}, "Heuristic_exact": {"1.0": 0.4367467985115044, "0.5": 0.5549760907067217, "0.0": 0.7551020408163265}}, "wikidb_rsga-gtpase-domain-protein-family": {"GPT3_5": {}, "Llama3_not_finetuned": {"1.0": 0.380110655418453, "0.5": 0.3347095700241726, "0.0": 0.7058393394600291}, "Llama3_finetuned": {"1.0": 0.40465303926842383, "0.5": 0.5880053029505833, "0.0": 0.8672564808928445}, "Heuristic_fuzzy": {"1.0": 0.44949494949494945, "0.5": 0.816919191919192, "0.0": 0.8989898989898989}, "Heuristic_synonyms": {"1.0": 0.44949494949494945, "0.5": 0.816919191919192, "0.0": 0.8989898989898989}, "Heuristic_exact": {"1.0": 0.7302932472423999, "0.5": 0.5943210617580366, "0.0": 0.8989898989898989}}, "spider_chinook_1": {"GPT3_5": {}, "Llama3_not_finetuned": {"1.0": 0.6237730846783905, "0.5": 0.7057300760241937, "0.0": 0.7723608030797574}, "Llama3_finetuned": {"1.0": 0.7073999814227517, "0.5": 0.5522666727212181, "0.0": 0.81136465873308}, "Heuristic_fuzzy": {"1.0": 0.6043608352431882, "0.5": 0.6733016653965271, "0.0": 0.846930846930847}, "Heuristic_synonyms": {"1.0": 0.4939799943646097, "0.5": 0.6693256167946976, "0.0": 0.8453768453768454}, "Heuristic_exact": {"1.0": 0.8181539049186107, "0.5": 0.7392245009892069, "0.0": 0.9681429681429681}}, "spider_swimming": {"GPT3_5": {}, "Llama3_not_finetuned": {"1.0": 0.5073283427036354, "0.5": 0.5735185575449266, "0.0": 0.45930735930735933}, "Llama3_finetuned": {"1.0": 0.5370200864480041, "0.5": 0.8370494417862838, "0.0": 0.9221567905778433}, "Heuristic_fuzzy": {"1.0": 0.6176948051948051, "0.5": 0.9222222222222223, "0.0": 1.0}, "Heuristic_synonyms": {"1.0": 0.3950393094727583, "0.5": 0.9222222222222223, "0.0": 1.0}, "Heuristic_exact": {"1.0": 0.7146198830409357, "0.5": 0.8172619047619047, "0.0": 1.0}}, "spider_company_office": {"GPT3_5": {}, "Llama3_not_finetuned": {"1.0": 0.6591269841269841, "0.5": 0.7201585867710528, "0.0": 0.8624512670565302}, "Llama3_finetuned": {"1.0": 0.7275132275132274, "0.5": 0.9095095095095096, "0.0": 1.0}, "Heuristic_fuzzy": {"1.0": 1.0, "0.5": 0.9066666666666667, "0.0": 1.0}, "Heuristic_synonyms": {"1.0": 1.0, "0.5": 0.9066666666666667, "0.0": 1.0}, "Heuristic_exact": {"1.0": 0.839262187088274, "0.5": 0.7818459191456903, "0.0": 1.0}}, "spider_theme_gallery": {"GPT3_5": {}, "Llama3_not_finetuned": {"1.0": 0.37466581524052783, "0.5": 0.40583652618135374, "0.0": 0.6042496392496393}, "Llama3_finetuned": {"1.0": 0.738525641025641, "0.5": 0.7025089605734767, "0.0": 0.7517921146953405}, "Heuristic_fuzzy": {"1.0": 0.7641666666666667, "0.5": 0.7641666666666667, "0.0": 0.7641666666666667}, "Heuristic_synonyms": {"1.0": 1.0, "0.5": 0.7641666666666667, "0.0": 0.7641666666666667}, "Heuristic_exact": {"1.0": 0.7516908212560387, "0.5": 0.6751727804359383, "0.0": 1.0}}, "bird_thrombosis_prediction": {"GPT3_5": {}, "Llama3_not_finetuned": {"1.0": 0.42056264149287403, "0.5": 0.5731791108135194, "0.0": 0.7945195824351834}, "Llama3_finetuned": {"1.0": 0.5770191212296475, "0.5": 0.8135377553480999, "0.0": 0.7089669589669588}, "Heuristic_fuzzy": {"1.0": 0.9970156106519742, "0.5": 0.9172953309316946, "0.0": 0.9970156106519742}, "Heuristic_synonyms": {"1.0": 0.9970156106519742, "0.5": 0.9172953309316946, "0.0": 0.9970156106519742}, "Heuristic_exact": {"1.0": 0.49416487651781765, "0.5": 0.6642795189306817, "0.0": 0.9970156106519742}}, "bird_debit_card_specializing": {"GPT3_5": {}, "Llama3_not_finetuned": {"1.0": 0.7041010903473665, "0.5": 0.8574536279323514, "0.0": 0.8688658222179277}, "Llama3_finetuned": {"1.0": 0.5783687943262411, "0.5": 0.9897435897435898, "0.0": 0.8329641116526363}, "Heuristic_fuzzy": {"1.0": 0.5199999999999999, "0.5": 0.6914702403022759, "0.0": 0.8666666666666666}, "Heuristic_synonyms": {"1.0": 0.5666666666666667, "0.5": 0.6176219118424073, "0.0": 0.8666666666666666}, "Heuristic_exact": {"1.0": 0.840485829959514, "0.5": 0.6897225873866586, "0.0": 1.0}}, "bird_card_games": {"GPT3_5": {}, "Llama3_not_finetuned": {"1.0": 0.248069204109199, "0.5": 0.41579462963325436, "0.0": 0.6256667185238614}, "Llama3_finetuned": {"1.0": 0.2738446201702535, "0.5": 0.5249419058972354, "0.0": 0.7879695721931746}, "Heuristic_fuzzy": {"1.0": 0.7826084101594306, "0.5": 0.9024833871772647, "0.0": 0.9024833871772647}, "Heuristic_synonyms": {"1.0": 0.5215310062248839, "0.5": 0.797220229282528, "0.0": 0.9024833871772647}, "Heuristic_exact": {"1.0": 0.4077411235649005, "0.5": 0.6620277967646387, "0.0": 0.9977214824153601}}, "bird_codebase_community": {"GPT3_5": {}, "Llama3_not_finetuned": {"1.0": 0.32796031746031745, "0.5": 0.5840113992287905, "0.0": 0.7822043697043697}, "Llama3_finetuned": {"1.0": 0.42186562124849936, "0.5": 0.6055305805305805, "0.0": 0.7213675213675214}, "Heuristic_fuzzy": {"1.0": 0.34375, "0.5": 0.5803571428571428, "0.0": 0.5863095238095237}, "Heuristic_synonyms": {"1.0": 0.3637770897832817, "0.5": 0.5559835045129162, "0.0": 0.5863095238095237}, "Heuristic_exact": {"1.0": 0.5033088235294118, "0.5": 0.5532925407925408, "0.0": 0.8528911564625851}}, "bird_formula_1": {"GPT3_5": {}, "Llama3_not_finetuned": {"1.0": 0.25252705983475215, "0.5": 0.15757348983155434, "0.0": 0.7277502107172437}, "Llama3_finetuned": {"1.0": 0.42107605038639523, "0.5": 0.5959534353080435, "0.0": 0.7897382227052556}, "Heuristic_fuzzy": {"1.0": 0.41588173731030875, "0.5": 0.5737168060697473, "0.0": 0.7564102564102563}, "Heuristic_synonyms": {"1.0": 0.4287022501308215,