{"wikidb_japans-top-100-waterfalls": {"GPT3_5": {}, "Llama3_not_finetuned": {"1.0": 0.7947401182695301, "0.5": 1.0, "0.0": 1.0}, "Llama3_finetuned": {"1.0": 0.633599180412906, "0.5": 0.9386243386243386, "0.0": 0.6709914268737799}, "Heuristic_fuzzy": {"1.0": 0.07518796992481203, "0.5": 0.4784144427001569, "0.0": 0.4763450834879405}, "Heuristic_synonyms": {"1.0": 0.06766917293233081, "0.5": 0.423469387755102, "0.0": 0.4508348794063079}, "Heuristic_exact": {"1.0": 0.8285714285714286, "0.5": 0.7750000000000001, "0.0": 0.5324675324675324}}, "wikidb_heaphy-sketchbook-no-2": {"GPT3_5": {}, "Llama3_not_finetuned": {"1.0": 0.33483115468409586, "0.5": 0.33492315845257026, "0.0": 0.3359830418653948}, "Llama3_finetuned": {"1.0": 0.8541666666666667, "0.5": 1.0, "0.0": 0.7529239766081872}, "Heuristic_fuzzy": {"1.0": 0.3783783783783784, "0.5": 0.7323232323232323, "0.0": 0.7529239766081872}, "Heuristic_synonyms": {"1.0": 0.3783783783783784, "0.5": 0.7323232323232323, "0.0": 0.7529239766081872}, "Heuristic_exact": {"1.0": 1.0, "0.5": 0.9545454545454546, "0.0": 0.7529239766081872}}, "bird_student_club": {"GPT3_5": {}, "Llama3_not_finetuned": {"1.0": 0.5623703207048542, "0.5": 0.8009495464852607, "0.0": 0.7762168387168387}, "Llama3_finetuned": {"1.0": 0.8465730676328502, "0.5": 0.8466710758377425, "0.0": 0.9050245098039216}, "Heuristic_fuzzy": {"1.0": 0.75, "0.5": 0.875, "0.0": 0.875}, "Heuristic_synonyms": {"1.0": 0.75, "0.5": 0.75, "0.0": 0.75}, "Heuristic_exact": {"1.0": 0.875, "0.5": 0.875, "0.0": 0.875}}, "bird_toxicology": {"GPT3_5": {}, "Llama3_not_finetuned": {"1.0": 0.8596491228070176, "0.5": 0.4044612794612794, "0.0": 0.7572463768115942}, "Llama3_finetuned": {"1.0": 1.0, "0.5": 0.8606060606060606, "0.0": 1.0}, "Heuristic_fuzzy": {"1.0": 0.75, "0.5": 1.0, "0.0": 1.0}, "Heuristic_synonyms": {"1.0": 0.49999999999999994, "0.5": 0.75, "0.0": 0.75}, "Heuristic_exact": {"1.0": 1.0, "0.5": 1.0, "0.0": 1.0}}, "wikidb_paz-domain-superfamily": {"GPT3_5": {}, "Llama3_not_finetuned": {"1.0": 0.553987948987949, "0.5": 0.6089724310776942, "0.0": 0.5186172531444679}, "Llama3_finetuned": {"1.0": 0.6307870916961825, "0.5": 0.8603059581320451, "0.0": 0.6233797948083662}, "Heuristic_fuzzy": {"1.0": 0.312847866419295, "0.5": 0.6145951107715814, "0.0": 0.653061224489796}, "Heuristic_synonyms": {"1.0": 0.312847866419295, "0.5": 0.6145951107715814, "0.0": 0.653061224489796}, "Heuristic_exact": {"1.0": 0.9761904761904763, "0.5": 1.0, "0.0": 0.7551020408163265}}, "wikidb_rsga-gtpase-domain-protein-family": {"GPT3_5": {}, "Llama3_not_finetuned": {"1.0": 0.7659883720930232, "0.5": 0.9114583333333334, "0.0": 0.9154040404040403}, "Llama3_finetuned": {"1.0": 1.0, "0.5": 0.8419096626643796, "0.0": 0.8672564808928445}, "Heuristic_fuzzy": {"1.0": 0.2996632996632997, "0.5": 0.9252525252525254, "0.0": 0.8989898989898989}, "Heuristic_synonyms": {"1.0": 0.2996632996632997, "0.5": 0.9252525252525254, "0.0": 0.8989898989898989}, "Heuristic_exact": {"1.0": 1.0, "0.5": 1.0, "0.0": 0.8989898989898989}}, "spider_chinook_1": {"GPT3_5": {}, "Llama3_not_finetuned": {"1.0": 0.73264787737515, "0.5": 0.8591428371072639, "0.0": 0.8383147716481051}, "Llama3_finetuned": {"1.0": 0.8982438016528925, "0.5": 0.9457512184784913, "0.0": 0.94996114996115}, "Heuristic_fuzzy": {"1.0": 0.45454545454545453, "0.5": 0.7149615090791561, "0.0": 0.7863247863247863}, "Heuristic_synonyms": {"1.0": 0.3603455368161251, "0.5": 0.7224086074353454, "0.0": 0.7847707847707848}, "Heuristic_exact": {"1.0": 0.9516140425231334, "0.5": 0.9696969696969696, "0.0": 0.9681429681429681}}, "spider_swimming": {"GPT3_5": {}, "Llama3_not_finetuned": {"1.0": 0.42031174843674834, "0.5": 1.125, "0.0": 0.7028985507246377}, "Llama3_finetuned": {"1.0": 1.125, "0.5": 1.0, "0.0": 1.0}, "Heuristic_fuzzy": {"1.0": 0.5, "0.5": 0.95, "0.0": 1.0}, "Heuristic_synonyms": {"1.0": 0.25, "0.5": 0.95, "0.0": 1.0}, "Heuristic_exact": {"1.0": 1.0333333333333332, "0.5": 1.0078125, "0.0": 1.0}}, "spider_company_office": {"GPT3_5": {}, "Llama3_not_finetuned": {"1.0": 0.5528381642512077, "0.5": 0.890993265993266, "0.0": 0.8624512670565302}, "Llama3_finetuned": {"1.0": 1.0, "0.5": 0.9095238095238094, "0.0": 1.0}, "Heuristic_fuzzy": {"1.0": 1.0, "0.5": 1.0, "0.0": 1.0}, "Heuristic_synonyms": {"1.0": 1.0, "0.5": 1.0, "0.0": 1.0}, "Heuristic_exact": {"1.0": 1.0, "0.5": 1.0, "0.0": 1.0}}, "spider_theme_gallery": {"GPT3_5": {}, "Llama3_not_finetuned": {"1.0": 0.736231884057971, "0.5": 0.7420289855072464, "0.0": 1.0}, "Llama3_finetuned": {"1.0": 0.6666666666666666, "0.5": 0.7777777777777777, "0.0": 0.9074074074074074}, "Heuristic_fuzzy": {"1.0": 0.6666666666666666, "0.5": 0.6666666666666666, "0.0": 0.6666666666666666}, "Heuristic_synonyms": {"1.0": 1.0, "0.5": 0.6666666666666666, "0.0": 0.6666666666666666}, "Heuristic_exact": {"1.0": 0.7843137254901961, "0.5": 1.0, "0.0": 1.0}}, "bird_thrombosis_prediction": {"GPT3_5": {}, "Llama3_not_finetuned": {"1.0": 0.2825655247530247, "0.5": 0.6590156575450693, "0.0": 0.8036463536463536}, "Llama3_finetuned": {"1.0": 0.8087732160312805, "0.5": 0.8336963036963038, "0.0": 0.8063991563991565}, "Heuristic_fuzzy": {"1.0": 0.9970156106519742, "0.5": 0.9970156106519742, "0.0": 0.9970156106519742}, "Heuristic_synonyms": {"1.0": 0.9970156106519742, "0.5": 0.9970156106519742, "0.0": 0.9970156106519742}, "Heuristic_exact": {"1.0": 0.9362373737373737, "0.5": 0.988835725677831, "0.0": 0.9970156106519742}}, "bird_debit_card_specializing": {"GPT3_5": {}, "Llama3_not_finetuned": {"1.0": 0.9166666666666667, "0.5": 1.0, "0.0": 0.9500180375180374}, "Llama3_finetuned": {"1.0": 1.0, "0.5": 1.0, "0.0": 0.8975609756097562}, "Heuristic_fuzzy": {"1.0": 0.4, "0.5": 0.876923076923077, "0.0": 0.8}, "Heuristic_synonyms": {"1.0": 0.39999999999999997, "0.5": 0.6818627450980392, "0.0": 0.8}, "Heuristic_exact": {"1.0": 1.0, "0.5": 1.0, "0.0": 1.0}}, "bird_card_games": {"GPT3_5": {}, "Llama3_not_finetuned": {"1.0": 0.8038701967273395, "0.5": 0.8745275888133032, "0.0": 0.7749010025795741}, "Llama3_finetuned": {"1.0": 0.8138706052991768, "0.5": 0.8909149087720516, "0.0": 0.9028166942452659}, "Heuristic_fuzzy": {"1.0": 0.7111798387308592, "0.5": 0.8548643395582172, "0.0": 0.8548643395582172}, "Heuristic_synonyms": {"1.0": 0.4262929109867886, "0.5": 0.7953405300344076, "0.0": 0.8548643395582172}, "Heuristic_exact": {"1.0": 0.916988416988417, "0.5": 0.9647595647595647, "0.0": 0.9977214824153601}}, "bird_codebase_community": {"GPT3_5": {}, "Llama3_not_finetuned": {"1.0": 0.22520596328735867, "0.5": 0.6710784874847375, "0.0": 0.8151575276575276}, "Llama3_finetuned": {"1.0": 0.6905753968253968, "0.5": 0.8811327561327561, "0.0": 0.8333333333333334}, "Heuristic_fuzzy": {"1.0": 0.24999999999999997, "0.5": 0.5238095238095237, "0.0": 0.48214285714285715}, "Heuristic_synonyms": {"1.0": 0.24431818181818182, "0.5": 0.48839285714285713, "0.0": 0.48214285714285715}, "Heuristic_exact": {"1.0": 0.7548076923076923, "0.5": 0.7609126984126985, "0.0": 0.8528911564625851}}, "bird_formula_1": {"GPT3_5": {}, "Llama3_not_finetuned": {"1.0": 0.2994682547499449, "0.5": 0.20042273617855016, "0.0": 0.8384492837240091}, "Llama3_finetuned": {"1.0": 0.5425984272138119, "0.5": 0.8525641025641026, "0.0": 0.8482826697112411}, "Heuristic_fuzzy": {"1.0": 0.30724377663153174, "0.5": 0.5980165614436714, "0.0": 0.6923076923076923}, "Heuristic_synonyms": {"1.0": 0.3072437766315317, "0.5": 0.6054757689028789, "0.0": 0.6923076923076923}, "Heuristic_exact": {"1.0": 0.7038461538461539, "0.5": 0.8461538461538461, "0.0": 0.8461538461538461}}, "spider_candidate_poll": {"GPT3_5": {}, "Llama3_not_finetuned": {"1.0": 0.8214285714285714, "0.5": 1.0, "0.0": 0.8214285714285714}, "Llama3_finetuned": {"1.0": 1.0, "0.5": 1.0, "0.0": 1.0}, "Heuristic_fuzzy": {"1.0": 1.0, "0.5": 1.0, "0.0": 1.0}, "Heuristic_synonyms": {"1.0": 1.0, "0.5": 1.0, "0.0": 1.0}, "Heuristic_exact": {"1.0": 1.0, "0.5": 1.0, "0.0": 1.0}}, "spider_decoration_competition": {"GPT3_5": {}, "Llama3_not_finetuned": {"1.0": 0.75, "0.5": 1.0, "0.0": 0.875},