{"wikidb_japans-top-100-waterfalls": {"GPT3_5": {}, "Llama3_not_finetuned": {"1.0": 0.2085017660910518, "0.5": 0.18497379813169285, "0.0": 0.3115755073959408}, "Llama3_finetuned": {"1.0": 0.23873763793118635, "0.5": 0.2858862332546543, "0.0": 0.3925091575091575}, "Heuristic_fuzzy": {"1.0": 0.19367527633656667, "0.5": 0.2989592771569516, "0.0": 0.4058414306334198}, "Heuristic_synonyms": {"1.0": 0.16620879120879123, "0.5": 0.18052398437955353, "0.0": 0.3441119691119691}, "Heuristic_exact": {"1.0": 0.2624269005847953, "0.5": 0.3742947722567288, "0.0": 0.4890873015873016}, "gold_standard": 1.0}, "wikidb_heaphy-sketchbook-no-2": {"GPT3_5": {}, "Llama3_not_finetuned": {"1.0": 0.8947368421052632, "0.5": 0.8947368421052632, "0.0": 0.8947368421052632}, "Llama3_finetuned": {"1.0": 0.8947368421052632, "0.5": 0.7999999999999999, "0.0": 0.8947368421052632}, "Heuristic_fuzzy": {"1.0": 0.8947368421052632, "0.5": 0.6666666666666666, "0.0": 0.8947368421052632}, "Heuristic_synonyms": {"1.0": 0.8947368421052632, "0.5": 0.6666666666666666, "0.0": 0.8947368421052632}, "Heuristic_exact": {"1.0": 0.8648648648648649, "0.5": 0.6666666666666666, "0.0": 0.8947368421052632}, "gold_standard": 1.0}, "bird_student_club": {"GPT3_5": {}, "Llama3_not_finetuned": {"1.0": 0.8277483991308193, "0.5": 0.7017831566438378, "0.0": 0.820550776305252}, "Llama3_finetuned": {"1.0": 0.7339944063056192, "0.5": 0.7033126293995859, "0.0": 0.8308752117447769}, "Heuristic_fuzzy": {"1.0": 1.0, "0.5": 1.0, "0.0": 1.0}, "Heuristic_synonyms": {"1.0": 0.9111111111111111, "0.5": 0.9473684210526315, "0.0": 1.0}, "Heuristic_exact": {"1.0": 0.6121303258145364, "0.5": 0.6759958720330237, "0.0": 1.0}, "gold_standard": 1.0}, "bird_toxicology": {"GPT3_5": {}, "Llama3_not_finetuned": {"1.0": NaN, "0.5": NaN, "0.0": NaN}, "Llama3_finetuned": {"1.0": NaN, "0.5": NaN, "0.0": NaN}, "Heuristic_fuzzy": {"1.0": NaN, "0.5": NaN, "0.0": NaN}, "Heuristic_synonyms": {"1.0": NaN, "0.5": NaN, "0.0": NaN}, "Heuristic_exact": {"1.0": NaN, "0.5": NaN, "0.0": NaN}, "gold_standard": NaN}, "wikidb_paz-domain-superfamily": {"GPT3_5": {}, "Llama3_not_finetuned": {"1.0": NaN, "0.5": NaN, "0.0": NaN}, "Llama3_finetuned": {"1.0": NaN, "0.5": NaN, "0.0": NaN}, "Heuristic_fuzzy": {"1.0": NaN, "0.5": NaN, "0.0": NaN}, "Heuristic_synonyms": {"1.0": NaN, "0.5": NaN, "0.0": NaN}, "Heuristic_exact": {"1.0": NaN, "0.5": NaN, "0.0": NaN}, "gold_standard": NaN}, "wikidb_rsga-gtpase-domain-protein-family": {"GPT3_5": {}, "Llama3_not_finetuned": {"1.0": NaN, "0.5": NaN, "0.0": NaN}, "Llama3_finetuned": {"1.0": NaN, "0.5": NaN, "0.0": NaN}, "Heuristic_fuzzy": {"1.0": NaN, "0.5": NaN, "0.0": NaN}, "Heuristic_synonyms": {"1.0": NaN, "0.5": NaN, "0.0": NaN}, "Heuristic_exact": {"1.0": NaN, "0.5": NaN, "0.0": NaN}, "gold_standard": NaN}, "spider_chinook_1": {"GPT3_5": {}, "Llama3_not_finetuned": {"1.0": 0.8057345931681954, "0.5": 0.7935812046793711, "0.0": 0.8735981338922515}, "Llama3_finetuned": {"1.0": 0.8293049374867557, "0.5": 0.6082522265104389, "0.0": 0.8504038445214916}, "Heuristic_fuzzy": {"1.0": 0.8528158340515319, "0.5": 0.8074754563461508, "0.0": 0.9383838383838384}, "Heuristic_synonyms": {"1.0": 0.7684723997080976, "0.5": 0.8040097138774759, "0.0": 0.9383838383838384}, "Heuristic_exact": {"1.0": 0.8560715428362488, "0.5": 0.7682454800101859, "0.0": 1.0}, "gold_standard": 1.0}, "spider_swimming": {"GPT3_5": {}, "Llama3_not_finetuned": {"1.0": 0.7872434918714409, "0.5": 0.6953549740281375, "0.0": 0.6832137161084529}, "Llama3_finetuned": {"1.0": 0.6749169806378045, "0.5": 0.8583235867446394, "0.0": 0.9291497975708503}, "Heuristic_fuzzy": {"1.0": 0.742805735930736, "0.5": 0.9361111111111111, "0.0": 1.0}, "Heuristic_synonyms": {"1.0": 0.6608308249491451, "0.5": 0.9361111111111111, "0.0": 1.0}, "Heuristic_exact": {"1.0": 0.7171331105541632, "0.5": 0.8113095238095238, "0.0": 1.0}, "gold_standard": 1.0}, "spider_company_office": {"GPT3_5": {}, "Llama3_not_finetuned": {"1.0": 0.8679019651967388, "0.5": 0.8321665617329573, "0.0": 0.9355567350399978}, "Llama3_finetuned": {"1.0": 0.8536348708762502, "0.5": 0.9408419914167041, "0.0": 1.0}, "Heuristic_fuzzy": {"1.0": 1.0, "0.5": 0.9066666666666667, "0.0": 1.0}, "Heuristic_synonyms": {"1.0": 1.0, "0.5": 0.9066666666666667, "0.0": 1.0}, "Heuristic_exact": {"1.0": 0.839262187088274, "0.5": 0.7818459191456903, "0.0": 1.0}, "gold_standard": 1.0}, "spider_theme_gallery": {"GPT3_5": {}, "Llama3_not_finetuned": {"1.0": 0.6832609545738276, "0.5": 0.6691200669528844, "0.0": 0.77018293300902}, "Llama3_finetuned": {"1.0": 0.899775641025641, "0.5": 0.8584767025089607, "0.0": 0.9017798957315087}, "Heuristic_fuzzy": {"1.0": 0.9254166666666667, "0.5": 0.9254166666666667, "0.0": 0.9254166666666667}, "Heuristic_synonyms": {"1.0": 1.0, "0.5": 0.9254166666666667, "0.0": 0.9254166666666667}, "Heuristic_exact": {"1.0": 0.9018115942028985, "0.5": 0.6751727804359383, "0.0": 1.0}, "gold_standard": 1.0}, "bird_thrombosis_prediction": {"GPT3_5": {}, "Llama3_not_finetuned": {"1.0": 0.6521172242952612, "0.5": 0.6235737790774215, "0.0": 0.8298441254200443}, "Llama3_finetuned": {"1.0": 0.7746692698355048, "0.5": 0.871482860134189, "0.0": 0.7858049805709101}, "Heuristic_fuzzy": {"1.0": 1.0, "0.5": 0.9324947589098532, "0.0": 1.0}, "Heuristic_synonyms": {"1.0": 1.0, "0.5": 0.9324947589098532, "0.0": 1.0}, "Heuristic_exact": {"1.0": 0.5132923572150924, "0.5": 0.6908646425660963, "0.0": 1.0}, "gold_standard": 1.0}, "bird_debit_card_specializing": {"GPT3_5": {}, "Llama3_not_finetuned": {"1.0": 0.7600895543699903, "0.5": 0.8912545765169746, "0.0": 0.883329041197276}, "Llama3_finetuned": {"1.0": 0.7206345269572888, "0.5": 0.9897435897435898, "0.0": 0.8768872320596458}, "Heuristic_fuzzy": {"1.0": 0.7952380952380951, "0.5": 0.7749647736467493, "0.0": 0.9142857142857143}, "Heuristic_synonyms": {"1.0": 0.7380952380952381, "0.5": 0.7182501913232137, "0.0": 0.9142857142857143}, "Heuristic_exact": {"1.0": 0.840485829959514, "0.5": 0.6897225873866586, "0.0": 1.0}, "gold_standard": 1.0}, "bird_card_games": {"GPT3_5": {}, "Llama3_not_finetuned": {"1.0": 0.33373423890807813, "0.5": 0.4821155471411226, "0.0": 0.7014423450091788}, "Llama3_finetuned": {"1.0": 0.4508709925797262, "0.5": 0.6043959289782427, "0.0": 0.8034730359230015}, "Heuristic_fuzzy": {"1.0": 0.7857142857142857, "0.5": 0.9047619047619048, "0.0": 0.9047619047619048}, "Heuristic_synonyms": {"1.0": 0.5714285714285714, "0.5": 0.7994987468671679, "0.0": 0.9047619047619048}, "Heuristic_exact": {"1.0": 0.46058351110430146, "0.5": 0.6973534803977758, "0.0": 1.0}, "gold_standard": 1.0}, "bird_codebase_community": {"GPT3_5": {}, "Llama3_not_finetuned": {"1.0": 0.6486813886778412, "0.5": 0.7426631239131238, "0.0": 0.8444911093808152}, "Llama3_finetuned": {"1.0": 0.5410234665933196, "0.5": 0.6801491332741332, "0.0": 0.856353021978022}, "Heuristic_fuzzy": {"1.0": 0.5220008836197985, "0.5": 0.6988068933381433, "0.0": 0.877673350041771}, "Heuristic_synonyms": {"1.0": 0.50161343438173, "0.5": 0.6805338983043941, "0.0": 0.8642474241158451}, "Heuristic_exact": {"1.0": 0.7829073363999834, "0.5": 0.7926572655739321, "0.0": 1.0}, "gold_standard": 1.0}, "bird_formula_1": {"GPT3_5": {}, "Llama3_not_finetuned": {"1.0": 0.5972420772963564, "0.5": 0.47226822704079197, "0.0": 0.7944820564051334}, "Llama3_finetuned": {"1.0": 0.6014393173806907, "0.5": 0.7027516457542313, "0.0": 0.899780689396074}, "Heuristic_fuzzy": {"1.0": 0.6977032499225646, "0.5": 0.7809488598278613, "0.0": 0.8963675213675213}, "Heuristic_synonyms": {"1.0": 0.6827459849652997, "0.5": 0.7524329313119327, "0.0": 0.8963675213675213}, "Heuristic_exact": {"1.0": 0.7292799896528008, "0.5": 0.7215752623444931, "0.0": 1.0}, "gold_standard": 1.0}, "spider_candidate_poll": {"GPT3_5": {}, "Llama3_not_finetuned": {"1.0": 0.8842226613965745, "0.5": 0.8737819370172312, "0.0": 0.8138998682476943}, "Llama3_finetuned": {"1.0": 0.6134453781512604, "0.5": 0.6134453781512604, "0.0": 0.8999999999999999}, "Heuristic_fuzzy": {"1.0": 1.0, "0.5": 0.8, "0.0": 1.0},