{"wikidb_japans-top-100-waterfalls": {"GPT3_5": {}, "Llama3_not_finetuned": {"1.0": 0.24771790871230648, "0.5": 0.14309325301388795, "0.0": 0.2883512046794026}, "Llama3_finetuned": {"1.0": 0.23617642343132536, "0.5": 0.27400872807035276, "0.0": 0.3671041705122003}, "Heuristic_fuzzy": {"1.0": 0.5342731930033516, "0.5": 0.4498576085877673, "0.0": 0.5342731930033516}, "Heuristic_synonyms": {"1.0": 0.4814471243042671, "0.5": 0.3970315398886827, "0.0": 0.4814471243042671}, "Heuristic_exact": {"1.0": 0.2975682753460531, "0.5": 0.2828817273261718, "0.0": 0.5342731930033516}, "gold_standard": 1.0}, "wikidb_heaphy-sketchbook-no-2": {"GPT3_5": {}, "Llama3_not_finetuned": {"1.0": 0.6463564958147001, "0.5": 0.6648893475518862, "0.0": 0.6664660016053205}, "Llama3_finetuned": {"1.0": 0.5307017543859649, "0.5": 0.6153250773993808, "0.0": 0.7529239766081872}, "Heuristic_fuzzy": {"1.0": 0.7529239766081872, "0.5": 0.4298245614035088, "0.0": 0.7529239766081872}, "Heuristic_synonyms": {"1.0": 0.7529239766081872, "0.5": 0.4298245614035088, "0.0": 0.7529239766081872}, "Heuristic_exact": {"1.0": 0.5043859649122807, "0.5": 0.402046783625731, "0.0": 0.7529239766081872}, "gold_standard": 1.0}, "bird_student_club": {"GPT3_5": {}, "Llama3_not_finetuned": {"1.0": 0.7007050736961451, "0.5": 0.6539890830069401, "0.0": 0.8388916804095375}, "Llama3_finetuned": {"1.0": 0.8071961107675394, "0.5": 0.808536040678898, "0.0": 0.924001924001924}, "Heuristic_fuzzy": {"1.0": 1.0, "0.5": 1.0, "0.0": 1.0}, "Heuristic_synonyms": {"1.0": 1.0, "0.5": 0.9479166666666667, "0.0": 1.0}, "Heuristic_exact": {"1.0": 0.5517676767676767, "0.5": 0.5844198790627362, "0.0": 1.0}, "gold_standard": 1.0}, "bird_toxicology": {"GPT3_5": {}, "Llama3_not_finetuned": {"1.0": 0.6316666666666667, "0.5": 0.8383333333333334, "0.0": 0.78}, "Llama3_finetuned": {"1.0": 0.9466666666666667, "0.5": 0.7883333333333333, "0.0": 0.9199999999999999}, "Heuristic_fuzzy": {"1.0": 1.0, "0.5": 0.88, "0.0": 1.0}, "Heuristic_synonyms": {"1.0": 1.0, "0.5": 0.88, "0.0": 1.0}, "Heuristic_exact": {"1.0": 0.58, "0.5": 0.52, "0.0": 1.0}, "gold_standard": 1.0}, "wikidb_paz-domain-superfamily": {"GPT3_5": {}, "Llama3_not_finetuned": {"1.0": 0.43402133580705016, "0.5": 0.48135435992578846, "0.0": 0.5787183055040198}, "Llama3_finetuned": {"1.0": 0.5648268398268398, "0.5": 0.5398113790970934, "0.0": 0.7003401360544217}, "Heuristic_fuzzy": {"1.0": 0.7532467532467532, "0.5": 0.5695732838589982, "0.0": 0.7551020408163265}, "Heuristic_synonyms": {"1.0": 0.7532467532467532, "0.5": 0.5695732838589982, "0.0": 0.7551020408163265}, "Heuristic_exact": {"1.0": 0.38775510204081637, "0.5": 0.4387755102040816, "0.0": 0.7551020408163265}, "gold_standard": 1.0}, "wikidb_rsga-gtpase-domain-protein-family": {"GPT3_5": {}, "Llama3_not_finetuned": {"1.0": 0.6452903157448612, "0.5": 0.4564349791622518, "0.0": 0.6919809987991806}, "Llama3_finetuned": {"1.0": 0.717339478703115, "0.5": 0.5607120152574697, "0.0": 0.8672564808928445}, "Heuristic_fuzzy": {"1.0": 0.8989898989898989, "0.5": 0.7676767676767677, "0.0": 0.8989898989898989}, "Heuristic_synonyms": {"1.0": 0.8989898989898989, "0.5": 0.7676767676767677, "0.0": 0.8989898989898989}, "Heuristic_exact": {"1.0": 0.6262626262626262, "0.5": 0.44444444444444436, "0.0": 0.8989898989898989}, "gold_standard": 1.0}, "spider_chinook_1": {"GPT3_5": {}, "Llama3_not_finetuned": {"1.0": 0.8005819377031499, "0.5": 0.7681537598204264, "0.0": 0.7976711560044895}, "Llama3_finetuned": {"1.0": 0.8072230238896907, "0.5": 0.47729896366260005, "0.0": 0.785553952220619}, "Heuristic_fuzzy": {"1.0": 1.0, "0.5": 0.8492784992784993, "0.0": 1.0}, "Heuristic_synonyms": {"1.0": 0.9963269054178144, "0.5": 0.8456054046963138, "0.0": 0.9963269054178144}, "Heuristic_exact": {"1.0": 0.7833894500561166, "0.5": 0.6286913142973749, "0.0": 1.0}, "gold_standard": 1.0}, "spider_swimming": {"GPT3_5": {}, "Llama3_not_finetuned": {"1.0": 0.8326340326340326, "0.5": 0.6389423076923076, "0.0": 0.6846299533799534}, "Llama3_finetuned": {"1.0": 0.6212849650349651, "0.5": 0.7618298368298368, "0.0": 0.8755681818181819}, "Heuristic_fuzzy": {"1.0": 1.0, "0.5": 0.9166666666666666, "0.0": 1.0}, "Heuristic_synonyms": {"1.0": 1.0, "0.5": 0.9166666666666666, "0.0": 1.0}, "Heuristic_exact": {"1.0": 0.6016025641025641, "0.5": 0.6940705128205128, "0.0": 1.0}, "gold_standard": 1.0}, "spider_company_office": {"GPT3_5": {}, "Llama3_not_finetuned": {"1.0": 0.836622807017544, "0.5": 0.7239278752436648, "0.0": 0.8624512670565302}, "Llama3_finetuned": {"1.0": 0.8468567251461989, "0.5": 0.9199561403508771, "0.0": 1.0}, "Heuristic_fuzzy": {"1.0": 1.0, "0.5": 0.8541666666666666, "0.0": 1.0}, "Heuristic_synonyms": {"1.0": 1.0, "0.5": 0.8541666666666666, "0.0": 1.0}, "Heuristic_exact": {"1.0": 0.7569444444444445, "0.5": 0.6736111111111112, "0.0": 1.0}, "gold_standard": 1.0}, "spider_theme_gallery": {"GPT3_5": {}, "Llama3_not_finetuned": {"1.0": 0.708913308913309, "0.5": 0.7548229548229548, "0.0": 0.7366300366300367}, "Llama3_finetuned": {"1.0": 0.9523809523809524, "0.5": 0.8791208791208791, "0.0": 0.9444444444444445}, "Heuristic_fuzzy": {"1.0": 1.0, "0.5": 1.0, "0.0": 1.0}, "Heuristic_synonyms": {"1.0": 1.0, "0.5": 1.0, "0.0": 1.0}, "Heuristic_exact": {"1.0": 0.9487179487179488, "0.5": 0.510989010989011, "0.0": 1.0}, "gold_standard": 1.0}, "bird_thrombosis_prediction": {"GPT3_5": {}, "Llama3_not_finetuned": {"1.0": 0.750028703632708, "0.5": 0.5369255391163993, "0.0": 0.728719086328467}, "Llama3_finetuned": {"1.0": 0.6447080764303604, "0.5": 0.7849858696591178, "0.0": 0.8178263710396635}, "Heuristic_fuzzy": {"1.0": 1.0, "0.5": 0.8925116550116551, "0.0": 1.0}, "Heuristic_synonyms": {"1.0": 1.0, "0.5": 0.8925116550116551, "0.0": 1.0}, "Heuristic_exact": {"1.0": 0.39335689527105916, "0.5": 0.5694790795727022, "0.0": 1.0}, "gold_standard": 1.0}, "bird_debit_card_specializing": {"GPT3_5": {}, "Llama3_not_finetuned": {"1.0": 0.7722222222222223, "0.5": 0.845, "0.0": 0.8177777777777777}, "Llama3_finetuned": {"1.0": 0.71, "0.5": 0.9799999999999999, "0.0": 0.95}, "Heuristic_fuzzy": {"1.0": 1.0, "0.5": 0.74, "0.0": 1.0}, "Heuristic_synonyms": {"1.0": 1.0, "0.5": 0.8299999999999998, "0.0": 1.0}, "Heuristic_exact": {"1.0": 0.75, "0.5": 0.53, "0.0": 1.0}, "gold_standard": 1.0}, "bird_card_games": {"GPT3_5": {}, "Llama3_not_finetuned": {"1.0": 0.24891561794957576, "0.5": 0.34917459459614025, "0.0": 0.6894081003565782}, "Llama3_finetuned": {"1.0": 0.7569757415366313, "0.5": 0.6378318721351508, "0.0": 0.807831193006837}, "Heuristic_fuzzy": {"1.0": 0.9993122932233003, "0.5": 1.0, "0.0": 1.0}, "Heuristic_synonyms": {"1.0": 1.0, "0.5": 0.9574829931972789, "0.0": 1.0}, "Heuristic_exact": {"1.0": 0.3464717925842048, "0.5": 0.5537606837606839, "0.0": 1.0}, "gold_standard": 1.0}, "bird_codebase_community": {"GPT3_5": {}, "Llama3_not_finetuned": {"1.0": 0.8190874787414966, "0.5": 0.649761432350718, "0.0": 0.7817962254346182}, "Llama3_finetuned": {"1.0": 0.5874291383219954, "0.5": 0.6066881613756614, "0.0": 0.7911597104119426}, "Heuristic_fuzzy": {"1.0": 1.0, "0.5": 0.77578125, "0.0": 1.0}, "Heuristic_synonyms": {"1.0": 0.9785714285714285, "0.5": 0.7839285714285714, "0.0": 1.0}, "Heuristic_exact": {"1.0": 0.7192915013227512, "0.5": 0.6685421390778534, "0.0": 1.0}, "gold_standard": 1.0}, "bird_formula_1": {"GPT3_5": {}, "Llama3_not_finetuned": {"1.0": 0.7199488342345485, "0.5": 0.8289522646665504, "0.0": 0.7173571137856851}, "Llama3_finetuned": {"1.0": 0.6356096284667714, "0.5": 0.6236554450840165, "0.0": 0.875341589627304}, "Heuristic_fuzzy": {"1.0": 0.9968602825745683, "0.5": 0.8351648351648352, "0.0": 1.0}, "Heuristic_synonyms": {"1.0": 0.9968602825745683, "0.5": 0.8021978021978021, "0.0": 1.0}, "Heuristic_exact": {"1.0": 0.6777574277574279, "0.5": 0.602004477004477, "0.0": 1.0}, "gold_standard": 1.0}, "spider_candidate_poll": {"GPT3_5": {}, "Llama3_not_finetuned": {"1.0": 0.9166666666666667, "0.5": 0.7650462962962963, "0.0": 0.9166666666666667}, "Llama3_finetuned": {"1.0": 0.5277777777777778,