{"bird_debit_card_specializing": {"Llama3_finetuned": {"1.0_1.0": 0.45089391220039}, "GPT3_5": {}, "Llama3_not_finetuned": {"1.0_1.0": 0.5034805153576373}, "gold_standard": 1.0}, "bird_toxicology": {"Llama3_finetuned": {"1.0_1.0": 0.4331342941413527}, "GPT3_5": {}, "Llama3_not_finetuned": {"1.0_1.0": 0.3891240591824261}, "gold_standard": 1.0}, "bird_card_games": {"Llama3_finetuned": {"1.0_1.0": 0.3563364794395117}, "GPT3_5": {}, "Llama3_not_finetuned": {"1.0_1.0": 0.3010295748805766}, "gold_standard": 1.0}, "wikidb_japans-top-100-waterfalls": {"Llama3_finetuned": {"1.0_1.0": 0.32077332857164986}, "GPT3_5": {}, "Llama3_not_finetuned": {"1.0_1.0": 0.29419315606150004}, "gold_standard": 1.0}, "spider_company_office": {"Llama3_finetuned": {"1.0_1.0": 0.40635449110532945}, "GPT3_5": {}, "Llama3_not_finetuned": {"1.0_1.0": 0.6363576949960112}, "gold_standard": 1.0}, "wikidb_rsga-gtpase-domain-protein-family": {"Llama3_finetuned": {"1.0_1.0": 0.6502377949375705}, "GPT3_5": {}, "Llama3_not_finetuned": {"1.0_1.0": 0.4616662911259351}, "gold_standard": 1.0}, "spider_workshop_paper": {"Llama3_finetuned": {"1.0_1.0": 0.7263107263107264}, "GPT3_5": {}, "Llama3_not_finetuned": {"1.0_1.0": 0.6546898414747385}, "gold_standard": 1.0}, "spider_chinook_1": {"Llama3_finetuned": {"1.0_1.0": 0.40054795445087826}, "GPT3_5": {}, "Llama3_not_finetuned": {"1.0_1.0": 0.31432906991922493}, "gold_standard": 1.0}, "bird_california_schools": {"Llama3_finetuned": {"1.0_1.0": 0.4426187797337646}, "GPT3_5": {}, "Llama3_not_finetuned": {"1.0_1.0": 0.4264124561278206}, "gold_standard": 1.0}, "wikidb_paz-domain-superfamily": {"Llama3_finetuned": {"1.0_1.0": 0.389165333218734}, "GPT3_5": {}, "Llama3_not_finetuned": {"1.0_1.0": 0.2559302039724061}, "gold_standard": 1.0}, "wikidb_peptidase-u32-collagenase-family": {"Llama3_finetuned": {"1.0_1.0": 0.39389150536956763}, "GPT3_5": {}, "Llama3_not_finetuned": {"1.0_1.0": 0.3922872715094411}, "gold_standard": 1.0}, "wikidb_alpha-defensins": {"Llama3_finetuned": {"1.0_1.0": 0.1655677655677656}, "GPT3_5": {}, "Llama3_not_finetuned": {"1.0_1.0": 0.6290985600094912}, "gold_standard": 1.0}, "wikidb_heaphy-sketchbook-no-2": {"Llama3_finetuned": {"1.0_1.0": 0.45458703140942663}, "GPT3_5": {}, "Llama3_not_finetuned": {"1.0_1.0": 0.6489444070361678}, "gold_standard": 1.0}, "bird_european_football_2": {"Llama3_finetuned": {"1.0_1.0": 0.34620379734356543}, "GPT3_5": {}, "Llama3_not_finetuned": {"1.0_1.0": 0.2753963810562203}, "gold_standard": 1.0}, "wikidb_novelette": {"Llama3_finetuned": {"1.0_1.0": 0.33461928143502623}, "GPT3_5": {}, "Llama3_not_finetuned": {"1.0_1.0": 0.3701831008163633}, "gold_standard": 1.0}, "wikidb_tammerkoski": {"Llama3_finetuned": {"1.0_1.0": 0.6666130093128981}, "GPT3_5": {}, "Llama3_not_finetuned": {"1.0_1.0": 0.6401711135113612}, "gold_standard": 1.0}, "bird_student_club": {"Llama3_finetuned": {"1.0_1.0": 0.36149178341165655}, "GPT3_5": {}, "Llama3_not_finetuned": {"1.0_1.0": 0.4440891272018809}, "gold_standard": 1.0}, "wikidb_chemotaxis-methyl-accepting-receptor-tar-related-ligand-binding-domain-protein-family": {"Llama3_finetuned": {"1.0_1.0": 0.470047022379871}, "GPT3_5": {}, "Llama3_not_finetuned": {"1.0_1.0": 0.4803086536506749}, "gold_standard": 1.0}, "spider_entrepreneur": {"Llama3_finetuned": {"1.0_1.0": 0.686926961926962}, "GPT3_5": {}, "Llama3_not_finetuned": {"1.0_1.0": 0.6496214896214897}, "gold_standard": 1.0}, "spider_candidate_poll": {"Llama3_finetuned": {"1.0_1.0": 0.4528388278388278}, "GPT3_5": {}, "Llama3_not_finetuned": {"1.0_1.0": 0.7395833333333334}, "gold_standard": 1.0}, "bird_codebase_community": {"Llama3_finetuned": {"1.0_1.0": 0.3383028018096656}, "GPT3_5": {}, "Llama3_not_finetuned": {"1.0_1.0": 0.3698260906866353}, "gold_standard": 1.0}, "spider_decoration_competition": {"Llama3_finetuned": {"1.0_1.0": 0.44819741661846924}, "GPT3_5": {}, "Llama3_not_finetuned": {"1.0_1.0": 0.46975603534528015}, "gold_standard": 1.0}, "bird_formula_1": {"Llama3_finetuned": {"1.0_1.0": 0.3776102115909567}, "GPT3_5": {}, "Llama3_not_finetuned": {"1.0_1.0": 0.33237956034617816}, "gold_standard": 1.0}, "bird_thrombosis_prediction": {"Llama3_finetuned": {"1.0_1.0": 0.3119931873183401}, "GPT3_5": {}, "Llama3_not_finetuned": {"1.0_1.0": 0.38090592264068707}, "gold_standard": 1.0}, "spider_theme_gallery": {"Llama3_finetuned": {"1.0_1.0": 0.4375366501453459}, "GPT3_5": {}, "Llama3_not_finetuned": {"1.0_1.0": 0.5658321250275876}, "gold_standard": 1.0}, "bird_financial": {"Llama3_finetuned": {"1.0_1.0": 0.2992875468041072}, "GPT3_5": {}, "Llama3_not_finetuned": {"1.0_1.0": 0.3095024574819253}, "gold_standard": 1.0}, "wikidb_burial-vault": {"Llama3_finetuned": {"1.0_1.0": 0.19557978096552456}, "GPT3_5": {}, "Llama3_not_finetuned": {"1.0_1.0": 0.2647652828034509}, "gold_standard": 1.0}, "bird_superhero": {"Llama3_finetuned": {"1.0_1.0": 0.3397984879477174}, "GPT3_5": {}, "Llama3_not_finetuned": {"1.0_1.0": 0.3177164188604867}, "gold_standard": 1.0}, "spider_swimming": {"Llama3_finetuned": {"1.0_1.0": 0.3980225490806415}, "GPT3_5": {}, "Llama3_not_finetuned": {"1.0_1.0": 0.5062533801645241}, "gold_standard": 1.0}, "spider_soccer_2": {"Llama3_finetuned": {"1.0_1.0": 0.3813492063492063}, "GPT3_5": {}, "Llama3_not_finetuned": {"1.0_1.0": 0.3641774891774892}, "gold_standard": 1.0}}