{"bird_debit_card_specializing": {"Llama3_finetuned": {"0.5": 0.9897435897435898, "1.0": 0.7496561766449642, "0.0": 0.9261679190588932}, "Heuristic_fuzzy": {"0.5": 0.7738683309761353, "1.0": 0.8277777777777777, "0.0": 0.9277777777777778}, "Heuristic_exact": {"0.5": 0.822663747079765, "1.0": 0.9, "0.0": 1.0}, "Llama3_finetuned_dc": {"0.5": 0.9204573204573204, "1.0": 0.7716222474843164, "0.0": 0.9806091806091807}, "Heuristic_synonyms": {"0.5": 0.7273686282552343, "1.0": 0.774074074074074, "0.0": 0.9037037037037037}, "Llama3_not_finetuned": {"0.5": 0.8945076693122059, "1.0": 0.796618828038741, "0.0": 0.8801545032312351}, "gold_standard": 1.0}, "bird_toxicology": {"Llama3_finetuned": {"0.5": 0.7878235563070857, "1.0": 0.8510830511808984, "0.0": 0.891904104637024}, "Heuristic_fuzzy": {"0.5": 0.9210526315789473, "1.0": 0.9305555555555556, "0.0": 1.0}, "Heuristic_exact": {"0.5": 0.9210526315789473, "1.0": 0.7430555555555556, "0.0": 1.0}, "Llama3_finetuned_dc": {"0.5": 0.8746992041977428, "1.0": 0.6993307771656143, "0.0": 0.9359779299847794}, "Heuristic_synonyms": {"0.5": 0.8516081871345029, "1.0": 0.875, "0.0": 0.9305555555555556}, "Llama3_not_finetuned": {"0.5": 0.6225132985983934, "1.0": 0.5251347763073384, "0.0": 0.6522656831177793}, "gold_standard": 1.0}, "bird_card_games": {"Llama3_finetuned": {"0.5": 0.6590202552845058, "1.0": 0.5501583018511775, "0.0": 0.7919419302031079}, "Heuristic_fuzzy": {"0.5": 0.9047619047619048, "1.0": 0.8444453373334762, "0.0": 0.9047619047619048}, "Heuristic_exact": {"0.5": 0.8725817923186344, "1.0": 0.8452380952380951, "0.0": 1.0}, "Llama3_finetuned_dc": {"0.5": 0.6240944431558832, "1.0": 0.5923135976447068, "0.0": 0.9110088225290343}, "Heuristic_synonyms": {"0.5": 0.8407477025898078, "1.0": 0.7076754385964913, "0.0": 0.9047619047619048}, "Llama3_not_finetuned": {"0.5": 0.4679757588625172, "1.0": 0.34218010277206723, "0.0": 0.67752443318435}, "gold_standard": 1.0}, "wikidb_japans-top-100-waterfalls": {"Llama3_finetuned": {"0.5": 0.46912630087197, "1.0": 0.3925363431901468, "0.0": 0.5775499000423674}, "Heuristic_fuzzy": {"0.5": 0.6453261611150383, "1.0": 0.3638206240360934, "0.0": 0.9113289748155334}, "Heuristic_exact": {"0.5": 0.6813743664139364, "1.0": 0.3655875934501216, "0.0": 1.0}, "Llama3_finetuned_dc": {"0.5": 0.5638314303995079, "1.0": 0.504666272005274, "0.0": 0.8467120352800093}, "Heuristic_synonyms": {"0.5": 0.578358750777766, "1.0": 0.3335176266806131, "0.0": 0.8494098587909225}, "Llama3_not_finetuned": {"0.5": 0.32905487315852155, "1.0": 0.3552550797552278, "0.0": 0.4688254387712683}, "gold_standard": 1.0}, "spider_company_office": {"Llama3_finetuned": {"0.5": 0.947014830922877, "1.0": 0.8723938896352691, "0.0": 1.0}, "Heuristic_fuzzy": {"0.5": 0.9066666666666667, "1.0": 1.0, "0.0": 1.0}, "Heuristic_exact": {"0.5": 0.8189473684210528, "1.0": 1.0, "0.0": 1.0}, "Llama3_finetuned_dc": {"0.5": 0.9220779220779222, "1.0": 0.9606879606879607, "0.0": 1.0}, "Heuristic_synonyms": {"0.5": 0.9066666666666667, "1.0": 1.0, "0.0": 1.0}, "Llama3_not_finetuned": {"0.5": 0.8063616524112976, "1.0": 0.8521522970162813, "0.0": 0.9140576698231122}, "gold_standard": 1.0}, "wikidb_rsga-gtpase-domain-protein-family": {"Llama3_finetuned": {"0.5": 0.7111213930693657, "1.0": 0.741365670447908, "0.0": 0.97322463475721}, "Heuristic_fuzzy": {"0.5": 0.8998473819445686, "1.0": 0.8022581803492551, "0.0": 1.0}, "Heuristic_exact": {"0.5": 0.8998473819445686, "1.0": 1.0, "0.0": 1.0}, "Llama3_finetuned_dc": {"0.5": 0.9211631822284606, "1.0": 0.9037906437078252, "0.0": 0.98544061302682}, "Heuristic_synonyms": {"0.5": 0.8998473819445686, "1.0": 0.8022581803492551, "0.0": 1.0}, "Llama3_not_finetuned": {"0.5": 0.5455462277228041, "1.0": 0.6694903832787243, "0.0": 0.8260509975936641}, "gold_standard": 1.0}, "spider_workshop_paper": {"Llama3_finetuned": {"0.5": 0.6600918145035792, "1.0": 0.5396825396825397, "0.0": 0.9030303030303032}, "Heuristic_fuzzy": {"0.5": 0.9126262626262626, "1.0": 0.9302641802641802, "0.0": 1.0}, "Heuristic_exact": {"0.5": 0.903030303030303, "1.0": 1.0, "0.0": 1.0}, "Llama3_finetuned_dc": {"0.5": 0.7002525252525252, "1.0": 0.8258778258778259, "0.0": 1.0}, "Heuristic_synonyms": {"0.5": 0.7502164502164502, "1.0": 0.8083398083398082, "0.0": 0.9302641802641802}, "Llama3_not_finetuned": {"0.5": 0.7113817917739486, "1.0": 0.6990050884787727, "0.0": 0.6998050682261209}, "gold_standard": 1.0}, "spider_chinook_1": {"Llama3_finetuned": {"0.5": 0.5977290826622377, "1.0": 0.8014081266627596, "0.0": 0.8521461483896985}, "Heuristic_fuzzy": {"0.5": 0.788425188355437, "1.0": 0.7899951276550017, "0.0": 0.9508417508417509}, "Heuristic_exact": {"0.5": 0.8375834375136862, "1.0": 0.7842680134145185, "0.0": 1.0}, "Llama3_finetuned_dc": {"0.5": 0.9345123632556788, "1.0": 0.8932518899081144, "0.0": 0.9781731715449701}, "Heuristic_synonyms": {"0.5": 0.7736427560031973, "1.0": 0.7189567253759578, "0.0": 0.9444844717571992}, "Llama3_not_finetuned": {"0.5": 0.7789845077655406, "1.0": 0.7694199555836719, "0.0": 0.8446946632953763}, "gold_standard": 1.0}, "bird_california_schools": {"Llama3_finetuned": {"0.5": 0.8603609460412368, "1.0": 0.7804021085394931, "0.0": 0.9555848504629635}, "Heuristic_fuzzy": {"0.5": 1.0, "1.0": 1.0, "0.0": 1.0}, "Heuristic_exact": {"0.5": 1.0, "1.0": 1.0, "0.0": 1.0}, "Llama3_finetuned_dc": {"0.5": 0.9048940152732042, "1.0": 0.8008326845771241, "0.0": 0.9466627487330195}, "Heuristic_synonyms": {"0.5": 1.0, "1.0": 0.9363642930153858, "0.0": 1.0}, "Llama3_not_finetuned": {"0.5": 0.7737467153587535, "1.0": 0.7391450847877917, "0.0": 0.7082864944292399}, "gold_standard": 1.0}, "wikidb_paz-domain-superfamily": {"Llama3_finetuned": {"0.5": 0.7069604034959837, "1.0": 0.6046862444784907, "0.0": 0.8666892353835782}, "Heuristic_fuzzy": {"0.5": 0.7547689928773141, "1.0": 0.6721857851366074, "0.0": 0.9499874273686855}, "Heuristic_exact": {"0.5": 0.7718282371975755, "1.0": 0.6749664539451509, "0.0": 1.0}, "Llama3_finetuned_dc": {"0.5": 0.7613135680380376, "1.0": 0.7284414765374729, "0.0": 0.863628265830198}, "Heuristic_synonyms": {"0.5": 0.7547689928773141, "1.0": 0.6721857851366074, "0.0": 0.9499874273686855}, "Llama3_not_finetuned": {"0.5": 0.601875817569564, "1.0": 0.47900687341001286, "0.0": 0.7270054916843244}, "gold_standard": 1.0}, "wikidb_peptidase-u32-collagenase-family": {"Llama3_finetuned": {"0.5": 0.6890241207652011, "1.0": 0.5983545110688498, "0.0": 0.8641939956918094}, "Heuristic_fuzzy": {"0.5": 0.7056117300192253, "1.0": 0.6922736746543628, "0.0": 0.9303030303030304}, "Heuristic_exact": {"0.5": 0.775222119629615, "1.0": 0.7801524625331506, "0.0": 1.0}, "Llama3_finetuned_dc": {"0.5": 0.7526160036408681, "1.0": 0.6286128826215285, "0.0": 0.9030060360118245}, "Heuristic_synonyms": {"0.5": 0.7056117300192253, "1.0": 0.6922736746543628, "0.0": 0.9303030303030304}, "Llama3_not_finetuned": {"0.5": 0.5982024848866575, "1.0": 0.5936851913291259, "0.0": 0.5893152028171624}, "gold_standard": 1.0}, "wikidb_alpha-defensins": {"Llama3_finetuned": {"0.5": 0.7465720260121985, "1.0": 0.41721092599079423, "0.0": 0.8381415585357543}, "Heuristic_fuzzy": {"0.5": 0.7543991955756661, "1.0": 1.0, "0.0": 1.0}, "Heuristic_exact": {"0.5": 0.7543991955756661, "1.0": 1.0, "0.0": 1.0}, "Llama3_finetuned_dc": {"0.5": 0.7383889320228842, "1.0": 0.5705582991008092, "0.0": 0.9754775269649412}, "Heuristic_synonyms": {"0.5": 0.8444444444444444, "1.0": 1.0, "0.0": 1.0}, "Llama3_not_finetuned": {"0.5": 0.7410924691819384, "1.0": 0.7088830204559105, "0.0": 0.8102294164262918}, "gold_standard": 1.0}, "wikidb_heaphy-sketchbook-no-2": {"Llama3_finetuned": {"0.5": 0.90836412247284, "1.0": 0.7144363356321052, "0.0": 1.0}, "Heuristic_fuzzy": {"0.5": 0.6997473209749425, "1.0": 0.8422426603574534, "0.0": 1.0}, "Heuristic_exact": {"0.5": 0.6997473209749425, "1.0": 0.8422426603574534, "0.0": 1.0}, "Llama3_finetuned_dc": {"0.5": 0.760151169708962, "1.0": 0.6253955722770306, "0.0": 0.9947835366058917}, "Heuristic_synonyms": {"0.5": 0.6997473209749425, "1.0": 0.8422426603574534,