{"wikidb_japans-top-100-waterfalls": {"GPT3_5": {}, "Llama3_not_finetuned": {"1.0": 0.2258254557484512, "0.5": 0.20892263089733196, "0.0": 0.2785313798266365}, "Llama3_finetuned": {"1.0": 0.2559427570789907, "0.5": 0.2961684030568004, "0.0": 0.34757553237919175}, "Heuristic_fuzzy": {"1.0": 0.20743908841915562, "0.5": 0.38101273157015025, "0.0": 0.5185051203907333}, "Heuristic_synonyms": {"1.0": 0.18822427992628527, "0.5": 0.3232820345505751, "0.0": 0.4811233753440972}, "Heuristic_exact": {"1.0": 0.36337653373896767, "0.5": 0.37660636983360135, "0.0": 0.5538927819906527}, "gold_standard": 1.0}, "wikidb_heaphy-sketchbook-no-2": {"GPT3_5": {}, "Llama3_not_finetuned": {"1.0": 0.6419595987473681, "0.5": 0.6502922024067266, "0.0": 0.6520453508417942}, "Llama3_finetuned": {"1.0": 0.5745394306141473, "0.5": 0.6878260328195449, "0.0": 0.7730066076138058}, "Heuristic_fuzzy": {"1.0": 0.6654101087064827, "0.5": 0.5394344421136172, "0.0": 0.7730066076138058}, "Heuristic_synonyms": {"1.0": 0.6654101087064827, "0.5": 0.5394344421136172, "0.0": 0.7730066076138058}, "Heuristic_exact": {"1.0": 0.5767431296843062, "0.5": 0.5292848694640446, "0.0": 0.7730066076138058}, "gold_standard": 1.0}, "bird_student_club": {"GPT3_5": {}, "Llama3_not_finetuned": {"1.0": 0.7288861106874063, "0.5": 0.7184199309462616, "0.0": 0.8892969051079881}, "Llama3_finetuned": {"1.0": 0.7879127997238027, "0.5": 0.8224569362498003, "0.0": 0.9142026862347925}, "Heuristic_fuzzy": {"1.0": 0.9732142857142857, "0.5": 1.0, "0.0": 1.0}, "Heuristic_synonyms": {"1.0": 0.9154761904761904, "0.5": 0.9425604452307239, "0.0": 0.9754551820728291}, "Heuristic_exact": {"1.0": 0.6809020099267777, "0.5": 0.730240500758708, "0.0": 1.0}, "gold_standard": 1.0}, "bird_toxicology": {"GPT3_5": {}, "Llama3_not_finetuned": {"1.0": 0.5251347763073384, "0.5": 0.6225132985983934, "0.0": 0.6522656831177793}, "Llama3_finetuned": {"1.0": 0.8510830511808984, "0.5": 0.7878235563070857, "0.0": 0.891904104637024}, "Heuristic_fuzzy": {"1.0": 0.9305555555555556, "0.5": 0.9210526315789473, "0.0": 1.0}, "Heuristic_synonyms": {"1.0": 0.875, "0.5": 0.8516081871345029, "0.0": 0.9305555555555556}, "Heuristic_exact": {"1.0": 0.7124966227625802, "0.5": 0.6842105263157895, "0.0": 1.0}, "gold_standard": 1.0}, "wikidb_paz-domain-superfamily": {"GPT3_5": {}, "Llama3_not_finetuned": {"1.0": 0.3670011582283853, "0.5": 0.5258461025039409, "0.0": 0.6086393127856159}, "Llama3_finetuned": {"1.0": 0.4980419446212287, "0.5": 0.569602820859753, "0.0": 0.689418235988785}, "Heuristic_fuzzy": {"1.0": 0.5119658495789136, "0.5": 0.615052379658291, "0.0": 0.7354088317423739}, "Heuristic_synonyms": {"1.0": 0.5119658495789136, "0.5": 0.615052379658291, "0.0": 0.7354088317423739}, "Heuristic_exact": {"1.0": 0.4477222557275632, "0.5": 0.5640419972857044, "0.0": 0.7708469622443836}, "gold_standard": 1.0}, "wikidb_rsga-gtpase-domain-protein-family": {"GPT3_5": {}, "Llama3_not_finetuned": {"1.0": 0.6153099623969717, "0.5": 0.48665666387697465, "0.0": 0.7523001594470627}, "Llama3_finetuned": {"1.0": 0.6643262962493491, "0.5": 0.6473555646498382, "0.0": 0.8860786813023304}, "Heuristic_fuzzy": {"1.0": 0.7286575431736723, "0.5": 0.8201631959943131, "0.0": 0.906590432044061}, "Heuristic_synonyms": {"1.0": 0.7286575431736723, "0.5": 0.8201631959943131, "0.0": 0.906590432044061}, "Heuristic_exact": {"1.0": 0.7362890213441244, "0.5": 0.5972891993676904, "0.0": 0.906590432044061}, "gold_standard": 1.0}, "spider_chinook_1": {"GPT3_5": {}, "Llama3_not_finetuned": {"1.0": 0.7694199555836719, "0.5": 0.7789845077655406, "0.0": 0.8446946632953763}, "Llama3_finetuned": {"1.0": 0.8014081266627596, "0.5": 0.5977290826622377, "0.0": 0.8521461483896985}, "Heuristic_fuzzy": {"1.0": 0.7899951276550017, "0.5": 0.788425188355437, "0.0": 0.9508417508417509}, "Heuristic_synonyms": {"1.0": 0.7189567253759578, "0.5": 0.7736427560031973, "0.0": 0.9444844717571992}, "Heuristic_exact": {"1.0": 0.8608544142857867, "0.5": 0.7668761422772118, "0.0": 1.0}, "gold_standard": 1.0}, "spider_swimming": {"GPT3_5": {}, "Llama3_not_finetuned": {"1.0": 0.7973434797051253, "0.5": 0.73880608131697, "0.0": 0.6563269481073422}, "Llama3_finetuned": {"1.0": 0.6385055056393729, "0.5": 0.8501390697365929, "0.0": 0.9233222917433445}, "Heuristic_fuzzy": {"1.0": 0.8505975132821724, "0.5": 0.944949494949495, "0.0": 1.0}, "Heuristic_synonyms": {"1.0": 0.7554739558511305, "0.5": 0.944949494949495, "0.0": 1.0}, "Heuristic_exact": {"1.0": 0.7276068960279487, "0.5": 0.8172619047619047, "0.0": 1.0}, "gold_standard": 1.0}, "spider_company_office": {"GPT3_5": {}, "Llama3_not_finetuned": {"1.0": 0.8521522970162813, "0.5": 0.8063616524112976, "0.0": 0.9140576698231122}, "Llama3_finetuned": {"1.0": 0.8723938896352691, "0.5": 0.947014830922877, "0.0": 1.0}, "Heuristic_fuzzy": {"1.0": 1.0, "0.5": 0.9066666666666667, "0.0": 1.0}, "Heuristic_synonyms": {"1.0": 1.0, "0.5": 0.9066666666666667, "0.0": 1.0}, "Heuristic_exact": {"1.0": 0.839262187088274, "0.5": 0.7818459191456903, "0.0": 1.0}, "gold_standard": 1.0}, "spider_theme_gallery": {"GPT3_5": {}, "Llama3_not_finetuned": {"1.0": 0.6611905798095057, "0.5": 0.6764467169111131, "0.0": 0.7692237874846571}, "Llama3_finetuned": {"1.0": 0.9188589743589745, "0.5": 0.8771326164874552, "0.0": 0.9189475399152819}, "Heuristic_fuzzy": {"1.0": 0.9445, "0.5": 0.9445, "0.0": 0.9445}, "Heuristic_synonyms": {"1.0": 1.0, "0.5": 0.9445, "0.0": 0.9445}, "Heuristic_exact": {"1.0": 0.9199677938808374, "0.5": 0.6751727804359383, "0.0": 1.0}, "gold_standard": 1.0}, "bird_thrombosis_prediction": {"GPT3_5": {}, "Llama3_not_finetuned": {"1.0": 0.6960094253570429, "0.5": 0.6379177065515952, "0.0": 0.7899774350967884}, "Llama3_finetuned": {"1.0": 0.7382527277289505, "0.5": 0.8448841404839825, "0.0": 0.8354931011371098}, "Heuristic_fuzzy": {"1.0": 1.0, "0.5": 0.9346451161627282, "0.0": 1.0}, "Heuristic_synonyms": {"1.0": 1.0, "0.5": 0.9346451161627282, "0.0": 1.0}, "Heuristic_exact": {"1.0": 0.5451115544040386, "0.5": 0.7092681667499088, "0.0": 1.0}, "gold_standard": 1.0}, "bird_debit_card_specializing": {"GPT3_5": {}, "Llama3_not_finetuned": {"1.0": 0.796618828038741, "0.5": 0.8945076693122059, "0.0": 0.8801545032312351}, "Llama3_finetuned": {"1.0": 0.7496561766449642, "0.5": 0.9897435897435898, "0.0": 0.9261679190588932}, "Heuristic_fuzzy": {"1.0": 0.8277777777777777, "0.5": 0.7738683309761353, "0.0": 0.9277777777777778}, "Heuristic_synonyms": {"1.0": 0.774074074074074, "0.5": 0.7273686282552343, "0.0": 0.9037037037037037}, "Heuristic_exact": {"1.0": 0.840485829959514, "0.5": 0.6897225873866586, "0.0": 1.0}, "gold_standard": 1.0}, "bird_card_games": {"GPT3_5": {}, "Llama3_not_finetuned": {"1.0": 0.34218010277206723, "0.5": 0.4679757588625172, "0.0": 0.67752443318435}, "Llama3_finetuned": {"1.0": 0.5501583018511775, "0.5": 0.6590202552845058, "0.0": 0.7919419302031079}, "Heuristic_fuzzy": {"1.0": 0.8444453373334762, "0.5": 0.9047619047619048, "0.0": 0.9047619047619048}, "Heuristic_synonyms": {"1.0": 0.7076754385964913, "0.5": 0.8407477025898078, "0.0": 0.9047619047619048}, "Heuristic_exact": {"1.0": 0.47131128508887166, "0.5": 0.7026318381029351, "0.0": 1.0}, "gold_standard": 1.0}, "bird_codebase_community": {"GPT3_5": {}, "Llama3_not_finetuned": {"1.0": 0.6206047002818954, "0.5": 0.7198859745172793, "0.0": 0.832811517866665}, "Llama3_finetuned": {"1.0": 0.5483345451023585, "0.5": 0.6761060947948203, "0.0": 0.8631944444444444}, "Heuristic_fuzzy": {"1.0": 0.5774582613443858, "0.5": 0.7162188852813853, "0.0": 0.8707510964912281}, "Heuristic_synonyms": {"1.0": 0.5385315292426912, "0.5": 0.7007588519815829, "0.0": 0.8615497076023391}, "Heuristic_exact": {"1.0": 0.8001189612402848, "0.5": 0.787128273512202, "0.0": 1.0}, "gold_standard": 1.0}, "bird_formula_1": {"GPT3_5": {}, "Llama3_not_finetuned": {"1.0": 0.5564430223481724, "0.5": 0.5197354250188259, "0.0": 0.7796735868576644}, "Llama3_finetuned": {"1.0": 0.6209265298806533, "0.5": 0.6801165499843757, "0.0": 0.8830704602682625},