{"wikidb_japans-top-100-waterfalls": {"GPT3_5": {}, "Llama3_not_finetuned": {"1.0_1.0": 0.3422007691965675}, "Llama3_finetuned": {"1.0_1.0": 0.33019621990210224}}, "wikidb_heaphy-sketchbook-no-2": {"GPT3_5": {}, "Llama3_not_finetuned": {"1.0_1.0": 0.5876332989336085}, "Llama3_finetuned": {"1.0_1.0": 0.2657522073156748}}, "bird_student_club": {"GPT3_5": {}, "Llama3_not_finetuned": {"1.0_1.0": 0.505828373015873}, "Llama3_finetuned": {"1.0_1.0": 0.4057126322751323}}, "bird_toxicology": {"GPT3_5": {}, "Llama3_not_finetuned": {"1.0_1.0": 0.6533333333333333}, "Llama3_finetuned": {"1.0_1.0": 0.8616666666666667}}, "wikidb_paz-domain-superfamily": {"GPT3_5": {}, "Llama3_not_finetuned": {"1.0_1.0": 0.3220006184291898}, "Llama3_finetuned": {"1.0_1.0": 0.3832482993197278}}, "wikidb_rsga-gtpase-domain-protein-family": {"GPT3_5": {}, "Llama3_not_finetuned": {"1.0_1.0": 0.40724553224553234}, "Llama3_finetuned": {"1.0_1.0": 0.588781168326623}}, "spider_chinook_1": {"GPT3_5": {}, "Llama3_not_finetuned": {"1.0_1.0": 0.7592419925753259}, "Llama3_finetuned": {"1.0_1.0": 0.6294051627384961}}, "spider_swimming": {"GPT3_5": {}, "Llama3_not_finetuned": {"1.0_1.0": 0.6590034965034965}, "Llama3_finetuned": {"1.0_1.0": 0.4426136363636364}}, "spider_company_office": {"GPT3_5": {}, "Llama3_not_finetuned": {"1.0_1.0": 0.6041666666666666}, "Llama3_finetuned": {"1.0_1.0": 0.46600877192982465}}, "spider_theme_gallery": {"GPT3_5": {}, "Llama3_not_finetuned": {"1.0_1.0": 0.8517704517704517}, "Llama3_finetuned": {"1.0_1.0": 0.3652014652014652}}, "bird_thrombosis_prediction": {"GPT3_5": {}, "Llama3_not_finetuned": {"1.0_1.0": 0.6430261657534385}, "Llama3_finetuned": {"1.0_1.0": 0.360210496574133}}, "bird_debit_card_specializing": {"GPT3_5": {}, "Llama3_not_finetuned": {"1.0_1.0": 0.6491666666666667}, "Llama3_finetuned": {"1.0_1.0": 0.7197222222222222}}, "bird_card_games": {"GPT3_5": {}, "Llama3_not_finetuned": {"1.0_1.0": 0.42310823943477}, "Llama3_finetuned": {"1.0_1.0": 0.5975330286554776}}, "bird_codebase_community": {"GPT3_5": {}, "Llama3_not_finetuned": {"1.0_1.0": 0.6311791383219955}, "Llama3_finetuned": {"1.0_1.0": 0.7289965986394558}}, "bird_formula_1": {"GPT3_5": {}, "Llama3_not_finetuned": {"1.0_1.0": 0.6534798534798535}, "Llama3_finetuned": {"1.0_1.0": 0.612619919762777}}, "spider_candidate_poll": {"GPT3_5": {}, "Llama3_not_finetuned": {"1.0_1.0": 0.7002314814814814}, "Llama3_finetuned": {"1.0_1.0": 0.3101851851851852}}, "spider_decoration_competition": {"GPT3_5": {}, "Llama3_not_finetuned": {"1.0_1.0": 0.6138888888888888}, "Llama3_finetuned": {"1.0_1.0": 0.6055555555555555}}, "wikidb_peptidase-u32-collagenase-family": {"GPT3_5": {}, "Llama3_not_finetuned": {"1.0_1.0": 0.5048016934046347}, "Llama3_finetuned": {"1.0_1.0": 0.40330436720142604}}, "spider_entrepreneur": {"GPT3_5": {}, "Llama3_not_finetuned": {"1.0_1.0": 0.575}, "Llama3_finetuned": {"1.0_1.0": 0.6791666666666667}}, "spider_soccer_2": {"GPT3_5": {}, "Llama3_not_finetuned": {"1.0_1.0": 0.25}, "Llama3_finetuned": {"1.0_1.0": 0.24999999999999997}}, "wikidb_tammerkoski": {"GPT3_5": {}, "Llama3_not_finetuned": {"1.0_1.0": 0.48061497326203206}, "Llama3_finetuned": {"1.0_1.0": 0.4838569518716578}}, "bird_superhero": {"GPT3_5": {}, "Llama3_not_finetuned": {"1.0_1.0": 0.5033333333333333}, "Llama3_finetuned": {"1.0_1.0": 0.5083333333333333}}, "wikidb_novelette": {"GPT3_5": {}, "Llama3_not_finetuned": {"1.0_1.0": 0.3460416666666667}, "Llama3_finetuned": {"1.0_1.0": 0.17983333333333335}}, "bird_california_schools": {"GPT3_5": {}, "Llama3_not_finetuned": {"1.0_1.0": 0.5811340970319923}, "Llama3_finetuned": {"1.0_1.0": 0.629419393861848}}, "wikidb_chemotaxis-methyl-accepting-receptor-tar-related-ligand-binding-domain-protein-family": {"GPT3_5": {}, "Llama3_not_finetuned": {"1.0_1.0": 0.5719505662687481}, "Llama3_finetuned": {"1.0_1.0": 0.5681626874808693}}, "wikidb_alpha-defensins": {"GPT3_5": {}, "Llama3_not_finetuned": {"1.0_1.0": 0.49572649572649585}, "Llama3_finetuned": {"1.0_1.0": 0.08846153846153848}}, "wikidb_burial-vault": {"GPT3_5": {}, "Llama3_not_finetuned": {"1.0_1.0": 0.1059170653907496}, "Llama3_finetuned": {"1.0_1.0": 0.06833333333333333}}, "bird_financial": {"GPT3_5": {}, "Llama3_not_finetuned": {"1.0_1.0": 0.6856956845238096}, "Llama3_finetuned": {"1.0_1.0": 0.5668712797619048}}, "bird_european_football_2": {"GPT3_5": {}, "Llama3_not_finetuned": {"1.0_1.0": 0.3210540184453228}, "Llama3_finetuned": {"1.0_1.0": 0.5791725340616202}}, "spider_workshop_paper": {"GPT3_5": {}, "Llama3_not_finetuned": {"1.0_1.0": 0.7203703703703704}, "Llama3_finetuned": {"1.0_1.0": 0.6185185185185186}}}