{"bird_debit_card_specializing": {"Llama3_finetuned": {"1.0_1.0": 0.0}, "GPT3_5": {}, "Llama3_not_finetuned": {"1.0_1.0": 0.661563255439162}, "gold_standard": 0.0}, "bird_toxicology": {"Llama3_finetuned": {"1.0_1.0": 0.560702875399361}, "GPT3_5": {}, "Llama3_not_finetuned": {"1.0_1.0": 0.5233968804159446}, "gold_standard": 0.0}, "bird_card_games": {"Llama3_finetuned": {"1.0_1.0": 0.8401990599944705}, "GPT3_5": {}, "Llama3_not_finetuned": {"1.0_1.0": 0.8970835918801525}, "gold_standard": 0.24429771908763506}, "wikidb_japans-top-100-waterfalls": {"Llama3_finetuned": {"1.0_1.0": 0.0011730205278592375}, "GPT3_5": {}, "Llama3_not_finetuned": {"1.0_1.0": 0.8006261993738006}, "gold_standard": 0.004221388367729831}, "spider_company_office": {"Llama3_finetuned": {"1.0_1.0": 0.0}, "GPT3_5": {}, "Llama3_not_finetuned": {"1.0_1.0": 0.5866261398176292}, "gold_standard": 0.0}, "wikidb_rsga-gtpase-domain-protein-family": {"Llama3_finetuned": {"1.0_1.0": 0.4687819856704197}, "GPT3_5": {}, "Llama3_not_finetuned": {"1.0_1.0": 0.7084269662921349}, "gold_standard": 0.0}, "spider_workshop_paper": {"Llama3_finetuned": {"1.0_1.0": 0.0}, "GPT3_5": {}, "Llama3_not_finetuned": {"1.0_1.0": 0.4533333333333333}, "gold_standard": 0.0}, "spider_chinook_1": {"Llama3_finetuned": {"1.0_1.0": 0.0}, "GPT3_5": {}, "Llama3_not_finetuned": {"1.0_1.0": 0.7746417716022579}, "gold_standard": 0.06148282097649186}, "bird_california_schools": {"Llama3_finetuned": {"1.0_1.0": 0.7920693704272423}, "GPT3_5": {}, "Llama3_not_finetuned": {"1.0_1.0": 0.8737606328222355}, "gold_standard": 0.20667347633639768}, "wikidb_paz-domain-superfamily": {"Llama3_finetuned": {"1.0_1.0": 0.5991316931982634}, "GPT3_5": {}, "Llama3_not_finetuned": {"1.0_1.0": 0.8258226786837141}, "gold_standard": 0.0}, "wikidb_peptidase-u32-collagenase-family": {"Llama3_finetuned": {"1.0_1.0": 0.45493358633776093}, "GPT3_5": {}, "Llama3_not_finetuned": {"1.0_1.0": 0.8112680683311432}, "gold_standard": 0.0}, "wikidb_alpha-defensins": {"Llama3_finetuned": {"1.0_1.0": 0.0}, "GPT3_5": {}, "Llama3_not_finetuned": {"1.0_1.0": 0.7149587750294464}, "gold_standard": 0.0}, "wikidb_heaphy-sketchbook-no-2": {"Llama3_finetuned": {"1.0_1.0": 0.0}, "GPT3_5": {}, "Llama3_not_finetuned": {"1.0_1.0": 0.6091846298031866}, "gold_standard": 0.0}, "bird_european_football_2": {"Llama3_finetuned": {"1.0_1.0": 0.0}, "GPT3_5": {}, "Llama3_not_finetuned": {"1.0_1.0": 0.8106597464816848}, "gold_standard": 0.1111512089498376}, "wikidb_novelette": {"Llama3_finetuned": {"1.0_1.0": 0.35676532769556024}, "GPT3_5": {}, "Llama3_not_finetuned": {"1.0_1.0": 0.9264296941119574}, "gold_standard": 0.01337295690936107}, "wikidb_tammerkoski": {"Llama3_finetuned": {"1.0_1.0": 0.0}, "GPT3_5": {}, "Llama3_not_finetuned": {"1.0_1.0": 0.6358635863586358}, "gold_standard": 0.0}, "bird_student_club": {"Llama3_finetuned": {"1.0_1.0": 0.0}, "GPT3_5": {}, "Llama3_not_finetuned": {"1.0_1.0": 0.6811677160847167}, "gold_standard": 0.03298611111111111}, "wikidb_chemotaxis-methyl-accepting-receptor-tar-related-ligand-binding-domain-protein-family": {"Llama3_finetuned": {"1.0_1.0": 0.7432694976408548}, "GPT3_5": {}, "Llama3_not_finetuned": {"1.0_1.0": 0.8846777209824211}, "gold_standard": 0.0}, "spider_entrepreneur": {"Llama3_finetuned": {"1.0_1.0": 0.0}, "GPT3_5": {}, "Llama3_not_finetuned": {"1.0_1.0": 0.47761194029850745}, "gold_standard": 0.0}, "spider_candidate_poll": {"Llama3_finetuned": {"1.0_1.0": 0.0}, "GPT3_5": {}, "Llama3_not_finetuned": {"1.0_1.0": 0.23880597014925373}, "gold_standard": 0.0}, "bird_codebase_community": {"Llama3_finetuned": {"1.0_1.0": 0.3706896551724138}, "GPT3_5": {}, "Llama3_not_finetuned": {"1.0_1.0": 0.6240988671472708}, "gold_standard": 0.24748490945674045}, "spider_decoration_competition": {"Llama3_finetuned": {"1.0_1.0": 0.0}, "GPT3_5": {}, "Llama3_not_finetuned": {"1.0_1.0": 0.43243243243243246}, "gold_standard": 0.0}, "bird_formula_1": {"Llama3_finetuned": {"1.0_1.0": 0.0}, "GPT3_5": {}, "Llama3_not_finetuned": {"1.0_1.0": 0.776176024279211}, "gold_standard": 0.1033434650455927}, "bird_thrombosis_prediction": {"Llama3_finetuned": {"1.0_1.0": 0.3472987872105843}, "GPT3_5": {}, "Llama3_not_finetuned": {"1.0_1.0": 0.7458682120626744}, "gold_standard": 0.4393939393939394}, "spider_theme_gallery": {"Llama3_finetuned": {"1.0_1.0": 0.0}, "GPT3_5": {}, "Llama3_not_finetuned": {"1.0_1.0": 0.4222222222222222}, "gold_standard": 0.0}, "bird_financial": {"Llama3_finetuned": {"1.0_1.0": 0.0}, "GPT3_5": {}, "Llama3_not_finetuned": {"1.0_1.0": 0.8333775537277792}, "gold_standard": 0.048484848484848485}, "wikidb_burial-vault": {"Llama3_finetuned": {"1.0_1.0": 0.09185441941074524}, "GPT3_5": {}, "Llama3_not_finetuned": {"1.0_1.0": 0.4571092831962397}, "gold_standard": 0.003305785123966942}, "bird_superhero": {"Llama3_finetuned": {"1.0_1.0": 0.0}, "GPT3_5": {}, "Llama3_not_finetuned": {"1.0_1.0": 0.8196159122085048}, "gold_standard": 0.0036231884057971015}, "spider_swimming": {"Llama3_finetuned": {"1.0_1.0": 0.5419222903885481}, "GPT3_5": {}, "Llama3_not_finetuned": {"1.0_1.0": 0.7422324510932106}, "gold_standard": 0.0}, "spider_soccer_2": {"Llama3_finetuned": {"1.0_1.0": 0.0}, "GPT3_5": {}, "Llama3_not_finetuned": {"1.0_1.0": 0.3023255813953488}, "gold_standard": 0.0}}