{"wikidb_japans-top-100-waterfalls": {"GPT3_5": {}, "Llama3_not_finetuned": {"1.0_1.0": 0.3422007691965675}, "Llama3_finetuned": {"1.0_1.0": 0.07421150278293133}}, "wikidb_heaphy-sketchbook-no-2": {"GPT3_5": {}, "Llama3_not_finetuned": {"1.0_1.0": 0.5876332989336085}, "Llama3_finetuned": {"1.0_1.0": 0.054093567251461985}}, "bird_student_club": {"GPT3_5": {}, "Llama3_not_finetuned": {"1.0_1.0": 0.505828373015873}, "Llama3_finetuned": {"1.0_1.0": 0.07291666666666666}}, "bird_toxicology": {"GPT3_5": {}, "Llama3_not_finetuned": {"1.0_1.0": 0.6533333333333333}, "Llama3_finetuned": {"1.0_1.0": 0.5666666666666667}}, "wikidb_paz-domain-superfamily": {"GPT3_5": {}, "Llama3_not_finetuned": {"1.0_1.0": 0.3220006184291898}, "Llama3_finetuned": {"1.0_1.0": 0.21451762523191092}}, "wikidb_rsga-gtpase-domain-protein-family": {"GPT3_5": {}, "Llama3_not_finetuned": {"1.0_1.0": 0.40724553224553234}, "Llama3_finetuned": {"1.0_1.0": 0.3244066539521085}}, "spider_chinook_1": {"GPT3_5": {}, "Llama3_not_finetuned": {"1.0_1.0": 0.7592419925753259}, "Llama3_finetuned": {"1.0_1.0": 0.11035353535353537}}, "spider_swimming": {"GPT3_5": {}, "Llama3_not_finetuned": {"1.0_1.0": 0.6590034965034965}, "Llama3_finetuned": {"1.0_1.0": 0.5266754079254079}}, "spider_company_office": {"GPT3_5": {}, "Llama3_not_finetuned": {"1.0_1.0": 0.6041666666666666}, "Llama3_finetuned": {"1.0_1.0": 0.06615497076023391}}, "spider_theme_gallery": {"GPT3_5": {}, "Llama3_not_finetuned": {"1.0_1.0": 0.8517704517704517}, "Llama3_finetuned": {"1.0_1.0": 0.12881562881562883}}, "bird_thrombosis_prediction": {"GPT3_5": {}, "Llama3_not_finetuned": {"1.0_1.0": 0.6430261657534385}, "Llama3_finetuned": {"1.0_1.0": 0.18750946023673296}}, "bird_debit_card_specializing": {"GPT3_5": {}, "Llama3_not_finetuned": {"1.0_1.0": 0.6491666666666667}, "Llama3_finetuned": {"1.0_1.0": 0.05}}, "bird_card_games": {"GPT3_5": {}, "Llama3_not_finetuned": {"1.0_1.0": 0.42310823943477}, "Llama3_finetuned": {"1.0_1.0": 0.4035717568880834}}, "bird_codebase_community": {"GPT3_5": {}, "Llama3_not_finetuned": {"1.0_1.0": 0.6311791383219955}, "Llama3_finetuned": {"1.0_1.0": 0.29285714285714287}}, "bird_formula_1": {"GPT3_5": {}, "Llama3_not_finetuned": {"1.0_1.0": 0.6534798534798535}, "Llama3_finetuned": {"1.0_1.0": 0.12087912087912084}}, "spider_candidate_poll": {"GPT3_5": {}, "Llama3_not_finetuned": {"1.0_1.0": 0.7002314814814814}, "Llama3_finetuned": {"1.0_1.0": 0.1388888888888889}}, "spider_decoration_competition": {"GPT3_5": {}, "Llama3_not_finetuned": {"1.0_1.0": 0.6138888888888888}, "Llama3_finetuned": {"1.0_1.0": 0.15555555555555556}}, "wikidb_peptidase-u32-collagenase-family": {"GPT3_5": {}, "Llama3_not_finetuned": {"1.0_1.0": 0.5048016934046347}, "Llama3_finetuned": {"1.0_1.0": 0.2724242424242424}}, "spider_entrepreneur": {"GPT3_5": {}, "Llama3_not_finetuned": {"1.0_1.0": 0.575}, "Llama3_finetuned": {"1.0_1.0": 0.14583333333333331}}, "spider_soccer_2": {"GPT3_5": {}, "Llama3_not_finetuned": {"1.0_1.0": 0.25}, "Llama3_finetuned": {"1.0_1.0": 0.19444444444444442}}, "wikidb_tammerkoski": {"GPT3_5": {}, "Llama3_not_finetuned": {"1.0_1.0": 0.48061497326203206}, "Llama3_finetuned": {"1.0_1.0": 0.08125}}, "bird_superhero": {"GPT3_5": {}, "Llama3_not_finetuned": {"1.0_1.0": 0.5033333333333333}, "Llama3_finetuned": {"1.0_1.0": 0.14500000000000002}}, "wikidb_novelette": {"GPT3_5": {}, "Llama3_not_finetuned": {"1.0_1.0": 0.3460416666666667}, "Llama3_finetuned": {"1.0_1.0": 0.1165}}, "bird_california_schools": {"GPT3_5": {}, "Llama3_not_finetuned": {"1.0_1.0": 0.5811340970319923}, "Llama3_finetuned": {"1.0_1.0": 0.47123787293961944}}, "wikidb_chemotaxis-methyl-accepting-receptor-tar-related-ligand-binding-domain-protein-family": {"GPT3_5": {}, "Llama3_not_finetuned": {"1.0_1.0": 0.5719505662687481}, "Llama3_finetuned": {"1.0_1.0": 0.4067760942760943}}, "wikidb_alpha-defensins": {"GPT3_5": {}, "Llama3_not_finetuned": {"1.0_1.0": 0.49572649572649585}, "Llama3_finetuned": {"1.0_1.0": 0.08846153846153848}}, "wikidb_burial-vault": {"GPT3_5": {}, "Llama3_not_finetuned": {"1.0_1.0": 0.1059170653907496}, "Llama3_finetuned": {"1.0_1.0": 0.04272727272727273}}, "bird_financial": {"GPT3_5": {}, "Llama3_not_finetuned": {"1.0_1.0": 0.6856956845238096}, "Llama3_finetuned": {"1.0_1.0": 0.08333333333333334}}, "bird_european_football_2": {"GPT3_5": {}, "Llama3_not_finetuned": {"1.0_1.0": 0.3210540184453228}, "Llama3_finetuned": {"1.0_1.0": 0.07699443413729126}}, "spider_workshop_paper": {"GPT3_5": {}, "Llama3_not_finetuned": {"1.0_1.0": 0.7203703703703704}, "Llama3_finetuned": {"1.0_1.0": 0.16296296296296295}}}