{"wikidb_japans-top-100-waterfalls": {"GPT3_5": {}, "Llama3_not_finetuned": {"1.0": 0.22557750537644305, "0.5": 0.20830858998999266, "0.0": 0.2775062742530309}, "Llama3_finetuned": {"1.0": 0.2551216609585958, "0.5": 0.29481678009975004, "0.0": 0.3454909625209189}, "Heuristic_fuzzy": {"1.0": 0.20700076319616856, "0.5": 0.3801559537815609, "0.0": 0.518445068246456}, "Heuristic_synonyms": {"1.0": 0.1878371484750653, "0.5": 0.32345921129120747, "0.0": 0.4811304039744976}, "Heuristic_exact": {"1.0": 0.3630429219488174, "0.5": 0.3750998980770129, "0.0": 0.5528965814660566}, "gold_standard": 1.0}, "wikidb_heaphy-sketchbook-no-2": {"GPT3_5": {}, "Llama3_not_finetuned": {"1.0": 0.6366887535000867, "0.5": 0.6455199661724892, "0.0": 0.6481922161334693}, "Llama3_finetuned": {"1.0": 0.573420403668927, "0.5": 0.6878316250742722, "0.0": 0.773201539387685}, "Heuristic_fuzzy": {"1.0": 0.6613633040638488, "0.5": 0.5395245931165471, "0.0": 0.773201539387685}, "Heuristic_synonyms": {"1.0": 0.6613633040638488, "0.5": 0.5395245931165471, "0.0": 0.773201539387685}, "Heuristic_exact": {"1.0": 0.5769369369369369, "0.5": 0.5293750204669745, "0.0": 0.773201539387685}, "gold_standard": 1.0}, "bird_student_club": {"GPT3_5": {}, "Llama3_not_finetuned": {"1.0": 0.7171078176754109, "0.5": 0.7075021089095697, "0.0": 0.9020732111207661}, "Llama3_finetuned": {"1.0": 0.798824080369831, "0.5": 0.8444475925168144, "0.0": 0.9207249421507733}, "Heuristic_fuzzy": {"1.0": 0.96875, "0.5": 1.0, "0.0": 1.0}, "Heuristic_synonyms": {"1.0": 0.9375, "0.5": 0.9419477001326846, "0.0": 0.9748424369747899}, "Heuristic_exact": {"1.0": 0.680875902992776, "0.5": 0.7302019205117944, "0.0": 1.0}, "gold_standard": 1.0}, "bird_toxicology": {"GPT3_5": {}, "Llama3_not_finetuned": {"1.0": 0.5251347763073384, "0.5": 0.6225132985983934, "0.0": 0.6522656831177793}, "Llama3_finetuned": {"1.0": 0.8510830511808984, "0.5": 0.7878235563070857, "0.0": 0.891904104637024}, "Heuristic_fuzzy": {"1.0": 0.9305555555555556, "0.5": 0.9210526315789473, "0.0": 1.0}, "Heuristic_synonyms": {"1.0": 0.875, "0.5": 0.8516081871345029, "0.0": 0.9305555555555556}, "Heuristic_exact": {"1.0": 0.7124966227625802, "0.5": 0.6842105263157895, "0.0": 1.0}, "gold_standard": 1.0}, "wikidb_paz-domain-superfamily": {"GPT3_5": {}, "Llama3_not_finetuned": {"1.0": 0.3670011582283853, "0.5": 0.5258461025039409, "0.0": 0.6086393127856159}, "Llama3_finetuned": {"1.0": 0.4980419446212287, "0.5": 0.569602820859753, "0.0": 0.689418235988785}, "Heuristic_fuzzy": {"1.0": 0.5119658495789136, "0.5": 0.615052379658291, "0.0": 0.7354088317423739}, "Heuristic_synonyms": {"1.0": 0.5119658495789136, "0.5": 0.615052379658291, "0.0": 0.7354088317423739}, "Heuristic_exact": {"1.0": 0.4477222557275632, "0.5": 0.5640419972857044, "0.0": 0.7708469622443836}, "gold_standard": 1.0}, "wikidb_rsga-gtpase-domain-protein-family": {"GPT3_5": {}, "Llama3_not_finetuned": {"1.0": 0.6153099623969717, "0.5": 0.48665666387697465, "0.0": 0.7523001594470627}, "Llama3_finetuned": {"1.0": 0.6643262962493491, "0.5": 0.6473555646498382, "0.0": 0.8860786813023304}, "Heuristic_fuzzy": {"1.0": 0.7286575431736723, "0.5": 0.8201631959943131, "0.0": 0.906590432044061}, "Heuristic_synonyms": {"1.0": 0.7286575431736723, "0.5": 0.8201631959943131, "0.0": 0.906590432044061}, "Heuristic_exact": {"1.0": 0.7362890213441244, "0.5": 0.5972891993676904, "0.0": 0.906590432044061}, "gold_standard": 1.0}, "spider_chinook_1": {"GPT3_5": {}, "Llama3_not_finetuned": {"1.0": 0.7524249687930635, "0.5": 0.759226556003576, "0.0": 0.8294492725865275}, "Llama3_finetuned": {"1.0": 0.8213207683363678, "0.5": 0.5503442031219808, "0.0": 0.8197994987468671}, "Heuristic_fuzzy": {"1.0": 0.7350651167399533, "0.5": 0.791842238603775, "0.0": 1.0}, "Heuristic_synonyms": {"1.0": 0.7133366684755573, "0.5": 0.765354978622151, "0.0": 0.9905033238366572}, "Heuristic_exact": {"1.0": 0.8996097584332878, "0.5": 0.7673448011683307, "0.0": 1.0}, "gold_standard": 1.0}, "spider_swimming": {"GPT3_5": {}, "Llama3_not_finetuned": {"1.0": 0.8249532552357629, "0.5": 0.7620449131478544, "0.0": 0.6433642118651606}, "Llama3_finetuned": {"1.0": 0.664228726185248, "0.5": 0.8501007924537336, "0.0": 0.9220272904483431}, "Heuristic_fuzzy": {"1.0": 0.9424242424242424, "0.5": 0.9469135802469135, "0.0": 1.0}, "Heuristic_synonyms": {"1.0": 0.8423041011276304, "0.5": 0.9469135802469135, "0.0": 1.0}, "Heuristic_exact": {"1.0": 0.7427944862155389, "0.5": 0.8351190476190476, "0.0": 1.0}, "gold_standard": 1.0}, "spider_company_office": {"GPT3_5": {}, "Llama3_not_finetuned": {"1.0": 0.8500062421043106, "0.5": 0.8426982011447207, "0.0": 0.9004378019323671}, "Llama3_finetuned": {"1.0": 0.9267676767676767, "0.5": 0.9864864864864865, "0.0": 1.0}, "Heuristic_fuzzy": {"1.0": 1.0, "0.5": 1.0, "0.0": 1.0}, "Heuristic_synonyms": {"1.0": 1.0, "0.5": 1.0, "0.0": 1.0}, "Heuristic_exact": {"1.0": 0.9545454545454546, "0.5": 0.868421052631579, "0.0": 1.0}, "gold_standard": 1.0}, "spider_theme_gallery": {"GPT3_5": {}, "Llama3_not_finetuned": {"1.0": 0.6150847203478782, "0.5": 0.7489898989898989, "0.0": 0.7702020202020202}, "Llama3_finetuned": {"1.0": 0.9743589743589743, "0.5": 0.9311111111111111, "0.0": 0.9696969696969697}, "Heuristic_fuzzy": {"1.0": 1.0, "0.5": 1.0, "0.0": 1.0}, "Heuristic_synonyms": {"1.0": 1.0, "0.5": 1.0, "0.0": 1.0}, "Heuristic_exact": {"1.0": 0.9722222222222222, "0.5": 0.6751727804359383, "0.0": 1.0}, "gold_standard": 1.0}, "bird_thrombosis_prediction": {"GPT3_5": {}, "Llama3_not_finetuned": {"1.0": 0.6654806376117756, "0.5": 0.6322616608667405, "0.0": 0.8046917938507061}, "Llama3_finetuned": {"1.0": 0.7164591810210644, "0.5": 0.8449342512842644, "0.0": 0.8319688444045427}, "Heuristic_fuzzy": {"1.0": 1.0, "0.5": 0.9364882795223353, "0.0": 1.0}, "Heuristic_synonyms": {"1.0": 1.0, "0.5": 0.9364882795223353, "0.0": 1.0}, "Heuristic_exact": {"1.0": 0.5921656916919867, "0.5": 0.7165412874209638, "0.0": 1.0}, "gold_standard": 1.0}, "bird_debit_card_specializing": {"GPT3_5": {}, "Llama3_not_finetuned": {"1.0": 0.8691795665634674, "0.5": 0.9047052265722343, "0.0": 0.8762809629532888}, "Llama3_finetuned": {"1.0": 0.7763730635823659, "0.5": 0.9897435897435898, "0.0": 0.9663255039378275}, "Heuristic_fuzzy": {"1.0": 0.9, "0.5": 0.7750797589507268, "0.0": 1.0}, "Heuristic_synonyms": {"1.0": 0.8333333333333334, "0.5": 0.7664776084130923, "0.0": 0.9333333333333332}, "Heuristic_exact": {"1.0": 0.840485829959514, "0.5": 0.6897225873866586, "0.0": 1.0}, "gold_standard": 1.0}, "bird_card_games": {"GPT3_5": {}, "Llama3_not_finetuned": {"1.0": 0.3476766612404208, "0.5": 0.46402542456371304, "0.0": 0.674480803083165}, "Llama3_finetuned": {"1.0": 0.5854779841418063, "0.5": 0.6765174172210602, "0.0": 0.7868386272619302}, "Heuristic_fuzzy": {"1.0": 0.8639547550286265, "0.5": 0.9047619047619048, "0.0": 0.9047619047619048}, "Heuristic_synonyms": {"1.0": 0.7530910609857978, "0.5": 0.8544973544973545, "0.0": 0.9047619047619048}, "Heuristic_exact": {"1.0": 0.47937691342336036, "0.5": 0.7060816273484952, "0.0": 1.0}, "gold_standard": 1.0}, "bird_codebase_community": {"GPT3_5": {}, "Llama3_not_finetuned": {"1.0": 0.5861451986559592, "0.5": 0.6919250288141265, "0.0": 0.8402940511869084}, "Llama3_finetuned": {"1.0": 0.5387612090290661, "0.5": 0.653989964284082, "0.0": 0.8749084249084249}, "Heuristic_fuzzy": {"1.0": 0.6575736961451247, "0.5": 0.7157209853638424, "0.0": 0.838015873015873}, "Heuristic_synonyms": {"1.0": 0.6724665101547865, "0.5": 0.7353486730660643, "0.0": 0.838015873015873}, "Heuristic_exact": {"1.0": 0.8198057894486466, "0.5": 0.7673790495219066, "0.0": 1.0}, "gold_standard": 1.0}, "bird_formula_1": {"GPT3_5": {}, "Llama3_not_finetuned": {"1.0": 0.5525497030084626, "0.5": 0.5805349478563765, "0.0": 0.7579537984748982}, "Llama3_finetuned": {"1.0": 0.6524282951979029, "0.5": 0.657974153397915, "0.0": 0.8795711233211233}, "Heuristic_fuzzy": {"1.0": 0.7721230158730158, "0.5": 0.8226270835645836, "0.0": 1.0}, "Heuristic_synonyms": {"1.0": 0.7214285714285715,