{"bird_debit_card_specializing": {"Llama3_finetuned": {"1.0_0.5": 0.514424411990809, "1.0_1.0": 0.48302556467375835, "0.5_1.0": 0.7229303733179059, "0.5_0.5": 0.769176299623316}, "GPT3_5": {"1.0_1.0": 0.38619462923987324, "0.5_0.5": 0.4692321366556508}, "GPT4o": {"1.0_1.0": 0.6080053626487609, "0.5_0.5": 0.8203622266618705}, "Llama3_not_finetuned": {"1.0_0.5": 0.49744068350301146, "1.0_1.0": 0.5727752805642766, "0.5_1.0": 0.6463905964397155, "0.5_0.5": 0.5804469809596815}, "GPT4o_mini": {"1.0_1.0": 0.5049563382070477, "0.5_0.5": 0.642859077595909}, "gold_standard": 1.0}, "bird_toxicology": {"Llama3_finetuned": {"1.0_0.5": 0.5969728007343248, "1.0_1.0": 0.38125876103062295, "0.5_1.0": 0.453434146523405, "0.5_0.5": 0.7006894633745016}, "GPT3_5": {}, "GPT4o": {"1.0_1.0": 0.4111381222799392, "0.5_0.5": 0.5757014698483003}, "Llama3_not_finetuned": {"1.0_0.5": 0.44195675078018926, "1.0_1.0": 0.36605389310613196, "0.5_1.0": 0.41169515943815893, "0.5_0.5": 0.5106833981133009}, "GPT4o_mini": {}, "gold_standard": 1.0}, "bird_card_games": {"Llama3_finetuned": {"1.0_0.5": 0.38650936684443765, "1.0_1.0": 0.34840437698004295, "0.5_1.0": 0.3385223588777247, "0.5_0.5": 0.4321623339651171}, "GPT3_5": {}, "GPT4o": {}, "Llama3_not_finetuned": {"1.0_0.5": 0.402793944682724, "1.0_1.0": 0.3381188108985301, "0.5_1.0": 0.37848978099565117, "0.5_0.5": 0.4738320665880177}, "GPT4o_mini": {}, "gold_standard": 1.0}, "wikidb_japans-top-100-waterfalls": {"Llama3_finetuned": {"1.0_0.5": 0.3118305450799143, "1.0_1.0": 0.2970187006176817, "0.5_1.0": 0.35820733045016173, "0.5_0.5": 0.3851787622133282}, "GPT3_5": {}, "GPT4o": {}, "Llama3_not_finetuned": {"1.0_0.5": 0.29417153874656293, "1.0_1.0": 0.27208615310153234, "0.5_1.0": 0.3741496391733174, "0.5_0.5": 0.33741174534378426}, "GPT4o_mini": {}, "gold_standard": 1.0}, "spider_company_office": {"Llama3_finetuned": {"1.0_0.5": 0.7058710382949097, "1.0_1.0": 0.5028448160972725, "0.5_1.0": 0.7657027172401575, "0.5_0.5": 0.8939139366117982}, "GPT3_5": {"1.0_1.0": 0.4487847531812134, "0.5_0.5": 0.43342936222322187}, "GPT4o": {"1.0_1.0": 0.7573289640841551, "0.5_0.5": 0.8629204632067194}, "Llama3_not_finetuned": {"1.0_0.5": 0.6403565166995308, "1.0_1.0": 0.6401170870986674, "0.5_1.0": 0.593150644481297, "0.5_0.5": 0.8062793798592347}, "GPT4o_mini": {"1.0_1.0": 0.6782464177068958, "0.5_0.5": 0.7639118304577242}, "gold_standard": 1.0}, "wikidb_rsga-gtpase-domain-protein-family": {"Llama3_finetuned": {"1.0_0.5": 0.5332678959564362, "1.0_1.0": 0.6764151143823606, "0.5_1.0": 0.48867904112934674, "0.5_0.5": 0.7395077534620146}, "GPT3_5": {}, "GPT4o": {"1.0_1.0": 0.8829904610157984, "0.5_0.5": 0.8089022687590578}, "Llama3_not_finetuned": {"1.0_0.5": 0.646035240515816, "1.0_1.0": 0.5545331459333638, "0.5_1.0": 0.5853578894719504, "0.5_0.5": 0.622096665847657}, "GPT4o_mini": {}, "gold_standard": 1.0}, "spider_workshop_paper": {"Llama3_finetuned": {"1.0_0.5": 0.6705437106752896, "1.0_1.0": 0.5056654311556272, "0.5_1.0": 0.7541666666666668, "0.5_0.5": 0.7142857142857143}, "GPT3_5": {}, "GPT4o": {"1.0_1.0": 0.6368646785313451, "0.5_0.5": 0.8837092731829573}, "Llama3_not_finetuned": {"1.0_0.5": 0.5356511544011543, "1.0_1.0": 0.6019534816748439, "0.5_1.0": 0.5328228101447916, "0.5_0.5": 0.6221916971916972}, "GPT4o_mini": {}, "gold_standard": 1.0}, "spider_chinook_1": {"Llama3_finetuned": {"1.0_0.5": 0.603148302462497, "1.0_1.0": 0.4158647103263516, "0.5_1.0": 0.4773111182784186, "0.5_0.5": 0.5407454916806809}, "GPT3_5": {}, "GPT4o": {"1.0_1.0": 0.5166574890050254, "0.5_0.5": 0.860987399244975}, "Llama3_not_finetuned": {"1.0_0.5": 0.5593738850371742, "1.0_1.0": 0.45987774575763213, "0.5_1.0": 0.4595983298262239, "0.5_0.5": 0.5884454301679182}, "GPT4o_mini": {}, "gold_standard": 1.0}, "bird_california_schools": {"Llama3_finetuned": {"1.0_0.5": 0.6328517884813206, "1.0_1.0": 0.4393817132158309, "0.5_1.0": 0.5119439431468858, "0.5_0.5": 0.5567514381520788}, "GPT3_5": {}, "GPT4o": {}, "Llama3_not_finetuned": {"1.0_0.5": 0.5971545548680675, "1.0_1.0": 0.49339496966379565, "0.5_1.0": 0.535437960939191, "0.5_0.5": 0.509905433521157}, "GPT4o_mini": {}, "gold_standard": 1.0}, "wikidb_paz-domain-superfamily": {"Llama3_finetuned": {"1.0_0.5": 0.43701488427988455, "1.0_1.0": 0.45828902021913664, "0.5_1.0": 0.6181716558934707, "0.5_0.5": 0.6181150134384931}, "GPT3_5": {}, "GPT4o": {"1.0_1.0": 0.7154363010480289, "0.5_0.5": 0.7371784375609531}, "Llama3_not_finetuned": {"1.0_0.5": 0.4314151256855645, "1.0_1.0": 0.413621953744941, "0.5_1.0": 0.5158248132007847, "0.5_0.5": 0.5128941212640347}, "GPT4o_mini": {}, "gold_standard": 1.0}, "wikidb_peptidase-u32-collagenase-family": {"Llama3_finetuned": {"1.0_0.5": 0.48087821064587627, "1.0_1.0": 0.435694333093316, "0.5_1.0": 0.42128442626794416, "0.5_0.5": 0.49940427232651496}, "GPT3_5": {}, "GPT4o": {"1.0_1.0": 0.6828083724908989, "0.5_0.5": 0.6751232113742601}, "Llama3_not_finetuned": {"1.0_0.5": 0.53374480154181, "1.0_1.0": 0.4582436158992628, "0.5_1.0": 0.45123960502800137, "0.5_0.5": 0.5068392171220907}, "GPT4o_mini": {}, "gold_standard": 1.0}, "wikidb_alpha-defensins": {"Llama3_finetuned": {"1.0_0.5": 0.3663905701186403, "1.0_1.0": 0.4045388247480015, "0.5_1.0": 0.398271813656429, "0.5_0.5": 0.5306954502772347}, "GPT3_5": {"1.0_1.0": 0.4559796712940729, "0.5_0.5": 0.42464404497652575}, "GPT4o": {"1.0_1.0": 0.7187915532084779, "0.5_0.5": 0.8123248701189878}, "Llama3_not_finetuned": {"1.0_0.5": 0.7001565651517475, "1.0_1.0": 0.6217688479288463, "0.5_1.0": 0.5606651820214574, "0.5_0.5": 0.6424338601651869}, "GPT4o_mini": {"1.0_1.0": 0.8711625666128291, "0.5_0.5": 0.5960044259234543}, "gold_standard": 1.0}, "wikidb_heaphy-sketchbook-no-2": {"Llama3_finetuned": {"1.0_0.5": 0.5550751002508041, "1.0_1.0": 0.5729769522465171, "0.5_1.0": 0.7196338737384824, "0.5_0.5": 0.8502999803256529}, "GPT3_5": {"1.0_1.0": 0.4196714700470153, "0.5_0.5": 0.5071454031488267}, "GPT4o": {"1.0_1.0": 0.6208552013664926, "0.5_0.5": 0.8347814782108125}, "Llama3_not_finetuned": {"1.0_0.5": 0.7535998702153663, "1.0_1.0": 0.6895790419868022, "0.5_1.0": 0.6258085680164608, "0.5_0.5": 0.6766434406374724}, "GPT4o_mini": {"1.0_1.0": 0.6482622230540923, "0.5_0.5": 0.5763112296283033}, "gold_standard": 1.0}, "bird_european_football_2": {"Llama3_finetuned": {"1.0_0.5": 0.4490512513878932, "1.0_1.0": 0.35585608081254233, "0.5_1.0": 0.170985091634708, "0.5_0.5": 0.15757622217834127}, "GPT3_5": {}, "GPT4o": {}, "Llama3_not_finetuned": {"1.0_0.5": 0.30689290518730344, "1.0_1.0": 0.38877371342554845, "0.5_1.0": 0.3570249385635165, "0.5_0.5": 0.26482820592079614}, "GPT4o_mini": {}, "gold_standard": 1.0}, "wikidb_novelette": {"Llama3_finetuned": {"1.0_0.5": 0.5529057150903322, "1.0_1.0": 0.6238713761868218, "0.5_1.0": 0.7046457295511046, "0.5_0.5": 0.7788039737116621}, "GPT3_5": {}, "GPT4o": {}, "Llama3_not_finetuned": {"1.0_0.5": 0.6523916694685564, "1.0_1.0": 0.5751254864852017, "0.5_1.0": 0.6127104787820625, "0.5_0.5": 0.5286508322874617}, "GPT4o_mini": {}, "gold_standard": 1.0}, "wikidb_tammerkoski": {"Llama3_finetuned": {"1.0_0.5": 0.6043644152321359, "1.0_1.0": 0.6578567129961146, "0.5_1.0": 0.6401153961545868, "0.5_0.5": 0.51317063657676}, "GPT3_5": {"1.0_1.0": 0.4989330377078096, "0.5_0.5": 0.4442097015335797}, "GPT4o": {"1.0_1.0": 0.8149102760403555, "0.5_0.5": 0.7335093304261662}, "Llama3_not_finetuned": {"1.0_0.5": 0.634564251254619, "1.0_1.0": 0.6211914857352812, "0.5_1.0": 0.6784246610869847, "0.5_0.5": 0.6758566479056322}, "GPT4o_mini": {"1.0_1.0": 0.7831304275599329, "0.5_0.5": 0.7450692566911256}, "gold_standard": 1.0}, "bird_student_club": {"Llama3_finetuned": {"1.0_0.5": 0.5657620706130246, "1.0_1.0": 0.3647970656535895, "0.5_1.0": 0.6804503553075114, "0.5_0.5": 0.5986304383995267}, "GPT3_5": {}, "GPT4o": {"1.0_1.0": 0.706109050117421, "0.5_0.5": 0.8163045796121652}, "Llama3_not_finetuned": {"1.0_0.5": 0.48073862465380024, "1.0_1.0": 0.3625908204148109, "0.5_1.0": 0.5468298841493537, "0.5_0.5": 0.5358542231988421}, "GPT4o_mini": {},