{"wikidb_japans-top-100-waterfalls": {"GPT3_5": {}, "Llama3_not_finetuned": {"1.0_1.0": 0.1354002450060022}, "Llama3_finetuned": {"1.0_1.0": 0.13809523809523808}}, "wikidb_heaphy-sketchbook-no-2": {"GPT3_5": {}, "Llama3_not_finetuned": {"1.0_1.0": 0.4165243746264834}, "Llama3_finetuned": {"1.0_1.0": 0.10263157894736842}}, "bird_student_club": {"GPT3_5": {}, "Llama3_not_finetuned": {"1.0_1.0": 0.32506448938712995}, "Llama3_finetuned": {"1.0_1.0": 0.13461538461538464}}, "bird_toxicology": {"GPT3_5": {}, "Llama3_not_finetuned": {"1.0_1.0": 0.3559027777777778}, "Llama3_finetuned": {"1.0_1.0": 0.3651685393258427}}, "wikidb_paz-domain-superfamily": {"GPT3_5": {}, "Llama3_not_finetuned": {"1.0_1.0": 0.14000245459008345}, "Llama3_finetuned": {"1.0_1.0": 0.15016471997604072}}, "wikidb_rsga-gtpase-domain-protein-family": {"GPT3_5": {}, "Llama3_not_finetuned": {"1.0_1.0": 0.35598609061493475}, "Llama3_finetuned": {"1.0_1.0": 0.285402097902098}}, "spider_chinook_1": {"GPT3_5": {}, "Llama3_not_finetuned": {"1.0_1.0": 0.12820977843705111}, "Llama3_finetuned": {"1.0_1.0": 0.19595959595959594}}, "spider_swimming": {"GPT3_5": {}, "Llama3_not_finetuned": {"1.0_1.0": 0.3124290012587885}, "Llama3_finetuned": {"1.0_1.0": 0.4081942189754689}}, "spider_company_office": {"GPT3_5": {}, "Llama3_not_finetuned": {"1.0_1.0": 0.474333418519465}, "Llama3_finetuned": {"1.0_1.0": 0.12383107088989441}}, "spider_theme_gallery": {"GPT3_5": {}, "Llama3_not_finetuned": {"1.0_1.0": 0.44238351254480285}, "Llama3_finetuned": {"1.0_1.0": 0.2261904761904762}}, "bird_thrombosis_prediction": {"GPT3_5": {}, "Llama3_not_finetuned": {"1.0_1.0": 0.3395178155178155}, "Llama3_finetuned": {"1.0_1.0": 0.21711621711621712}}, "bird_debit_card_specializing": {"GPT3_5": {}, "Llama3_not_finetuned": {"1.0_1.0": 0.2922866344605475}, "Llama3_finetuned": {"1.0_1.0": 0.09523809523809523}}, "bird_card_games": {"GPT3_5": {}, "Llama3_not_finetuned": {"1.0_1.0": 0.1923880281023138}, "Llama3_finetuned": {"1.0_1.0": 0.18187389615961044}}, "bird_codebase_community": {"GPT3_5": {}, "Llama3_not_finetuned": {"1.0_1.0": 0.2646534792368126}, "Llama3_finetuned": {"1.0_1.0": 0.21153846153846154}}, "bird_formula_1": {"GPT3_5": {}, "Llama3_not_finetuned": {"1.0_1.0": 0.17026392411007796}, "Llama3_finetuned": {"1.0_1.0": 0.21153846153846154}}, "spider_candidate_poll": {"GPT3_5": {}, "Llama3_not_finetuned": {"1.0_1.0": 0.7250000000000001}, "Llama3_finetuned": {"1.0_1.0": 0.24285714285714283}}, "spider_decoration_competition": {"GPT3_5": {}, "Llama3_not_finetuned": {"1.0_1.0": 0.39238539238539244}, "Llama3_finetuned": {"1.0_1.0": 0.26695526695526695}}, "wikidb_peptidase-u32-collagenase-family": {"GPT3_5": {}, "Llama3_not_finetuned": {"1.0_1.0": 0.17726010659447194}, "Llama3_finetuned": {"1.0_1.0": 0.20628646715603235}}, "spider_entrepreneur": {"GPT3_5": {}, "Llama3_not_finetuned": {"1.0_1.0": 0.46944444444444444}, "Llama3_finetuned": {"1.0_1.0": 0.25396825396825395}}, "spider_soccer_2": {"GPT3_5": {}, "Llama3_not_finetuned": {"1.0_1.0": 0.33968253968253975}, "Llama3_finetuned": {"1.0_1.0": 0.3238095238095238}}, "wikidb_tammerkoski": {"GPT3_5": {}, "Llama3_not_finetuned": {"1.0_1.0": 0.3197749166185321}, "Llama3_finetuned": {"1.0_1.0": 0.14973262032085563}}, "bird_superhero": {"GPT3_5": {}, "Llama3_not_finetuned": {"1.0_1.0": 0.2664289382933451}, "Llama3_finetuned": {"1.0_1.0": 0.24584415584415584}}, "wikidb_novelette": {"GPT3_5": {}, "Llama3_not_finetuned": {"1.0_1.0": 0.14615384615384616}, "Llama3_finetuned": {"1.0_1.0": 0.1737179487179487}}, "bird_california_schools": {"GPT3_5": {}, "Llama3_not_finetuned": {"1.0_1.0": 0.30200669609536607}, "Llama3_finetuned": {"1.0_1.0": 0.29620666299061793}}, "wikidb_chemotaxis-methyl-accepting-receptor-tar-related-ligand-binding-domain-protein-family": {"GPT3_5": {}, "Llama3_not_finetuned": {"1.0_1.0": 0.2966225697494508}, "Llama3_finetuned": {"1.0_1.0": 0.27372726108681167}}, "wikidb_alpha-defensins": {"GPT3_5": {}, "Llama3_not_finetuned": {"1.0_1.0": 0.34542679542679544}, "Llama3_finetuned": {"1.0_1.0": 0.16233766233766234}}, "wikidb_burial-vault": {"GPT3_5": {}, "Llama3_not_finetuned": {"1.0_1.0": 0.10740359726554724}, "Llama3_finetuned": {"1.0_1.0": 0.08012820512820513}}, "bird_financial": {"GPT3_5": {}, "Llama3_not_finetuned": {"1.0_1.0": 0.17634395337672037}, "Llama3_finetuned": {"1.0_1.0": 0.15384615384615385}}, "bird_european_football_2": {"GPT3_5": {}, "Llama3_not_finetuned": {"1.0_1.0": 0.2082762923890598}, "Llama3_finetuned": {"1.0_1.0": 0.14285714285714285}}, "spider_workshop_paper": {"GPT3_5": {}, "Llama3_not_finetuned": {"1.0_1.0": 0.521031746031746}, "Llama3_finetuned": {"1.0_1.0": 0.2828282828282828}}}