{"wikidb_japans-top-100-waterfalls": {"GPT3_5": {}, "Llama3_not_finetuned": {"1.0": 0.2466345123908149, "0.5": 0.14252216037930324, "0.0": 0.2876289404650749}, "Llama3_finetuned": {"1.0": 0.07421150278293133, "0.5": 0.07421150278293133, "0.0": 0.09902597402597402}, "Heuristic_fuzzy": {"1.0": 0.5324675324675324, "0.5": 0.44805194805194803, "0.0": 0.5324675324675324}, "Heuristic_synonyms": {"1.0": 0.4814471243042671, "0.5": 0.3970315398886827, "0.0": 0.4814471243042671}, "Heuristic_exact": {"1.0": 0.2968460111317254, "0.5": 0.2810760667903525, "0.0": 0.5324675324675324}}, "wikidb_heaphy-sketchbook-no-2": {"GPT3_5": {}, "Llama3_not_finetuned": {"1.0": 0.6463564958147001, "0.5": 0.6648893475518862, "0.0": 0.6664660016053205}, "Llama3_finetuned": {"1.0": 0.054093567251461985, "0.5": 0.07731338149294806, "0.0": 0.229016167870657}, "Heuristic_fuzzy": {"1.0": 0.7529239766081872, "0.5": 0.4298245614035088, "0.0": 0.7529239766081872}, "Heuristic_synonyms": {"1.0": 0.7529239766081872, "0.5": 0.4298245614035088, "0.0": 0.7529239766081872}, "Heuristic_exact": {"1.0": 0.5043859649122807, "0.5": 0.402046783625731, "0.0": 0.7529239766081872}}, "bird_student_club": {"GPT3_5": {}, "Llama3_not_finetuned": {"1.0": 0.7068865740740741, "0.5": 0.654431216931217, "0.0": 0.7156911375661376}, "Llama3_finetuned": {"1.0": 0.5202132936507937, "0.5": 0.3415178571428571, "0.0": 0.445271164021164}, "Heuristic_fuzzy": {"1.0": 0.875, "0.5": 0.875, "0.0": 0.875}, "Heuristic_synonyms": {"1.0": 1.0, "0.5": 0.8229166666666667, "0.0": 0.875}, "Heuristic_exact": {"1.0": 0.47916666666666663, "0.5": 0.53125, "0.0": 0.875}}, "bird_toxicology": {"GPT3_5": {}, "Llama3_not_finetuned": {"1.0": 0.6316666666666667, "0.5": 0.8383333333333334, "0.0": 0.78}, "Llama3_finetuned": {"1.0": 0.16499999999999998, "0.5": 0.13, "0.0": 0.14500000000000002}, "Heuristic_fuzzy": {"1.0": 1.0, "0.5": 0.88, "0.0": 1.0}, "Heuristic_synonyms": {"1.0": 1.0, "0.5": 0.88, "0.0": 1.0}, "Heuristic_exact": {"1.0": 0.58, "0.5": 0.52, "0.0": 1.0}}, "wikidb_paz-domain-superfamily": {"GPT3_5": {}, "Llama3_not_finetuned": {"1.0": 0.43402133580705016, "0.5": 0.48135435992578846, "0.0": 0.5787183055040198}, "Llama3_finetuned": {"1.0": 0.29237012987012984, "0.5": 0.32378633271490415, "0.0": 0.39308905380333947}, "Heuristic_fuzzy": {"1.0": 0.7532467532467532, "0.5": 0.5695732838589982, "0.0": 0.7551020408163265}, "Heuristic_synonyms": {"1.0": 0.7532467532467532, "0.5": 0.5695732838589982, "0.0": 0.7551020408163265}, "Heuristic_exact": {"1.0": 0.38775510204081637, "0.5": 0.4387755102040816, "0.0": 0.7551020408163265}}, "wikidb_rsga-gtpase-domain-protein-family": {"GPT3_5": {}, "Llama3_not_finetuned": {"1.0": 0.6452903157448612, "0.5": 0.4564349791622518, "0.0": 0.6919809987991806}, "Llama3_finetuned": {"1.0": 0.5371194462103552, "0.5": 0.1252560570742389, "0.0": 0.37751642297096843}, "Heuristic_fuzzy": {"1.0": 0.8989898989898989, "0.5": 0.7676767676767677, "0.0": 0.8989898989898989}, "Heuristic_synonyms": {"1.0": 0.8989898989898989, "0.5": 0.7676767676767677, "0.0": 0.8989898989898989}, "Heuristic_exact": {"1.0": 0.6262626262626262, "0.5": 0.44444444444444436, "0.0": 0.8989898989898989}}, "spider_chinook_1": {"GPT3_5": {}, "Llama3_not_finetuned": {"1.0": 0.805428213761547, "0.5": 0.766625658292325, "0.0": 0.7991172407839074}, "Llama3_finetuned": {"1.0": 0.5182336182336182, "0.5": 0.4894845894845894, "0.0": 0.2628399378399378}, "Heuristic_fuzzy": {"1.0": 1.0, "0.5": 0.8487373737373738, "0.0": 0.9681429681429681}, "Heuristic_synonyms": {"1.0": 0.9937839937839938, "0.5": 0.8425213675213676, "0.0": 0.9665889665889665}, "Heuristic_exact": {"1.0": 0.7479409479409479, "0.5": 0.6047591297591297, "0.0": 0.9681429681429681}}, "spider_swimming": {"GPT3_5": {}, "Llama3_not_finetuned": {"1.0": 0.8326340326340326, "0.5": 0.6389423076923076, "0.0": 0.6846299533799534}, "Llama3_finetuned": {"1.0": 0.1267628205128205, "0.5": 0.1267628205128205, "0.0": 0.2517628205128205}, "Heuristic_fuzzy": {"1.0": 1.0, "0.5": 0.9166666666666666, "0.0": 1.0}, "Heuristic_synonyms": {"1.0": 1.0, "0.5": 0.9166666666666666, "0.0": 1.0}, "Heuristic_exact": {"1.0": 0.6016025641025641, "0.5": 0.6940705128205128, "0.0": 1.0}}, "spider_company_office": {"GPT3_5": {}, "Llama3_not_finetuned": {"1.0": 0.836622807017544, "0.5": 0.7239278752436648, "0.0": 0.8624512670565302}, "Llama3_finetuned": {"1.0": 0.06615497076023391, "0.5": 0.1648391812865497, "0.0": 0.5163255360623782}, "Heuristic_fuzzy": {"1.0": 1.0, "0.5": 0.8541666666666666, "0.0": 1.0}, "Heuristic_synonyms": {"1.0": 1.0, "0.5": 0.8541666666666666, "0.0": 1.0}, "Heuristic_exact": {"1.0": 0.7569444444444445, "0.5": 0.6736111111111112, "0.0": 1.0}}, "spider_theme_gallery": {"GPT3_5": {}, "Llama3_not_finetuned": {"1.0": 0.708913308913309, "0.5": 0.7548229548229548, "0.0": 0.7366300366300367}, "Llama3_finetuned": {"1.0": 0.12881562881562883, "0.5": 0.12881562881562883, "0.0": 0.25335775335775335}, "Heuristic_fuzzy": {"1.0": 1.0, "0.5": 1.0, "0.0": 1.0}, "Heuristic_synonyms": {"1.0": 1.0, "0.5": 1.0, "0.0": 1.0}, "Heuristic_exact": {"1.0": 0.9487179487179488, "0.5": 0.510989010989011, "0.0": 1.0}}, "bird_thrombosis_prediction": {"GPT3_5": {}, "Llama3_not_finetuned": {"1.0": 0.8220087992815266, "0.5": 0.5983460983460983, "0.0": 0.7919681328772238}, "Llama3_finetuned": {"1.0": 0.5443849080212716, "0.5": 0.020202020202020197, "0.0": 0.2636378772742409}, "Heuristic_fuzzy": {"1.0": 0.9970156106519742, "0.5": 0.8750264886628524, "0.0": 0.9970156106519742}, "Heuristic_synonyms": {"1.0": 0.9970156106519742, "0.5": 0.8750264886628524, "0.0": 0.9970156106519742}, "Heuristic_exact": {"1.0": 0.3505509641873279, "0.5": 0.5188246097337007, "0.0": 0.9970156106519742}}, "bird_debit_card_specializing": {"GPT3_5": {}, "Llama3_not_finetuned": {"1.0": 0.7722222222222223, "0.5": 0.845, "0.0": 0.8177777777777777}, "Llama3_finetuned": {"1.0": 0.4780555555555555, "0.5": 0.33305555555555555, "0.0": 0.3836111111111111}, "Heuristic_fuzzy": {"1.0": 1.0, "0.5": 0.74, "0.0": 1.0}, "Heuristic_synonyms": {"1.0": 1.0, "0.5": 0.8299999999999998, "0.0": 1.0}, "Heuristic_exact": {"1.0": 0.75, "0.5": 0.53, "0.0": 1.0}}, "bird_card_games": {"GPT3_5": {}, "Llama3_not_finetuned": {"1.0": 0.24891327187245554, "0.5": 0.34522167940535287, "0.0": 0.6968783652457121}, "Llama3_finetuned": {"1.0": 0.08163265306122448, "0.5": 0.10544217687074828, "0.0": 0.2974220576261392}, "Heuristic_fuzzy": {"1.0": 0.9968941244451449, "0.5": 0.9977214824153601, "0.0": 0.9977214824153601}, "Heuristic_synonyms": {"1.0": 0.9977214824153601, "0.5": 0.9569051558847478, "0.0": 0.9977214824153601}, "Heuristic_exact": {"1.0": 0.32653061224489793, "0.5": 0.5204081632653061, "0.0": 0.9977214824153601}}, "bird_codebase_community": {"GPT3_5": {}, "Llama3_not_finetuned": {"1.0": 0.8379535147392291, "0.5": 0.6194019274376417, "0.0": 0.7741780045351474}, "Llama3_finetuned": {"1.0": 0.15476190476190474, "0.5": 0.21394557823129248, "0.0": 0.1845238095238095}, "Heuristic_fuzzy": {"1.0": 1.0, "0.5": 0.7321428571428571, "0.0": 0.8571428571428572}, "Heuristic_synonyms": {"1.0": 0.9642857142857143, "0.5": 0.75, "0.0": 0.8571428571428572}, "Heuristic_exact": {"1.0": 0.5535714285714285, "0.5": 0.46428571428571425, "0.0": 0.8528911564625851}}, "bird_formula_1": {"GPT3_5": {}, "Llama3_not_finetuned": {"1.0": 0.7295438688295832, "0.5": 0.8420678527821385, "0.0": 0.7174690388976102}, "Llama3_finetuned": {"1.0": 0.12087912087912084, "0.5": 0.13797313797313793, "0.0": 0.276360544217687}, "Heuristic_fuzzy": {"1.0": 0.9199372056514914, "0.5": 0.7582417582417583, "0.0": 0.9230769230769231}, "Heuristic_synonyms": {"1.0": 0.9968602825745683, "0.5": 0.8021978021978021, "0.0": 0.9230769230769231}, "Heuristic_exact": {"1.0": 0.5934065934065933, "0.5": 0.5054945054945055, "0.0": 0.8461538461538461}}, "spider_candidate_poll": {"GPT3_5": {}, "Llama3_not_finetuned": {"1.0": 0.9166666666666667, "0.5": 0.7650462962962963, "0.0": 0.9166666666666667}, "Llama3_finetuned": {"1.0": 0.1388888888888889, "0.5": 0.1388888888888889,