{"wikidb_japans-top-100-waterfalls": {"GPT3_5": {}, "Llama3_not_finetuned": {"1.0_1.0": 0.183818211429783}, "Llama3_finetuned": {"1.0_1.0": 0.20900371409777888}, "gold_standard": 1.0}, "wikidb_heaphy-sketchbook-no-2": {"GPT3_5": {}, "Llama3_not_finetuned": {"1.0_1.0": 0.5525157568040102}, "Llama3_finetuned": {"1.0_1.0": 0.34472918683513787}, "gold_standard": 1.0}, "bird_student_club": {"GPT3_5": {}, "Llama3_not_finetuned": {"1.0_1.0": 0.4628773173035736}, "Llama3_finetuned": {"1.0_1.0": 0.3632226243076669}, "gold_standard": 1.0}, "bird_toxicology": {"GPT3_5": {}, "Llama3_not_finetuned": {"1.0_1.0": 0.3891240591824261}, "Llama3_finetuned": {"1.0_1.0": 0.4331342941413527}, "gold_standard": 1.0}, "wikidb_paz-domain-superfamily": {"GPT3_5": {}, "Llama3_not_finetuned": {"1.0_1.0": 0.2084420599952812}, "Llama3_finetuned": {"1.0_1.0": 0.3391688465660448}, "gold_standard": 1.0}, "wikidb_rsga-gtpase-domain-protein-family": {"GPT3_5": {}, "Llama3_not_finetuned": {"1.0_1.0": 0.4271297565507295}, "Llama3_finetuned": {"1.0_1.0": 0.5930104072572187}, "gold_standard": 1.0}, "spider_chinook_1": {"GPT3_5": {}, "Llama3_not_finetuned": {"1.0_1.0": 0.41528437335593527}, "Llama3_finetuned": {"1.0_1.0": 0.5054981900370337}, "gold_standard": 1.0}, "spider_swimming": {"GPT3_5": {}, "Llama3_not_finetuned": {"1.0_1.0": 0.5480187624710952}, "Llama3_finetuned": {"1.0_1.0": 0.44564210872260407}, "gold_standard": 1.0}, "spider_company_office": {"GPT3_5": {}, "Llama3_not_finetuned": {"1.0_1.0": 0.6960332006702974}, "Llama3_finetuned": {"1.0_1.0": 0.5547454317292657}, "gold_standard": 1.0}, "spider_theme_gallery": {"GPT3_5": {}, "Llama3_not_finetuned": {"1.0_1.0": 0.7873619233268355}, "Llama3_finetuned": {"1.0_1.0": 0.4582010582010582}, "gold_standard": 1.0}, "bird_thrombosis_prediction": {"GPT3_5": {}, "Llama3_not_finetuned": {"1.0_1.0": 0.4310186861637695}, "Llama3_finetuned": {"1.0_1.0": 0.38030252790796215}, "gold_standard": 1.0}, "bird_debit_card_specializing": {"GPT3_5": {}, "Llama3_not_finetuned": {"1.0_1.0": 0.6069697329248823}, "Llama3_finetuned": {"1.0_1.0": 0.6426184279758675}, "gold_standard": 1.0}, "bird_card_games": {"GPT3_5": {}, "Llama3_not_finetuned": {"1.0_1.0": 0.3233302863968174}, "Llama3_finetuned": {"1.0_1.0": 0.3886680582022529}, "gold_standard": 1.0}, "bird_codebase_community": {"GPT3_5": {}, "Llama3_not_finetuned": {"1.0_1.0": 0.4604972671960454}, "Llama3_finetuned": {"1.0_1.0": 0.39830342798571916}, "gold_standard": 1.0}, "bird_formula_1": {"GPT3_5": {}, "Llama3_not_finetuned": {"1.0_1.0": 0.47167012344680775}, "Llama3_finetuned": {"1.0_1.0": 0.48239540160657285}, "gold_standard": 1.0}, "spider_candidate_poll": {"GPT3_5": {}, "Llama3_not_finetuned": {"1.0_1.0": 0.7999999999999999}, "Llama3_finetuned": {"1.0_1.0": 0.5041208791208791}, "gold_standard": 1.0}, "spider_decoration_competition": {"GPT3_5": {}, "Llama3_not_finetuned": {"1.0_1.0": 0.5333961917676638}, "Llama3_finetuned": {"1.0_1.0": 0.5557342430149448}, "gold_standard": 1.0}, "wikidb_peptidase-u32-collagenase-family": {"GPT3_5": {}, "Llama3_not_finetuned": {"1.0_1.0": 0.3128276513485516}, "Llama3_finetuned": {"1.0_1.0": 0.33672385675106387}, "gold_standard": 1.0}, "spider_entrepreneur": {"GPT3_5": {}, "Llama3_not_finetuned": {"1.0_1.0": 0.6506410256410257}, "Llama3_finetuned": {"1.0_1.0": 0.7074592074592074}, "gold_standard": 1.0}, "spider_soccer_2": {"GPT3_5": {}, "Llama3_not_finetuned": {"1.0_1.0": 0.34761904761904766}, "Llama3_finetuned": {"1.0_1.0": 0.37671957671957673}, "gold_standard": 1.0}, "wikidb_tammerkoski": {"GPT3_5": {}, "Llama3_not_finetuned": {"1.0_1.0": 0.4492182119885226}, "Llama3_finetuned": {"1.0_1.0": 0.44844589131647955}, "gold_standard": 1.0}, "bird_superhero": {"GPT3_5": {}, "Llama3_not_finetuned": {"1.0_1.0": 0.33870618628683147}, "Llama3_finetuned": {"1.0_1.0": 0.3688605705440071}, "gold_standard": 1.0}, "wikidb_novelette": {"GPT3_5": {}, "Llama3_not_finetuned": {"1.0_1.0": 0.28451659724416706}, "Llama3_finetuned": {"1.0_1.0": 0.2772829998124895}, "gold_standard": 1.0}, "bird_california_schools": {"GPT3_5": {}, "Llama3_not_finetuned": {"1.0_1.0": 0.5186010839602219}, "Llama3_finetuned": {"1.0_1.0": 0.503333864210077}, "gold_standard": 1.0}, "wikidb_chemotaxis-methyl-accepting-receptor-tar-related-ligand-binding-domain-protein-family": {"GPT3_5": {}, "Llama3_not_finetuned": {"1.0_1.0": 0.45319688958191096}, "Llama3_finetuned": {"1.0_1.0": 0.4517459456199496}, "gold_standard": 1.0}, "wikidb_alpha-defensins": {"GPT3_5": {}, "Llama3_not_finetuned": {"1.0_1.0": 0.5473788303200067}, "Llama3_finetuned": {"1.0_1.0": 0.16233766233766234}, "gold_standard": 1.0}, "wikidb_burial-vault": {"GPT3_5": {}, "Llama3_not_finetuned": {"1.0_1.0": 0.1270374027910201}, "Llama3_finetuned": {"1.0_1.0": 0.10969683999575301}, "gold_standard": 1.0}, "bird_financial": {"GPT3_5": {}, "Llama3_not_finetuned": {"1.0_1.0": 0.4490122388703961}, "Llama3_finetuned": {"1.0_1.0": 0.37408356049241176}, "gold_standard": 1.0}, "bird_european_football_2": {"GPT3_5": {}, "Llama3_not_finetuned": {"1.0_1.0": 0.43833681139586567}, "Llama3_finetuned": {"1.0_1.0": 0.5881755888725293}, "gold_standard": 1.0}, "spider_workshop_paper": {"GPT3_5": {}, "Llama3_not_finetuned": {"1.0_1.0": 0.7691509058785946}, "Llama3_finetuned": {"1.0_1.0": 0.7898027898027898}, "gold_standard": 1.0}}