{"wikidb_japans-top-100-waterfalls": {"GPT3_5": {}, "Llama3_not_finetuned": {"1.0": 0.8749649787206041, "0.5": 1.0, "0.0": 1.0}, "Llama3_finetuned": {"1.0": 0.783458372563411, "0.5": 0.975925925925926, "0.0": 0.8327997601378244}, "Heuristic_fuzzy": {"1.0": 0.14705139412758444, "0.5": 0.5318342423734581, "0.0": 0.5211407269882659}, "Heuristic_synonyms": {"1.0": 0.13523015181369832, "0.5": 0.4679793245969716, "0.0": 0.4921671879638466}, "Heuristic_exact": {"1.0": 0.8423669467787115, "0.5": 0.829436774709884, "0.0": 0.5842026442718234}, "gold_standard": 1.0}, "wikidb_heaphy-sketchbook-no-2": {"GPT3_5": {}, "Llama3_not_finetuned": {"1.0": 0.7398574632219808, "0.5": 0.7765825255249408, "0.0": 0.755614498012994}, "Llama3_finetuned": {"1.0": 0.9327012383900929, "0.5": 1.0, "0.0": 0.797306327501761}, "Heuristic_fuzzy": {"1.0": 0.62787900544286, "0.5": 0.8032840661517132, "0.0": 0.797306327501761}, "Heuristic_synonyms": {"1.0": 0.62787900544286, "0.5": 0.8032840661517132, "0.0": 0.797306327501761}, "Heuristic_exact": {"1.0": 1.0, "0.5": 0.9572192513368984, "0.0": 0.797306327501761}, "gold_standard": 1.0}, "bird_student_club": {"GPT3_5": {}, "Llama3_not_finetuned": {"1.0": 0.9399701099513129, "0.5": 0.9568996727478871, "0.0": 0.9866071428571429}, "Llama3_finetuned": {"1.0": 0.9775462962962963, "0.5": 1.0, "0.0": 0.9979166666666667}, "Heuristic_fuzzy": {"1.0": 0.9598214285714286, "0.5": 1.0, "0.0": 1.0}, "Heuristic_synonyms": {"1.0": 0.8732142857142857, "0.5": 0.9628623188405797, "0.0": 0.9628623188405797}, "Heuristic_exact": {"1.0": 1.0, "0.5": 1.0, "0.0": 1.0}, "gold_standard": 1.0}, "bird_toxicology": {"GPT3_5": {}, "Llama3_not_finetuned": {"1.0": 0.9107744107744108, "0.5": 0.7648637349724305, "0.0": 0.9178082191780822}, "Llama3_finetuned": {"1.0": 1.0, "0.5": 0.9345238095238095, "0.0": 1.0}, "Heuristic_fuzzy": {"1.0": 0.8958333333333334, "0.5": 1.0, "0.0": 1.0}, "Heuristic_synonyms": {"1.0": 0.8125, "0.5": 0.8958333333333334, "0.0": 0.8958333333333334}, "Heuristic_exact": {"1.0": 1.0, "0.5": 1.0, "0.0": 1.0}, "gold_standard": 1.0}, "wikidb_paz-domain-superfamily": {"GPT3_5": {}, "Llama3_not_finetuned": {"1.0": 0.8077426387512613, "0.5": 0.8445567870832723, "0.0": 0.8778670128498505}, "Llama3_finetuned": {"1.0": 0.7641719508706235, "0.5": 0.9525650170882177, "0.0": 0.7383070825278617}, "Heuristic_fuzzy": {"1.0": 0.4358078514402068, "0.5": 0.7294742483240383, "0.0": 0.7379949080901461}, "Heuristic_synonyms": {"1.0": 0.4358078514402068, "0.5": 0.7294742483240383, "0.0": 0.7379949080901461}, "Heuristic_exact": {"1.0": 0.9813852813852814, "0.5": 1.0, "0.0": 0.7922093779236636}, "gold_standard": 1.0}, "wikidb_rsga-gtpase-domain-protein-family": {"GPT3_5": {}, "Llama3_not_finetuned": {"1.0": 0.9372504307286915, "0.5": 1.0, "0.0": 0.9782647907647908}, "Llama3_finetuned": {"1.0": 1.0, "0.5": 0.9663617305126739, "0.0": 0.9254833759083273}, "Heuristic_fuzzy": {"1.0": 0.6614252690922394, "0.5": 0.9368165380766188, "0.0": 0.9150172645532072}, "Heuristic_synonyms": {"1.0": 0.6614252690922394, "0.5": 0.9368165380766188, "0.0": 0.9150172645532072}, "Heuristic_exact": {"1.0": 1.0, "0.5": 1.0, "0.0": 0.9150172645532072}, "gold_standard": 1.0}, "spider_chinook_1": {"GPT3_5": {}, "Llama3_not_finetuned": {"1.0": 0.9363642785130388, "0.5": 0.9851137639016428, "0.0": 0.9865957555351496}, "Llama3_finetuned": {"1.0": 0.9640715001252192, "0.5": 1.0, "0.0": 1.0}, "Heuristic_fuzzy": {"1.0": 0.7037089818652246, "0.5": 0.8776212794929372, "0.0": 0.9262626262626263}, "Heuristic_synonyms": {"1.0": 0.6067326367605372, "0.5": 0.8617432181603305, "0.0": 0.9216712580348944}, "Heuristic_exact": {"1.0": 0.9981634527089072, "0.5": 1.0, "0.0": 1.0}, "gold_standard": 1.0}, "spider_swimming": {"GPT3_5": {}, "Llama3_not_finetuned": {"1.0": 0.9529336907054299, "0.5": 1.125, "0.0": 0.9245359109489544}, "Llama3_finetuned": {"1.0": 1.125, "0.5": 1.0, "0.0": 1.0}, "Heuristic_fuzzy": {"1.0": 0.79503367003367, "0.5": 0.990909090909091, "0.0": 1.0}, "Heuristic_synonyms": {"1.0": 0.6788990695240695, "0.5": 0.990909090909091, "0.0": 1.0}, "Heuristic_exact": {"1.0": 1.0333333333333332, "0.5": 1.0078125, "0.0": 1.0}, "gold_standard": 1.0}, "spider_company_office": {"GPT3_5": {}, "Llama3_not_finetuned": {"1.0": 0.9092412217412217, "0.5": 0.9943181818181818, "0.0": 0.9930555555555555}, "Llama3_finetuned": {"1.0": 1.0, "0.5": 0.9888888888888889, "0.0": 1.0}, "Heuristic_fuzzy": {"1.0": 1.0, "0.5": 1.0, "0.0": 1.0}, "Heuristic_synonyms": {"1.0": 1.0, "0.5": 1.0, "0.0": 1.0}, "Heuristic_exact": {"1.0": 1.0, "0.5": 1.0, "0.0": 1.0}, "gold_standard": 1.0}, "spider_theme_gallery": {"GPT3_5": {}, "Llama3_not_finetuned": {"1.0": 0.8998930481283423, "0.5": 0.8887445887445887, "0.0": 1.0}, "Llama3_finetuned": {"1.0": 0.92046783625731, "0.5": 0.9555555555555556, "0.0": 0.9691358024691358}, "Heuristic_fuzzy": {"1.0": 0.92046783625731, "0.5": 0.92046783625731, "0.0": 0.92046783625731}, "Heuristic_synonyms": {"1.0": 1.0, "0.5": 0.92046783625731, "0.0": 0.92046783625731}, "Heuristic_exact": {"1.0": 0.9568627450980393, "0.5": 1.0, "0.0": 1.0}, "gold_standard": 1.0}, "bird_thrombosis_prediction": {"GPT3_5": {}, "Llama3_not_finetuned": {"1.0": 0.8952043263766765, "0.5": 0.9709237057758978, "0.0": 0.9680332908827533}, "Llama3_finetuned": {"1.0": 0.9896455595380327, "0.5": 0.9722115548728452, "0.0": 0.9592957197123865}, "Heuristic_fuzzy": {"1.0": 1.0, "0.5": 1.0, "0.0": 1.0}, "Heuristic_synonyms": {"1.0": 1.0, "0.5": 1.0, "0.0": 1.0}, "Heuristic_exact": {"1.0": 1.0, "0.5": 1.0, "0.0": 1.0}, "gold_standard": 1.0}, "bird_debit_card_specializing": {"GPT3_5": {}, "Llama3_not_finetuned": {"1.0": 0.9692190835144127, "0.5": 1.0, "0.0": 0.9977777777777778}, "Llama3_finetuned": {"1.0": 1.0, "0.5": 1.0, "0.0": 0.968421052631579}, "Heuristic_fuzzy": {"1.0": 0.7416666666666666, "0.5": 0.9547583735014215, "0.0": 0.8916666666666668}, "Heuristic_synonyms": {"1.0": 0.6611111111111111, "0.5": 0.7976702508960574, "0.0": 0.8555555555555555}, "Heuristic_exact": {"1.0": 1.0, "0.5": 1.0, "0.0": 1.0}, "gold_standard": 1.0}, "bird_card_games": {"GPT3_5": {}, "Llama3_not_finetuned": {"1.0": 0.9927752521773737, "0.5": 0.9978922716627635, "0.0": 0.8912122457678724}, "Llama3_finetuned": {"1.0": 1.0, "0.5": 1.0, "0.0": 0.926043130366901}, "Heuristic_fuzzy": {"1.0": 0.7849011189175122, "0.5": 0.8571428571428571, "0.0": 0.8571428571428571}, "Heuristic_synonyms": {"1.0": 0.6199404761904762, "0.5": 0.8292748917748918, "0.0": 0.8571428571428571}, "Heuristic_exact": {"1.0": 1.0, "0.5": 1.0, "0.0": 1.0}, "gold_standard": 1.0}, "bird_codebase_community": {"GPT3_5": {}, "Llama3_not_finetuned": {"1.0": 0.6604609713203463, "0.5": 0.9786172161172162, "0.0": 0.9793919477513227}, "Llama3_finetuned": {"1.0": 0.969954648526077, "0.5": 0.9870332792207792, "0.0": 0.9964192708333333}, "Heuristic_fuzzy": {"1.0": 0.4870804007132132, "0.5": 0.7628395061728395, "0.0": 0.8235388526404152}, "Heuristic_synonyms": {"1.0": 0.4397595698823378, "0.5": 0.7608024691358024, "0.0": 0.8078237084096459}, "Heuristic_exact": {"1.0": 0.9973214285714286, "0.5": 1.0, "0.0": 1.0}, "gold_standard": 1.0}, "bird_formula_1": {"GPT3_5": {}, "Llama3_not_finetuned": {"1.0": 0.7371518089409572, "0.5": 0.6755917618044934, "0.0": 0.9624493196861617}, "Llama3_finetuned": {"1.0": 0.9008997226488068, "0.5": 0.9781474698141365, "0.0": 0.978686987615559}, "Heuristic_fuzzy": {"1.0": 0.6057110451018013, "0.5": 0.8644509055689298, "0.0": 0.8992063492063492}, "Heuristic_synonyms": {"1.0": 0.5624418143325707, "0.5": 0.8438437349617591, "0.0": 0.8901166734500067}, "Heuristic_exact": {"1.0": 0.9923076923076923, "0.5": 1.0, "0.0": 1.0}, "gold_standard": 1.0}, "spider_candidate_poll": {"GPT3_5": {}, "Llama3_not_finetuned": {"1.0": 0.9404761904761905, "0.5": 1.0, "0.0": 0.9107142857142858}, "Llama3_finetuned": {"1.0": 1.0, "0.5": 1.0, "0.0": 1.0}, "Heuristic_fuzzy": {"1.0": 1.0, "0.5": 1.0, "0.0": 1.0}, "Heuristic_synonyms": {"1.0": 1.0, "0.5": 1.0, "0.0": 1.0}, "Heuristic_exact": {"1.0": 1.0, "0.5": 1.0, "0.0": 1.0},