{"bird_debit_card_specializing": {"Llama3_finetuned": {"0.5": 0.3170731707317073, "1.0": 0.4663278271918678, "0.0": 0.24324324324324326}, "GPT3_5": {}, "Heuristic_fuzzy": {"0.5": 0.45454545454545453, "1.0": 0.5882352941176471, "0.0": 0.25}, "Heuristic_exact": {"0.5": 0.0, "1.0": 0.0, "0.0": 0.0}, "Heuristic_synonyms": {"0.5": 0.38235294117647056, "1.0": 0.4473684210526316, "0.0": 0.19230769230769232}, "Llama3_not_finetuned": {"0.5": 0.32148626817447495, "1.0": 0.6164383561643836, "0.0": 0.2988313856427379}, "gold_standard": 0.0}, "bird_toxicology": {"Llama3_finetuned": {"0.5": 0.0924092409240924, "1.0": 0.22096317280453256, "0.0": 0.014336917562724014}, "GPT3_5": {}, "Heuristic_fuzzy": {"0.5": 0.0, "1.0": 0.21428571428571427, "0.0": 0.0}, "Heuristic_exact": {"0.5": 0.0924092409240924, "1.0": 0.15384615384615385, "0.0": 0.0}, "Heuristic_synonyms": {"0.5": 0.21428571428571427, "1.0": 0.47619047619047616, "0.0": 0.21428571428571427}, "Llama3_not_finetuned": {"0.5": 0.6923937360178971, "1.0": 0.5795107033639144, "0.0": 0.7123430962343096}, "gold_standard": 0.0}, "bird_card_games": {"Llama3_finetuned": {"0.5": 0.08134757600657354, "1.0": 0.1343042071197411, "0.0": 0.7408529984845205}, "GPT3_5": {}, "Heuristic_fuzzy": {"0.5": 0.1435374149659864, "1.0": 0.18983268983268983, "0.0": 0.1435374149659864}, "Heuristic_exact": {"0.5": 0.17980456026058633, "1.0": 0.47233864207879295, "0.0": 0.1435374149659864}, "Heuristic_synonyms": {"0.5": 0.17061923583662714, "1.0": 0.36220871327254306, "0.0": 0.1435374149659864}, "Llama3_not_finetuned": {"0.5": 0.7598684210526315, "1.0": 0.7782961460446247, "0.0": 0.6740031071983428}, "gold_standard": 0.24429771908763506}, "wikidb_japans-top-100-waterfalls": {"Llama3_finetuned": {"0.5": 0.06420351302241066, "1.0": 0.0, "0.0": 0.1836734693877551}, "GPT3_5": {}, "Heuristic_fuzzy": {"0.5": 0.21166134185303515, "1.0": 0.4384068278805121, "0.0": 0.1147982062780269}, "Heuristic_exact": {"0.5": 0.07886140923938405, "1.0": 0.06178707224334601, "0.0": 0.07410881801125703}, "Heuristic_synonyms": {"0.5": 0.21485623003194887, "1.0": 0.4406827880512091, "0.0": 0.11838565022421525}, "Llama3_not_finetuned": {"0.5": 0.3490949390469154, "1.0": 0.8239319400776771, "0.0": 0.7314175186515612}, "gold_standard": 0.004221388367729831}, "spider_company_office": {"Llama3_finetuned": {"0.5": 0.02564102564102564, "1.0": 0.0, "0.0": 0.22285714285714286}, "GPT3_5": {}, "Heuristic_fuzzy": {"0.5": 0.0, "1.0": 0.0, "0.0": 0.0}, "Heuristic_exact": {"0.5": 0.0, "1.0": 0.0, "0.0": 0.0}, "Heuristic_synonyms": {"0.5": 0.0, "1.0": 0.0, "0.0": 0.0}, "Llama3_not_finetuned": {"0.5": 0.5134168157423972, "1.0": 0.5840978593272171, "0.0": 0.5451505016722408}, "gold_standard": 0.0}, "wikidb_rsga-gtpase-domain-protein-family": {"Llama3_finetuned": {"0.5": 0.4364820846905538, "1.0": 0.7768221887766071, "0.0": 0.49092692496321727}, "GPT3_5": {}, "Heuristic_fuzzy": {"0.5": 0.017045454545454544, "1.0": 0.5234159779614325, "0.0": 0.017045454545454544}, "Heuristic_exact": {"0.5": 0.017045454545454544, "1.0": 0.017045454545454544, "0.0": 0.017045454545454544}, "Heuristic_synonyms": {"0.5": 0.017045454545454544, "1.0": 0.5234159779614325, "0.0": 0.017045454545454544}, "Llama3_not_finetuned": {"0.5": 0.742814667988107, "1.0": 0.7922753652191314, "0.0": 0.4502118644067797}, "gold_standard": 0.0}, "spider_workshop_paper": {"Llama3_finetuned": {"0.5": 0.0, "1.0": 0.0, "0.0": 0.0}, "GPT3_5": {}, "Heuristic_fuzzy": {"0.5": 0.29914529914529914, "1.0": 0.31666666666666665, "0.0": 0.0}, "Heuristic_exact": {"0.5": 0.21904761904761905, "1.0": 0.26126126126126126, "0.0": 0.0}, "Heuristic_synonyms": {"0.5": 0.49693251533742333, "1.0": 0.5340909090909091, "0.0": 0.31666666666666665}, "Llama3_not_finetuned": {"0.5": 0.5232558139534884, "1.0": 0.6203703703703703, "0.0": 0.3333333333333333}, "gold_standard": 0.0}, "spider_chinook_1": {"Llama3_finetuned": {"0.5": 0.2679830747531735, "1.0": 0.2100456621004566, "0.0": 0.03171641791044776}, "GPT3_5": {}, "Heuristic_fuzzy": {"0.5": 0.3346153846153846, "1.0": 0.44551282051282054, "0.0": 0.19284603421461896}, "Heuristic_exact": {"0.5": 0.07155635062611806, "1.0": 0.11433447098976109, "0.0": 0.029906542056074768}, "Heuristic_synonyms": {"0.5": 0.32333767926988266, "1.0": 0.5498699045967043, "0.0": 0.19284603421461896}, "Llama3_not_finetuned": {"0.5": 0.46328852119958636, "1.0": 0.5935787000783085, "0.0": 0.4682377049180328}, "gold_standard": 0.06148282097649186}, "bird_california_schools": {"Llama3_finetuned": {"0.5": 0.5751284686536485, "1.0": 0.05996548748921484, "0.0": 0.20996058760300967}, "GPT3_5": {}, "Heuristic_fuzzy": {"0.5": 0.13895048041389504, "1.0": 0.13895048041389504, "0.0": 0.13895048041389504}, "Heuristic_exact": {"0.5": 0.16934046345811052, "1.0": 0.4236952757853079, "0.0": 0.13895048041389504}, "Heuristic_synonyms": {"0.5": 0.13895048041389504, "1.0": 0.44404676688141254, "0.0": 0.13895048041389504}, "Llama3_not_finetuned": {"0.5": 0.8741084936243787, "1.0": 0.8776581779994749, "0.0": 0.8042510291523145}, "gold_standard": 0.20667347633639768}, "wikidb_paz-domain-superfamily": {"Llama3_finetuned": {"0.5": 0.8077723802914643, "1.0": 0.8976582827406765, "0.0": 0.871976582961023}, "GPT3_5": {}, "Heuristic_fuzzy": {"0.5": 0.2226379794200187, "1.0": 0.31773399014778325, "0.0": 0.21898496240601503}, "Heuristic_exact": {"0.5": 0.05995475113122172, "1.0": 0.06838565022421525, "0.0": 0.05782312925170068}, "Heuristic_synonyms": {"0.5": 0.2226379794200187, "1.0": 0.31773399014778325, "0.0": 0.21898496240601503}, "Llama3_not_finetuned": {"0.5": 0.754360035471475, "1.0": 0.8722521137586472, "0.0": 0.657036731324804}, "gold_standard": 0.0}, "wikidb_peptidase-u32-collagenase-family": {"Llama3_finetuned": {"0.5": 0.8287713841368585, "1.0": 0.5424133811230586, "0.0": 0.7086978898610397}, "GPT3_5": {}, "Heuristic_fuzzy": {"0.5": 0.2805259862241703, "1.0": 0.3396551724137931, "0.0": 0.1908450704225352}, "Heuristic_exact": {"0.5": 0.0703883495145631, "1.0": 0.0756234915526951, "0.0": 0.0425}, "Heuristic_synonyms": {"0.5": 0.2805259862241703, "1.0": 0.3396551724137931, "0.0": 0.1908450704225352}, "Llama3_not_finetuned": {"0.5": 0.899108734402852, "1.0": 0.9153011597456042, "0.0": 0.9092345366932617}, "gold_standard": 0.0}, "wikidb_alpha-defensins": {"Llama3_finetuned": {"0.5": 0.0, "1.0": 0.0, "0.0": 0.0}, "GPT3_5": {}, "Heuristic_fuzzy": {"0.5": 0.020242914979757085, "1.0": 0.020242914979757085, "0.0": 0.020242914979757085}, "Heuristic_exact": {"0.5": 0.020242914979757085, "1.0": 0.00819672131147541, "0.0": 0.020242914979757085}, "Heuristic_synonyms": {"0.5": 0.020242914979757085, "1.0": 0.020242914979757085, "0.0": 0.020242914979757085}, "Llama3_not_finetuned": {"0.5": 0.5040983606557377, "1.0": 0.5381679389312977, "0.0": 0.6288343558282209}, "gold_standard": 0.0}, "wikidb_heaphy-sketchbook-no-2": {"Llama3_finetuned": {"0.5": 0.004975124378109453, "1.0": 0.0, "0.0": 0.07710843373493977}, "GPT3_5": {}, "Heuristic_fuzzy": {"0.5": 0.26063829787234044, "1.0": 0.406827880512091, "0.0": 0.03248259860788863}, "Heuristic_exact": {"0.5": 0.02570093457943925, "1.0": 0.00477326968973747, "0.0": 0.03248259860788863}, "Heuristic_synonyms": {"0.5": 0.26063829787234044, "1.0": 0.406827880512091, "0.0": 0.03248259860788863}, "Llama3_not_finetuned": {"0.5": 0.6364428945074107, "1.0": 0.6153136531365314, "0.0": 0.5825825825825826}, "gold_standard": 0.0}, "bird_european_football_2": {"Llama3_finetuned": {"0.5": 0.043663977218794496, "1.0": 0.8826236383759538, "0.0": 0.45167883211678833}, "GPT3_5": {}, "Heuristic_fuzzy": {"0.5": 0.3129707112970711, "1.0": 0.21007055805003208, "0.0": 0.3044337757695566}, "Heuristic_exact": {"0.5": 0.19814020028612303, "1.0": 0.27863577863577865, "0.0": 0.1111512089498376}, "Heuristic_synonyms": {"0.5": 0.3640588690937258, "1.0": 0.3328819068255688, "0.0": 0.3044337757695566}, "Llama3_not_finetuned": {"0.5": 0.530758226037196, "1.0": 0.847360167276529, "0.0": 0.6591452991452992}, "gold_standard": 0.1111512089498376},