{"wikidb_japans-top-100-waterfalls": {"GPT3_5": {}, "Llama3_not_finetuned": {"1.0_1.0": 0.8202722542008257}, "Llama3_finetuned": {"1.0_1.0": 0.34492236990435343}, "gold_standard": 1.0}, "wikidb_heaphy-sketchbook-no-2": {"GPT3_5": {}, "Llama3_not_finetuned": {"1.0_1.0": 0.7089621429918052}, "Llama3_finetuned": {"1.0_1.0": 1.0}, "gold_standard": 1.0}, "bird_student_club": {"GPT3_5": {}, "Llama3_not_finetuned": {"1.0_1.0": 0.7968267651888342}, "Llama3_finetuned": {"1.0_1.0": 0.9263773532668882}, "gold_standard": 1.0}, "bird_toxicology": {"GPT3_5": {}, "Llama3_not_finetuned": {"1.0_1.0": 0.9517543859649122}, "Llama3_finetuned": {"1.0_1.0": 0.8230994713737878}, "gold_standard": 1.0}, "wikidb_paz-domain-superfamily": {"GPT3_5": {}, "Llama3_not_finetuned": {"1.0_1.0": 0.8881163742445569}, "Llama3_finetuned": {"1.0_1.0": 0.9121669501133786}, "gold_standard": 1.0}, "wikidb_rsga-gtpase-domain-protein-family": {"GPT3_5": {}, "Llama3_not_finetuned": {"1.0_1.0": 1.0}, "Llama3_finetuned": {"1.0_1.0": 0.9623382159187784}, "gold_standard": 1.0}, "spider_chinook_1": {"GPT3_5": {}, "Llama3_not_finetuned": {"1.0_1.0": 0.3754344023983535}, "Llama3_finetuned": {"1.0_1.0": 0.6889872872180536}, "gold_standard": 1.0}, "spider_swimming": {"GPT3_5": {}, "Llama3_not_finetuned": {"1.0_1.0": 0.9962989376352548}, "Llama3_finetuned": {"1.0_1.0": 1.125}, "gold_standard": 1.0}, "spider_company_office": {"GPT3_5": {}, "Llama3_not_finetuned": {"1.0_1.0": 0.9692174145299145}, "Llama3_finetuned": {"1.0_1.0": 1.0}, "gold_standard": 1.0}, "spider_theme_gallery": {"GPT3_5": {}, "Llama3_not_finetuned": {"1.0_1.0": 0.6609206349206349}, "Llama3_finetuned": {"1.0_1.0": 1.0}, "gold_standard": 1.0}, "bird_thrombosis_prediction": {"GPT3_5": {}, "Llama3_not_finetuned": {"1.0_1.0": 0.8263571381981464}, "Llama3_finetuned": {"1.0_1.0": 0.9897148200093501}, "gold_standard": 1.0}, "bird_debit_card_specializing": {"GPT3_5": {}, "Llama3_not_finetuned": {"1.0_1.0": 0.8715768981181051}, "Llama3_finetuned": {"1.0_1.0": 0.8881720430107528}, "gold_standard": 1.0}, "bird_card_games": {"GPT3_5": {}, "Llama3_not_finetuned": {"1.0_1.0": 0.9559998698933125}, "Llama3_finetuned": {"1.0_1.0": 0.8742349927808247}, "gold_standard": 1.0}, "bird_codebase_community": {"GPT3_5": {}, "Llama3_not_finetuned": {"1.0_1.0": 0.5782159230223154}, "Llama3_finetuned": {"1.0_1.0": 0.6318668827203427}, "gold_standard": 1.0}, "bird_formula_1": {"GPT3_5": {}, "Llama3_not_finetuned": {"1.0_1.0": 0.39587739437006214}, "Llama3_finetuned": {"1.0_1.0": 0.6890381457789369}, "gold_standard": 1.0}, "spider_candidate_poll": {"GPT3_5": {}, "Llama3_not_finetuned": {"1.0_1.0": 0.9242424242424243}, "Llama3_finetuned": {"1.0_1.0": 1.0}, "gold_standard": 1.0}, "spider_decoration_competition": {"GPT3_5": {}, "Llama3_not_finetuned": {"1.0_1.0": 1.0}, "Llama3_finetuned": {"1.0_1.0": 1.0}, "gold_standard": 1.0}, "wikidb_peptidase-u32-collagenase-family": {"GPT3_5": {}, "Llama3_not_finetuned": {"1.0_1.0": 0.7935063199462402}, "Llama3_finetuned": {"1.0_1.0": 0.7928565062388592}, "gold_standard": 1.0}, "spider_entrepreneur": {"GPT3_5": {}, "Llama3_not_finetuned": {"1.0_1.0": 1.0}, "Llama3_finetuned": {"1.0_1.0": 1.0}, "gold_standard": 1.0}, "spider_soccer_2": {"GPT3_5": {}, "Llama3_not_finetuned": {"1.0_1.0": 1.0}, "Llama3_finetuned": {"1.0_1.0": 1.0}, "gold_standard": 1.0}, "wikidb_tammerkoski": {"GPT3_5": {}, "Llama3_not_finetuned": {"1.0_1.0": 0.5873626373626374}, "Llama3_finetuned": {"1.0_1.0": 0.5357176899732792}, "gold_standard": 1.0}, "bird_superhero": {"GPT3_5": {}, "Llama3_not_finetuned": {"1.0_1.0": 0.95625}, "Llama3_finetuned": {"1.0_1.0": 0.9233333333333332}, "gold_standard": 1.0}, "wikidb_novelette": {"GPT3_5": {}, "Llama3_not_finetuned": {"1.0_1.0": 0.8404650100781054}, "Llama3_finetuned": {"1.0_1.0": 0.9436868686868687}, "gold_standard": 1.0}, "bird_california_schools": {"GPT3_5": {}, "Llama3_not_finetuned": {"1.0_1.0": 0.9564009459395867}, "Llama3_finetuned": {"1.0_1.0": 0.9189217887121623}, "gold_standard": 1.0}, "wikidb_chemotaxis-methyl-accepting-receptor-tar-related-ligand-binding-domain-protein-family": {"GPT3_5": {}, "Llama3_not_finetuned": {"1.0_1.0": 1.0}, "Llama3_finetuned": {"1.0_1.0": 1.0}, "gold_standard": 1.0}, "wikidb_alpha-defensins": {"GPT3_5": {}, "Llama3_not_finetuned": {"1.0_1.0": 0.8771086937753605}, "Llama3_finetuned": {"1.0_1.0": 1.0}, "gold_standard": 1.0}, "wikidb_burial-vault": {"GPT3_5": {}, "Llama3_not_finetuned": {"1.0_1.0": 0.75}, "Llama3_finetuned": {"1.0_1.0": 0.75}, "gold_standard": 1.0}, "bird_financial": {"GPT3_5": {}, "Llama3_not_finetuned": {"1.0_1.0": 0.7566483613108809}, "Llama3_finetuned": {"1.0_1.0": 1.0}, "gold_standard": 1.0}, "bird_european_football_2": {"GPT3_5": {}, "Llama3_not_finetuned": {"1.0_1.0": 0.9571428571428572}, "Llama3_finetuned": {"1.0_1.0": 0.7123808912218169}, "gold_standard": 1.0}, "spider_workshop_paper": {"GPT3_5": {}, "Llama3_not_finetuned": {"1.0_1.0": 0.8026862026862028}, "Llama3_finetuned": {"1.0_1.0": 1.111111111111111}, "gold_standard": 1.0}}