{"bird_debit_card_specializing": {"Llama3_finetuned": {"1.0_0.5": 0.453125, "1.0_1.0": 0.7071129707112971, "0.5_1.0": 0.4939759036144578, "0.5_0.5": 0.30578512396694213}, "GPT3_5": {"1.0_1.0": 0.8716773602199817, "0.5_0.5": 0.8185745140388769}, "GPT4o": {"1.0_1.0": 0.5064629847238543, "0.5_0.5": 0.27461139896373055}, "Llama3_finetuned_dc": {"1.0_0.5": 0.4827586206896552, "1.0_1.0": 0.5512820512820513, "0.5_1.0": 0.48084054388133496, "0.5_0.5": 0.3877551020408163}, "Llama3_not_finetuned": {"1.0_0.5": 0.7321428571428571, "1.0_1.0": 0.8020735155513666, "0.5_1.0": 0.5216400911161732, "0.5_0.5": 0.5825049701789264}, "GPT4o_mini": {"1.0_1.0": 0.7150610583446404, "0.5_0.5": 0.7489539748953975}, "gold_standard": 0.0}, "bird_toxicology": {"Llama3_finetuned": {"1.0_0.5": 0.3707093821510298, "1.0_1.0": 0.30025445292620867, "0.5_1.0": 0.14330218068535824, "0.5_0.5": 0.46705426356589147}, "GPT3_5": {}, "GPT4o": {"1.0_1.0": 0.40476190476190477, "0.5_0.5": 0.4981751824817518}, "Llama3_finetuned_dc": {"1.0_0.5": 0.4701348747591522, "1.0_1.0": 0.2930591259640103, "0.5_1.0": 0.3707093821510298, "0.5_0.5": 0.4410569105691057}, "Llama3_not_finetuned": {"1.0_0.5": 0.6783625730994152, "1.0_1.0": 0.3193069306930693, "0.5_1.0": 0.3055555555555556, "0.5_0.5": 0.6802325581395349}, "GPT4o_mini": {}, "gold_standard": 0.0}, "bird_card_games": {"Llama3_finetuned": {"1.0_0.5": 0.8751982553528945, "1.0_1.0": 0.8393517927778487, "0.5_1.0": 0.7923812664907651, "0.5_0.5": 0.8322228144989339}, "GPT3_5": {}, "GPT4o": {}, "Llama3_finetuned_dc": {"1.0_0.5": 0.8596276061991304, "1.0_1.0": 0.8646818572656921, "0.5_1.0": 0.8291491382819921, "0.5_0.5": 0.858951377996863}, "Llama3_not_finetuned": {"1.0_0.5": 0.933209549071618, "1.0_1.0": 0.9107471997731462, "0.5_1.0": 0.876338277182988, "0.5_0.5": 0.8563277416409906}, "GPT4o_mini": {}, "gold_standard": 0.24429771908763506}, "wikidb_japans-top-100-waterfalls": {"Llama3_finetuned": {"1.0_0.5": 0.9197113780447114, "1.0_1.0": 0.8541975674873925, "0.5_1.0": 0.698026617714548, "0.5_0.5": 0.7036036036036036}, "GPT3_5": {}, "GPT4o": {}, "Llama3_finetuned_dc": {"1.0_0.5": 0.7631105244209768, "1.0_1.0": 0.8846490971775843, "0.5_1.0": 0.5744772580297478, "0.5_0.5": 0.7378137866914597}, "Llama3_not_finetuned": {"1.0_0.5": 0.77360663288807, "1.0_1.0": 0.7278338945005611, "0.5_1.0": 0.7378486055776893, "0.5_0.5": 0.831027073485174}, "GPT4o_mini": {}, "gold_standard": 0.07410881801125703}, "spider_company_office": {"Llama3_finetuned": {"1.0_0.5": 0.32169576059850374, "1.0_1.0": 0.5009174311926605, "0.5_1.0": 0.31139240506329113, "0.5_0.5": 0.18562874251497005}, "GPT3_5": {"1.0_1.0": 0.8298936835522202, "0.5_0.5": 0.7605633802816901}, "GPT4o": {"1.0_1.0": 0.5236427320490368, "0.5_0.5": 0.35697399527186763}, "Llama3_finetuned_dc": {"1.0_0.5": 0.39555555555555555, "1.0_1.0": 0.5107913669064749, "0.5_1.0": 0.18562874251497005, "0.5_0.5": 0.2879581151832461}, "Llama3_not_finetuned": {"1.0_0.5": 0.6314363143631436, "1.0_1.0": 0.6595744680851063, "0.5_1.0": 0.42616033755274263, "0.5_0.5": 0.4635108481262327}, "GPT4o_mini": {"1.0_1.0": 0.5116696588868941, "0.5_0.5": 0.4403292181069959}, "gold_standard": 0.0}, "wikidb_rsga-gtpase-domain-protein-family": {"Llama3_finetuned": {"1.0_0.5": 0.7689225289403384, "1.0_1.0": 0.5694732476150974, "0.5_1.0": 0.6360448807854138, "0.5_0.5": 0.5541237113402062}, "GPT3_5": {}, "GPT4o": {"1.0_1.0": 0.23900293255131966, "0.5_0.5": 0.44163528778913397}, "Llama3_finetuned_dc": {"1.0_0.5": 0.4271523178807947, "1.0_1.0": 0.3560794044665012, "0.5_1.0": 0.5645973154362416, "0.5_0.5": 0.3504380475594493}, "Llama3_not_finetuned": {"1.0_0.5": 0.7422398808045692, "1.0_1.0": 0.7398496240601504, "0.5_1.0": 0.5880952380952381, "0.5_0.5": 0.7194594594594594}, "GPT4o_mini": {}, "gold_standard": 0.017045454545454544}, "spider_workshop_paper": {"Llama3_finetuned": {"1.0_0.5": 0.5638297872340425, "1.0_1.0": 0.2545454545454545, "0.5_1.0": 0.14583333333333334, "0.5_0.5": 0.14583333333333334}, "GPT3_5": {}, "GPT4o": {"1.0_1.0": 0.52046783625731, "0.5_0.5": 0.3387096774193548}, "Llama3_finetuned_dc": {"1.0_0.5": 0.3333333333333333, "1.0_1.0": 0.3492063492063492, "0.5_1.0": 0.4305555555555556, "0.5_0.5": 0.06818181818181818}, "Llama3_not_finetuned": {"1.0_0.5": 0.41843971631205673, "1.0_1.0": 0.52046783625731, "0.5_1.0": 0.4533333333333333, "0.5_0.5": 0.4810126582278481}, "GPT4o_mini": {}, "gold_standard": 0.0}, "spider_chinook_1": {"Llama3_finetuned": {"1.0_0.5": 0.4401294498381877, "1.0_1.0": 0.5756336876533116, "0.5_1.0": 0.3791866028708134, "0.5_0.5": 0.40888382687927105}, "GPT3_5": {}, "GPT4o": {"1.0_1.0": 0.4507936507936508, "0.5_0.5": 0.29864864864864865}, "Llama3_finetuned_dc": {"1.0_0.5": 0.4985507246376812, "1.0_1.0": 0.6948853615520282, "0.5_1.0": 0.4502118644067797, "0.5_0.5": 0.41816143497757846}, "Llama3_not_finetuned": {"1.0_0.5": 0.7182410423452769, "1.0_1.0": 0.6413268832066344, "0.5_1.0": 0.7667415730337078, "0.5_0.5": 0.6219956300072833}, "GPT4o_mini": {}, "gold_standard": 0.06148282097649186}, "bird_california_schools": {"Llama3_finetuned": {"1.0_0.5": 0.8949267192784668, "1.0_1.0": 0.7764130121869303, "0.5_1.0": 0.6822582844674758, "0.5_0.5": 0.8112596192790603}, "GPT3_5": {}, "GPT4o": {}, "Llama3_finetuned_dc": {"1.0_0.5": 0.829400818756978, "1.0_1.0": 0.7104510997887411, "0.5_1.0": 0.5050977060322854, "0.5_0.5": 0.6029988072925541}, "Llama3_not_finetuned": {"1.0_0.5": 0.894460298047742, "1.0_1.0": 0.8519789085826822, "0.5_1.0": 0.7829327370970747, "0.5_0.5": 0.8665138928673732}, "GPT4o_mini": {}, "gold_standard": 0.20667347633639768}, "wikidb_paz-domain-superfamily": {"Llama3_finetuned": {"1.0_0.5": 0.6029622551361682, "1.0_1.0": 0.49049662783568365, "0.5_1.0": 0.488929889298893, "0.5_0.5": 0.680630284396618}, "GPT3_5": {}, "GPT4o": {"1.0_1.0": 0.3487460815047022, "0.5_0.5": 0.4047277936962751}, "Llama3_finetuned_dc": {"1.0_0.5": 0.6327883340698188, "1.0_1.0": 0.6083883129123469, "0.5_1.0": 0.6215846994535519, "0.5_0.5": 0.5398671096345515}, "Llama3_not_finetuned": {"1.0_0.5": 0.7592002318168647, "1.0_1.0": 0.9144093109486043, "0.5_1.0": 0.656469615543613, "0.5_0.5": 0.6326259946949602}, "GPT4o_mini": {}, "gold_standard": 0.05782312925170068}, "wikidb_peptidase-u32-collagenase-family": {"Llama3_finetuned": {"1.0_0.5": 0.7969964664310955, "1.0_1.0": 0.8113610244623215, "0.5_1.0": 0.5961335676625659, "0.5_0.5": 0.7595731324544884}, "GPT3_5": {}, "GPT4o": {"1.0_1.0": 0.3748639825897715, "0.5_0.5": 0.4580188679245283}, "Llama3_finetuned_dc": {"1.0_0.5": 0.5556844547563805, "1.0_1.0": 0.7706736587333602, "0.5_1.0": 0.5096030729833547, "0.5_0.5": 0.4989097252507632}, "Llama3_not_finetuned": {"1.0_0.5": 0.8886843634954467, "1.0_1.0": 0.8989357023484915, "0.5_1.0": 0.7998955067920586, "0.5_0.5": 0.839120694483338}, "GPT4o_mini": {}, "gold_standard": 0.0425}, "wikidb_alpha-defensins": {"Llama3_finetuned": {"1.0_0.5": 0.4196642685851319, "1.0_1.0": 0.3631578947368421, "0.5_1.0": 0.0546875, "0.5_0.5": 0.4634146341463415}, "GPT3_5": {"1.0_1.0": 0.7873462214411248, "0.5_0.5": 0.7507723995880535}, "GPT4o": {"1.0_1.0": 0.2484472049689441, "0.5_0.5": 0.14487632508833923}, "Llama3_finetuned_dc": {"1.0_0.5": 0.5709219858156028, "1.0_1.0": 0.23659305993690852, "0.5_1.0": 0.4423963133640553, "0.5_0.5": 0.2732732732732733}, "Llama3_not_finetuned": {"1.0_0.5": 0.5919055649241147, "1.0_1.0": 0.5526802218114603, "0.5_1.0": 0.45372460496614, "0.5_0.5": 0.5130784708249497}, "GPT4o_mini": {"1.0_1.0": 0.17966101694915254, "0.5_0.5": 0.5813148788927336}, "gold_standard": 0.020242914979757085}, "wikidb_heaphy-sketchbook-no-2": {"Llama3_finetuned": {"1.0_0.5": 0.5345982142857143, "1.0_1.0": 0.4175977653631285, "0.5_1.0": 0.147239263803681, "0.5_0.5": 0.2760416666666667}, "GPT3_5": {"1.0_1.0": 0.8438202247191011, "0.5_0.5": 0.8116531165311653}, "GPT4o": {"1.0_1.0": 0.21468926553672316, "0.5_0.5": 0.22201492537313433}, "Llama3_finetuned_dc": {"1.0_0.5": 0.1419753086419753, "1.0_1.0": 0.1419753086419753, "0.5_1.0": 0.16432865731462926,