{"wikidb_japans-top-100-waterfalls": {"GPT3_5": {}, "Llama3_not_finetuned": {"1.0_1.0": 0.26284448903294405}, "Llama3_finetuned": {"1.0_1.0": 0.19708561862973628}, "gold_standard": 1.0}, "wikidb_heaphy-sketchbook-no-2": {"GPT3_5": {}, "Llama3_not_finetuned": {"1.0_1.0": 0.8918128654970761}, "Llama3_finetuned": {"1.0_1.0": 0.2619047619047619}, "gold_standard": 1.0}, "bird_student_club": {"GPT3_5": {}, "Llama3_not_finetuned": {"1.0_1.0": 0.655319582378406}, "Llama3_finetuned": {"1.0_1.0": 0.4304142709715465}, "gold_standard": 1.0}, "bird_toxicology": {"GPT3_5": {}, "Llama3_not_finetuned": {"1.0_1.0": NaN}, "Llama3_finetuned": {"1.0_1.0": NaN}, "gold_standard": NaN}, "wikidb_paz-domain-superfamily": {"GPT3_5": {}, "Llama3_not_finetuned": {"1.0_1.0": NaN}, "Llama3_finetuned": {"1.0_1.0": NaN}, "gold_standard": NaN}, "wikidb_rsga-gtpase-domain-protein-family": {"GPT3_5": {}, "Llama3_not_finetuned": {"1.0_1.0": NaN}, "Llama3_finetuned": {"1.0_1.0": NaN}, "gold_standard": NaN}, "spider_chinook_1": {"GPT3_5": {}, "Llama3_not_finetuned": {"1.0_1.0": 0.26797368872663335}, "Llama3_finetuned": {"1.0_1.0": 0.35478981905063356}, "gold_standard": 1.0}, "spider_swimming": {"GPT3_5": {}, "Llama3_not_finetuned": {"1.0_1.0": 0.45169239458017774}, "Llama3_finetuned": {"1.0_1.0": 0.3979050686297063}, "gold_standard": 1.0}, "spider_company_office": {"GPT3_5": {}, "Llama3_not_finetuned": {"1.0_1.0": 0.6497402439306722}, "Llama3_finetuned": {"1.0_1.0": 0.3694818010607484}, "gold_standard": 1.0}, "spider_theme_gallery": {"GPT3_5": {}, "Llama3_not_finetuned": {"1.0_1.0": 0.5570229997299806}, "Llama3_finetuned": {"1.0_1.0": 0.41725014116318465}, "gold_standard": 1.0}, "bird_thrombosis_prediction": {"GPT3_5": {}, "Llama3_not_finetuned": {"1.0_1.0": 0.3948305306682813}, "Llama3_finetuned": {"1.0_1.0": 0.3271977786500924}, "gold_standard": 1.0}, "bird_debit_card_specializing": {"GPT3_5": {}, "Llama3_not_finetuned": {"1.0_1.0": 0.4136264670727835}, "Llama3_finetuned": {"1.0_1.0": 0.40933836866283446}, "gold_standard": 1.0}, "bird_card_games": {"GPT3_5": {}, "Llama3_not_finetuned": {"1.0_1.0": 0.32439201943403617}, "Llama3_finetuned": {"1.0_1.0": 0.33506741820870867}, "gold_standard": 1.0}, "bird_codebase_community": {"GPT3_5": {}, "Llama3_not_finetuned": {"1.0_1.0": 0.3486788453269528}, "Llama3_finetuned": {"1.0_1.0": 0.3277280755369884}, "gold_standard": 1.0}, "bird_formula_1": {"GPT3_5": {}, "Llama3_not_finetuned": {"1.0_1.0": 0.33598114802524237}, "Llama3_finetuned": {"1.0_1.0": 0.3940024303378778}, "gold_standard": 1.0}, "spider_candidate_poll": {"GPT3_5": {}, "Llama3_not_finetuned": {"1.0_1.0": 0.7282407407407407}, "Llama3_finetuned": {"1.0_1.0": 0.40155677655677646}, "gold_standard": 1.0}, "spider_decoration_competition": {"GPT3_5": {}, "Llama3_not_finetuned": {"1.0_1.0": 0.45703062369729036}, "Llama3_finetuned": {"1.0_1.0": 0.4689456484348125}, "gold_standard": 1.0}, "wikidb_peptidase-u32-collagenase-family": {"GPT3_5": {}, "Llama3_not_finetuned": {"1.0_1.0": NaN}, "Llama3_finetuned": {"1.0_1.0": NaN}, "gold_standard": NaN}, "spider_entrepreneur": {"GPT3_5": {}, "Llama3_not_finetuned": {"1.0_1.0": 0.6544973544973546}, "Llama3_finetuned": {"1.0_1.0": 0.6732387982387982}, "gold_standard": 1.0}, "spider_soccer_2": {"GPT3_5": {}, "Llama3_not_finetuned": {"1.0_1.0": 0.40740740740740744}, "Llama3_finetuned": {"1.0_1.0": 0.3859788359788359}, "gold_standard": 1.0}, "wikidb_tammerkoski": {"GPT3_5": {}, "Llama3_not_finetuned": {"1.0_1.0": NaN}, "Llama3_finetuned": {"1.0_1.0": NaN}, "gold_standard": NaN}, "bird_superhero": {"GPT3_5": {}, "Llama3_not_finetuned": {"1.0_1.0": 0.3266710173606725}, "Llama3_finetuned": {"1.0_1.0": 0.33700777673889803}, "gold_standard": 1.0}, "wikidb_novelette": {"GPT3_5": {}, "Llama3_not_finetuned": {"1.0_1.0": 0.36560131655783834}, "Llama3_finetuned": {"1.0_1.0": 0.25847619047619047}, "gold_standard": 1.0}, "bird_california_schools": {"GPT3_5": {}, "Llama3_not_finetuned": {"1.0_1.0": 0.3767366311241785}, "Llama3_finetuned": {"1.0_1.0": 0.4712532029265691}, "gold_standard": 1.0}, "wikidb_chemotaxis-methyl-accepting-receptor-tar-related-ligand-binding-domain-protein-family": {"GPT3_5": {}, "Llama3_not_finetuned": {"1.0_1.0": NaN}, "Llama3_finetuned": {"1.0_1.0": NaN}, "gold_standard": NaN}, "wikidb_alpha-defensins": {"GPT3_5": {}, "Llama3_not_finetuned": {"1.0_1.0": NaN}, "Llama3_finetuned": {"1.0_1.0": NaN}, "gold_standard": NaN}, "wikidb_burial-vault": {"GPT3_5": {}, "Llama3_not_finetuned": {"1.0_1.0": 0.10997067448680352}, "Llama3_finetuned": {"1.0_1.0": 0.039999999999999994}, "gold_standard": 1.0}, "bird_financial": {"GPT3_5": {}, "Llama3_not_finetuned": {"1.0_1.0": 0.29784031234259395}, "Llama3_finetuned": {"1.0_1.0": 0.2898877315740159}, "gold_standard": 1.0}, "bird_european_football_2": {"GPT3_5": {}, "Llama3_not_finetuned": {"1.0_1.0": 0.23396505016107108}, "Llama3_finetuned": {"1.0_1.0": 0.24284553681356053}, "gold_standard": 1.0}, "spider_workshop_paper": {"GPT3_5": {}, "Llama3_not_finetuned": {"1.0_1.0": 0.5706906154274575}, "Llama3_finetuned": {"1.0_1.0": 0.6945646945646945}, "gold_standard": 1.0}}