{"1.0": 0.6657435229615586, "0.5": 0.4926275804120801, "0.0": 0.9083402084514746}