{"0.5": {"0.1": 0.6728329016330911, "0.3": 0.6796114257458595, "0.7": 0.6901634514306503, "0.9": 0.6204100654958856, "1.0": 0.6442796442302451}, "1.0": {"0.1": 0.7051390870540866, "0.3": 0.7864180868083458, "0.7": 0.823116650696701, "0.9": 0.7740205881599488, "1.0": 0.7790903350522929}, "0.0": {"0.1": 0.9417735042735043, "0.3": 0.9232967772967773, "0.7": 0.9683127769218354, "0.9": 0.9742196982393061, "1.0": 0.9764138596901324}}