{"1.0": 0.9026477265483396, "0.5": 0.9350202513899492, "0.0": 0.8714735509733766}