{"0.5": 1.5101595626595627, "1.0": 1.1040409590409588, "0.0": 0.8916439116439118}