{"1.0": 0.6898360052222737, "0.5": 0.6350286751798639, "0.0": 0.793219058738588}