{"1.0": 0.7334045148681204, "0.5": 0.6033206662739697, "0.0": 0.8884799220789824}