{"1.0": 0.667459033031994, "0.5": 0.49700854914532433, "0.0": 0.8959008273667852}