{"1.0": 0.6498172057990765, "0.5": 0.5161363021752818, "0.0": 0.823974471976144}