{"1.0": 0.7301622960340396, "0.5": 0.602543165748704, "0.0": 0.8794044467464844}