{"0.5": 0.5537244252652337, "1.0": 0.43589734566245475, "0.0": 0.1479498580832562}