{"0.5": 0.6527991980957282, "1.0": 0.7935106694314668, "0.0": 0.963587422212368}