{"1.0": 0.7806786010634934, "0.5": 0.7868925624371893, "0.0": 0.890761571488841}