{"1.0": 0.9044855009453713, "0.5": 0.767499350380252, "0.0": 0.8937239566184859}