{"1.0": 0.9053852940102038, "0.5": 0.7738819909126217, "0.0": 0.9066983871138861}