{"0.5": 61.833333333333336, "1.0": 35.43333333333333, "0.0": 52.56666666666667}