{"0.5": 0.22713124363428266, "1.0": 0.36668859076731375, "0.0": 0.14630632226417853}