{"0.5": 0.8340579987441535, "1.0": 0.8066872645491275, "0.0": 0.9647163930815706}