{"1.0": 0.7495802217399653, "0.5": 0.766320107868861, "0.0": 0.8813513299816197}