{"1.0": 0.5125660666526345, "0.5": 0.7710753172634593, "0.0": 0.7959699090787241}