{"1.0": 0.6961321213497599, "0.5": 0.8595278649701082, "0.0": 0.8742922128919051}