{"0.5": 1.070929625929626, "1.0": 0.5614252414252413, "0.0": 0.8958105783105784}