{"0.5": {"0.1": 0.8277214316900849, "0.3": 0.8200948625329871, "0.7": 0.8733776952174386, "0.9": 0.8105223499289568, "1.0": 0.8276936131649455}, "1.0": {"0.1": 0.8837301587301587, "0.3": 0.8029380214452648, "0.7": 0.8355574951393463, "0.9": 0.8332055161405222, "1.0": 0.7811755294816296}, "0.0": {"0.1": 0.9417735042735043, "0.3": 0.9254540644540644, "0.7": 0.9745276204336685, "0.9": 0.9712735702931781, "1.0": 0.9719910656883745}}