{"1.0": 0.6035877570238058, "0.5": 0.7029636730444954, "0.0": 0.8260430660804524}