{"1.0_1.0": {"0.1": 0.4555400538159159, "0.3": 0.5304141771740067, "0.7": 0.5281860792256342, "0.9": 0.9173970165595953, "1.0": 0.6683040986835485}, "0.5_0.5": {"0.1": 0.49084525405603835, "0.3": 0.6612084119358314, "0.7": 0.7460043043416441, "0.9": 0.6816017120926987, "1.0": 0.5712753503397074}}