{"1.0_1.0": 0.6112793935323619, "0.5_0.5": 0.6708892875758923}