{"1.0_1.0": 1.8314814814814815, "0.5_0.5": 2.435185185185185}