{"1.0_1.0": 0.4406731588530379, "0.5_0.5": 0.47370085585640964}