{"1.0_1.0": 44.333333333333336, "0.5_0.5": 76.33333333333333}