{
    "evaluation_data_columns_deleted": {
        "wrong_number_of_columns": 0.4977843426883309,
        "same_prediction_for_multiple_columns": 0.2998522895125554,
        "column_in_database": {
            "existing_column_with_correct_name": 0.47842401500938087,
            "existing_column_with_wrong_name": 0.28205128205128205,
            "new_column_with_correct_name": 0.0,
            "new_column_with_wrong_name": 0.2395247029393371
        },
        "column_not_in_database": {
            "existing_column_with_correct_name": 0.0,
            "existing_column_with_wrong_name": 0.3390804597701149,
            "new_column_with_correct_name": 0.1839080459770115,
            "new_column_with_wrong_name": 0.47701149425287354
        },
        "different_name_in_database": {
            "existing_column_with_correct_name": 0.47842401500938087,
            "existing_column_with_wrong_name": 0.28205128205128205,
            "new_column_with_correct_name": 0.0,
            "new_column_with_wrong_name": 0.2395247029393371
        }
    },
    "evaluation_data": {
        "wrong_number_of_columns": 0.2631578947368421,
        "same_prediction_for_multiple_columns": 0.12134502923976608,
        "column_in_database": {
            "existing_column_with_correct_name": 0.9445771619684663,
            "existing_column_with_wrong_name": 0.036311514572384136,
            "new_column_with_correct_name": 0.0,
            "new_column_with_wrong_name": 0.019111323459149548
        },
        "column_not_in_database": {
            "existing_column_with_correct_name": 0.0,
            "existing_column_with_wrong_name": 0.06930693069306931,
            "new_column_with_correct_name": 0.9183168316831684,
            "new_column_with_wrong_name": 0.012376237623762377
        },
        "different_name_in_database": {
            "existing_column_with_correct_name": 0.34757281553398056,
            "existing_column_with_wrong_name": 0.06407766990291262,
            "new_column_with_correct_name": 0.0,
            "new_column_with_wrong_name": 0.5883495145631068
        }
    }
}