{"0.5": 0.7075850394283415, "1.0": 0.6692022407372753, "0.0": 0.8484018035653802}