{"0.5": 0.665600962413856, "1.0": 0.788190206621382, "0.0": 0.8894261817581407}