{"0.5": 0.7355422538518683, "1.0": 0.513333052015055, "0.0": 0.8709850515681475}