{"1.0_0.5": 0.3534733214806312, "1.0_1.0": 0.29534058846969324, "0.5_1.0": 0.5463860440146276, "0.5_0.5": 0.5769692711079265}