{
    "table_not_in_database": {
        "existing_table_with_correct_name": 0.0,
        "existing_table_with_wrong_name": 0.34676258992805753,
        "new_table_with_correct_name": 0.5510791366906475,
        "new_table_with_wrong_name": 0.10215827338129496
    },
    "different_name_in_database": {
        "existing_table_with_correct_name": 0.7787610619469026,
        "existing_table_with_wrong_name": 0.017699115044247787,
        "new_table_with_correct_name": 0.0,
        "new_table_with_wrong_name": 0.20353982300884957
    },
    "table_in_database": {
        "existing_table_with_correct_name": 0.874820143884892,
        "existing_table_with_wrong_name": 0.05755395683453238,
        "new_table_with_correct_name": 0.0,
        "new_table_with_wrong_name": 0.06762589928057554
    }
}