{"1.0": 0.7264703063656243, "0.5": 0.5792460090435277, "0.0": 0.8946550549677591}