{"1.0": 0.7224157849440244, "0.5": 0.585981184604271, "0.0": 0.8868880533069892}