{"1.0": 0.6451419676011072, "0.5": 0.465508913743671, "0.0": 0.8960716750376329}