{"0.5": 1.639380341880342, "1.0": 1.154094239094239, "0.0": 0.9194216894216894}