{"1.0": 0.6433336657271208, "0.5": 0.4616665124525516, "0.0": 0.9085816925565949}