{"0.5": 0.6322758402218841, "1.0": 0.7838470959370086, "0.0": 0.9710710287728728}