{"1.0": 0.6384465054075059, "0.5": 0.5045830225197441, "0.0": 0.842799609801282}