{"0.5": 160.23333333333332, "1.0": 100.33333333333333, "0.0": 52.63333333333333}