{"0.5": 0.5627738470171798, "1.0": 0.4512699211435708, "0.0": 0.12395395085431314}