{"0.5": {"0.1": 0.624047870005459, "0.3": 0.6562030415165787, "0.7": 0.6454194285668022, "0.9": 0.6457141047839797, "1.0": 0.6117529852922668}, "1.0": {"0.1": 0.7315840563730549, "0.3": 0.7816199818491736, "0.7": 0.8058406108335973, "0.9": 0.7829961822520034, "1.0": 0.7733850348760337}, "0.0": {"0.1": 0.9417735042735043, "0.3": 0.9238354978354978, "0.7": 0.9771483618256802, "0.9": 0.9808641975308642, "1.0": 0.9851156737490891}}