{"1.0": 0.6932070436372416, "0.5": 0.6478957886406335, "0.0": 0.8210783984729277}