{"1.0": 0.9251227114356627, "0.5": 0.9536135035083017, "0.0": 0.8820205091618898}