{"0.5": 0.20266031171436452, "1.0": 0.3184739807236448, "0.0": 0.12158645018172771}