{"1.0": 0.7766754339702878, "0.5": 0.7823462799386969, "0.0": 0.8901487049360618}