{"0.5": 1.1309296259296258, "1.0": 0.6299164724164724, "0.0": 0.9235883560883561}