{"0.5": {"0.1": 0.835389811011253, "0.3": 0.8626237590954972, "0.7": 0.8809394012448886, "0.9": 0.849263200542982, "1.0": 0.836651850624256}, "1.0": {"0.1": 0.9395833333333333, "0.3": 0.8044652121195145, "0.7": 0.8677425704614873, "0.9": 0.8743727413626282, "1.0": 0.8279716862537062}, "0.0": {"0.1": 0.9417735042735043, "0.3": 0.9353506493506494, "0.7": 0.9820798635122273, "0.9": 0.9808641975308642, "1.0": 0.9851156737490891}}