{"1.0": 0.9080673680372207, "0.5": 0.7775209826463788, "0.0": 0.9085816925565949}