{"0.5": 0.8506660828331706, "1.0": 0.8442191222979146, "0.0": 0.9743316804019455}