{"1.0": 0.6466606832308124, "0.5": 0.7283434649702113, "0.0": 0.8459543717060439}