{"1.0": 0.7337071627217707, "0.5": 0.8804510818446789, "0.0": 0.8858636899972582}