{"1.0": 0.9007118187625981, "0.5": 0.768211398253014, "0.0": 0.8954764369423949}