{"1.0": 0.8024881272594355, "0.5": 0.7969005905522939, "0.0": 0.8976975719745617}