{"1.0": 0.568790158659189, "0.5": 0.8067412487561569, "0.0": 0.8246498270443563}