{"0.5": 0.5800738637686077, "1.0": 0.6017718662940527, "0.0": 0.7402166716234879}