{"1.0": 0.5818931159511834, "0.5": 0.5284587639050149, "0.0": 0.6643607949643223}