{"1.0": 0.5867115176443158, "0.5": 0.5354581919364853, "0.0": 0.6683613669126324}