{"0.5": {"0.1": 0.4220668919692895, "0.3": 0.551884341893696, "0.7": 0.6313062620235879, "0.9": 0.6448752013578906, "1.0": 0.5609304272272991}, "1.0": {"0.1": 0.5217463603600125, "0.3": 0.5940410778498055, "0.7": 0.6540788350691629, "0.9": 0.631409921858356, "1.0": 0.585715017294796}, "0.0": {"0.1": 0.7712129550422009, "0.3": 0.7954639941155967, "0.7": 0.7804176079482085, "0.9": 0.7599385624349972, "1.0": 0.6950011251137009}}