{"1.0": 0.5658516756705805, "0.5": 0.5448239063359781, "0.0": 0.6953032833318359}