{"0.5": 1.880579975579976, "1.0": 2.095564713064713, "0.0": 1.839563492063492}