{"0.5": 0.6470539943649396, "1.0": 0.5244655240704352, "0.0": 0.5703931454373335}