{"1.0": 0.8621077048431646, "0.5": 0.8872077692316577, "0.0": 0.9253668630052307}