{"1.0": 0.4976373706908185, "0.5": 0.4538461414359291, "0.0": 0.6025353112117748}