{"1.0": 0.7079540889048527, "0.5": 0.6623195396099318, "0.0": 0.7420789426130945}