{"1.0": 0.5880559774800721, "0.5": 0.5790323881885927, "0.0": 0.6975526357755868}