{"1.0_1.0": 0.47728169329328113, "1.0_0.0": 0.67856745204604, "0.0_0.0": 0.7233976139886799, "0.0_1.0": 0.6112346961704781}