{"0.5": 386.03333333333336, "1.0": 273.5, "0.0": 210.96666666666667}