{"1.0": 0.7551725070445271, "0.5": 0.8578685706413887, "0.0": 0.7661920995831792}