{"1.0": 0.4553352754193648, "0.5": 0.39679393625195813, "0.0": 0.5390352413396731}