{"1.0": 0.9556254373236859, "0.5": 0.9782186763220931, "0.0": 0.9240713365131744}