{"1.0": 0.49422367804046724, "0.5": 0.3940825552476005, "0.0": 0.6633013485382021}