{"0.5": 0.5197760675077723, "1.0": 0.6058783087679463, "0.0": 0.720585311487954}