{"0.5": 4.0790057165057165, "1.0": 2.3713733488733486, "0.0": 1.8125197025197024}