{"1.0": 0.5775989183147955, "0.5": 0.497696252405927, "0.0": 0.6930681477860653}