{"1.0": 0.5698042977896821, "0.5": 0.4886860538093669, "0.0": 0.6693958033418745}