{"0.5": {"0.1": 0.4520407878251016, "0.3": 0.5210792659647286, "0.7": 0.5487738604377242, "0.9": 0.5495402132674166, "1.0": 0.4866332203625464}, "1.0": {"0.1": 0.5288340316190272, "0.3": 0.581445649181356, "0.7": 0.6428152478508168, "0.9": 0.648053273650051, "1.0": 0.5708151237744292}, "0.0": {"0.1": 0.7458338846820526, "0.3": 0.692285400955307, "0.7": 0.7702730109901007, "0.9": 0.7491311224112934, "1.0": 0.6995772279346475}}