{"1.0": 0.49502414328034783, "0.5": 0.3933475825887576, "0.0": 0.6662170496521183}