{"0.5": 0.6209824747529495, "1.0": 0.663493697721103, "0.0": 0.6165900100441131}