{"0.5": 0.6217950122332698, "1.0": 0.6989523035292409, "0.0": 0.578439309918273}