{"1.0_0.5": 2.1723565323565324, "1.0_1.0": 2.0959213009213005, "0.5_1.0": 2.10268759018759, "0.5_0.5": 2.5257622932622934}