{"0.5": {"0.1": 0.5725670571258806, "0.3": 0.6709232557523013, "0.7": 0.7096459531426321, "0.9": 0.6092890098694217, "1.0": 0.6537560767985893}, "1.0": {"0.1": 0.6138907336035647, "0.3": 0.6643713100232136, "0.7": 0.6804947908403506, "0.9": 0.6261460616699663, "1.0": 0.6124265401066811}, "0.0": {"0.1": 0.7191094314831014, "0.3": 0.7383194195778515, "0.7": 0.7801807728738536, "0.9": 0.710301096590014, "1.0": 0.714933014115403}}