{"1.0": 0.599789584966931, "0.5": 0.6069445954513231, "0.0": 0.6844959028957545}