{"1.0": 0.8802056814263299, "0.5": 0.9367301372561571, "0.0": 0.9457578167175208}