{"1.0": 0.6441910479910453, "0.5": 0.5975832663615415, "0.0": 0.659319886264474}