{"0.5": 2.432268564768565, "1.0": 1.907830502830503, "0.0": 1.7458225108225107}