{"1.0": 0.6125702022104604, "0.5": 0.7731030441827456, "0.0": 0.8004640088703616}