{"1.0_0.5": {"0.1": 0.44707795886524404, "0.3": 0.4555929166958936, "0.7": 0.5389435966641883, "0.9": 0.5457539960578272, "1.0": 0.5473594656348829}, "1.0_1.0": {"0.1": 0.35305264051690494, "0.3": 0.44030462664016473, "0.7": 0.474650370155985, "0.9": 0.5374709816691182, "1.0": 0.48711744102227866}, "0.5_1.0": {"0.1": 0.3702180841864525, "0.3": 0.4897618351502422, "0.7": 0.5521238874496919, "0.9": 0.5586330307072792, "1.0": 0.5342214393241673}, "0.5_0.5": {"0.1": 0.5234903755078589, "0.3": 0.5162235496302515, "0.7": 0.5842350950742909, "0.9": 0.588938661811394, "1.0": 0.5381127098246028}}