{"1.0_0.5": 0.529397511483232, "1.0_1.0": 0.4818528371514189, "0.5_1.0": 0.5328771582991435, "0.5_0.5": 0.5575866056172677}