{"1.0_0.5": 0.6982741234018207, "1.0_1.0": 0.6438835027175032, "0.5_1.0": 0.5763257299119601, "0.5_0.5": 0.6297004177246812}