{"1.0": 0.393982793392997, "0.5": 0.465688871646056, "0.0": 0.573308621116904}