{"0.5": 254.9, "1.0": 240.33333333333334, "0.0": 217.66666666666666}