{"0.5": 0.6519269236211505, "1.0": 0.6416234346581289, "0.0": 0.731922392166689}