{"1.0": 0.6399522573600962, "0.5": 0.5957149212901368, "0.0": 0.66094985342894}