{"1.0": 0.6135306252537114, "0.5": 0.6172925646295407, "0.0": 0.691575320263961}